source,community,commentId,postId,author,content,contentTrans,time,link,tag,sentimentPolarity,sentimentCat,sentimentIntensity,basis,board
Tantaly情感分析,Tantaly,p135cd8,,j4nsafun19,Camila or Marisol? 🤷♂️ The brown nipples are giving me a Latina vibe.,卡米拉还是玛丽索尔？🤷♂️ 棕色乳头给我一种拉丁裔的感觉。,,,,积极,愉悦享受,中,表达对拉丁裔肤色的性审美偏好,sentiment
Tantaly情感分析,Tantaly,p18begk,,ZackShakeDown,Make this in ebony or wheat you got my money,出个乌木色或小麦色的，钱就是你的了。,,,,积极,期待渴望,中,想要深肤色配色并承诺购买,sentiment
Tantaly情感分析,Tantaly,p19dq2y,,Loud-Negotiation3821,"I think ""Celine"" would be a perfect name. The body, boobs, vagina and ass just look like that name to me.",我觉得「赛琳」是个完美的名字。这个身材、胸、阴道和屁股看起来就像那个名字。,,,,积极,愉悦享受,中,欣赏娃娃身材外观,sentiment
Tantaly情感分析,Tantaly,omcoifv,,Gioispro101,I do believe there is an issue with my rosie though… the tantabutt seems to have shifted into the legs making it hard for rosie to stay standing up. Can you let me know what can be done?,我觉得我的 Rosie 有个问题……tantabutt 好像移位到腿那边了，导致 Rosie 很难站住。能告诉我有什么办法吗？,,,,消极,担忧顾虑,中,娃娃tantabutt移位站立困难求助,sentiment
Tantaly情感分析,Tantaly,omcvc5y,,Latinapussyfan666,I should be getting mine within the next couple weeks… She is in my opinion the best and most realistic looking ass doll Tantaly has. How is the recoil on her?,我接下来几周应该就能收到了……在我看来她是 Tantaly 最好看、最逼真的臀部娃娃。她的回弹怎么样？,,,,积极,期待渴望,中,等收货并看好其真实感,sentiment
Tantaly情感分析,Tantaly,omcw2v3,,Gioispro101,It's pretty good not as bounce as the tpe with tantabutt but still giggles as you pound away on her,挺好的，没有带 tantabutt 的 TPE 那么弹，但用力操的时候还是会晃。,,,,积极,愉悦享受,弱,认可回弹表现,sentiment
Tantaly情感分析,Tantaly,omdzm8r,,Latinapussyfan666,Ah ok. I have the original Rosie. The recoil on her is kinda minimal. Would you say grace has better recoil then Rosie?,啊好吧。我有原版 Rosie。她的回弹有点小。你觉得 Grace 回弹比 Rosie 好吗？,,,,中性,中立客观,弱,咨询Grace回弹对比,sentiment
Tantaly情感分析,Tantaly,ome3svr,,Gioispro101,Yes grace should have better recoil… her ass cheeks are like two clouds your ramming into,是的，Grace 回弹应该更好……她的臀瓣就像两朵云，你撞进去。,,,,积极,愉悦享受,中,赞美Grace臀感,sentiment
Tantaly情感分析,Tantaly,ome5bp5,,HUNGLATINDUDE,"I had the same experience with my first silicone butt doll from another brand, it was very hard and I did not like it at all. I prefer the softness of the tpe 100%.",我的第一个硅胶臀娃娃（别的牌子）也有同样的体验，非常硬，我一点都不喜欢。我100%更喜欢 TPE 的柔软度。,,,,消极,失望不满,中,不喜欢硅胶硬度偏好TPE,sentiment
Tantaly情感分析,Tantaly,ome7ody,,Gioispro101,I would say if you can order it and try it out it's softer silicone and the top portion almost feels like tantabutt but with less giggle compared to the tpe models,我想说如果你能下单试试，它是更软的硅胶，上半部分几乎像 tantabutt，但比 TPE 款晃动少一些。,,,,中性,分享互助,弱,客观描述硅胶手感,sentiment
Tantaly情感分析,Tantaly,omf868m,,Gioispro101,"No problem always love to help amazing brands… I have brandi, selena, lena, brendo, Cecilia, rosie, caroline, daisy pro, daisy 2.0, ginny, Donna, miki, nicole 1.0…",没问题，一直乐于帮助优秀的品牌……我有 brandi、selena、lena、brendo、Cecilia、rosie、caroline、daisy pro、daisy 2.0、ginny、Donna、miki、nicole 1.0……,,,,积极,愉悦享受,强,拥有13款娃娃乐于分享品牌粉丝,sentiment
Tantaly情感分析,Tantaly,omfyw4t,,uhyeah2001,the holes of Grace look like she had already 600.000km on her odometer,Grace 的通道看起来像已经跑了60万公里一样。,,,,消极,失望不满,中,吐槽通道质感,sentiment
Tantaly情感分析,Tantaly,omfzlwx,,UnassumingUser364,Thanks for the info. I'll be curious to see if you run into any tearing issues with the tunnel entrances.,谢谢信息。我会好奇你之后会不会遇到通道入口撕裂的问题。,,,,中性,中立客观,弱,关注撕裂问题,sentiment
Tantaly情感分析,Tantaly,omgtqsj,,Jaayquan,Thank you for your review. I'm very interested in what you think of grace compared to Cecilia… the softness comparison…,谢谢你的评测。我很想知道你觉得 Grace 和 Cecilia 比怎么样……柔软度对比……,,,,中性,中立客观,弱,咨询对比,sentiment
Tantaly情感分析,Tantaly,ooenq6r,,CapRepresentative885,Verse uno penetrando buuff eso pone mas jeje🔥🔥👌🏽,看到一个插入的，哦那更带感 jeje🔥🔥👌🏽,,,,积极,愉悦享受,中,看到插入画面兴奋,sentiment
Tantaly情感分析,Tantaly,ooepslp,,GONDump,If you could make a Daisy 2.0 version of the transparent that's a instant buy for me,如果你能出个 Daisy 2.0 的透明版，我直接买。,,,,积极,期待渴望,强,透明版直接买,sentiment
Tantaly情感分析,Tantaly,oof7m2m,,reddit4238,I don't like it. The whole point for me is to be visually stimulating and realistic,我不喜欢。对我来说重点就是视觉刺激和逼真。,,,,消极,失望不满,中,不喜欢透明款要真实感,sentiment
Tantaly情感分析,Tantaly,oog1u76,,ToasterDripPan,Yes! I have been waiting for a quality transparent ass for so long 😩,是的！我等一个高品质透明臀部等了好久了 😩,,,,积极,期待渴望,强,等透明臀部很久,sentiment
Tantaly情感分析,Tantaly,oog7u20,,joeybare,I've always wanted to try one of these!,我一直想试一个！,,,,积极,期待渴望,中,一直想尝试,sentiment
Tantaly情感分析,Tantaly,oogk7sg,,SpaceStranger86,Yes!!! But make it big so it doesn't feel like a gimmick,没错！！！但要做大点，不然感觉像噱头。,,,,积极,期待渴望,中,支持但要求做大,sentiment
Tantaly情感分析,Tantaly,oogpa1b,,ATLGLORYHOLES,yes but with tantabutt,要，但要带 tantabutt。,,,,积极,期待渴望,弱,要带tantabutt版,sentiment
Tantaly情感分析,Tantaly,ooi815x,,In62,Nope. What I like about Tantaly dolls is how realistic they are. I had a transparent Fleshlight but that's different.,不。我喜欢 Tantaly 娃娃的就是它们有多逼真。我以前有个透明的 Fleshlight，但那不一样。,,,,消极,失望不满,中,不想要透明款强调真实感,sentiment
Tantaly情感分析,Tantaly,oojgk1a,,Ready-Ad2863,Yes! Make it please!,要！请做出来吧！,,,,积极,期待渴望,强,强烈要求,sentiment
Tantaly情感分析,Tantaly,ook8tym,,vane_van,We need a smaller silicone line up,我们需要更小的硅胶产品线。,,,,积极,期待渴望,弱,需要小硅胶线,sentiment
Tantaly情感分析,Tantaly,ool1z33,,All-Pro45,"Might seem crazy, but what about combining transparency and non-transparency? If a portion of the doll is transparent (the tunnel) while most of it is regular, it will still feel realistic while also giving the x-ray vision effect.",可能听起来有点疯狂，但把透明和非透明结合起来怎么样？如果娃娃的一部分（通道）是透明的，而大部分是常规的，那既保持逼真，又有透视效果。,,,,积极,期待渴望,中,提出透视组合创意,sentiment
Tantaly情感分析,Tantaly,ooo6067,,FLoo2,A limited edition clear doll range would be nice.,出个限量版透明娃娃系列会不错。,,,,积极,期待渴望,弱,想要限量透明款,sentiment
Tantaly情感分析,Tantaly,oooljy5,,BaneTheGame,yeah I'd totally buy one especially if it's under 200. I would love to see how deep I go inside my toy or how my dick convulses inside it.,是啊，我完全会买，尤其如果低于200美元。我很想看看我在玩具里插得多深，或者我的丁丁在里面是怎么抽动的。,,,,积极,期待渴望,强,想买并好奇透视效果,sentiment
Tantaly情感分析,Tantaly,oooquxc,,loveyousorry,"I had one Lena size and I really liked it, would definitely get a tantaly version",我有个 Lena 尺寸的，真的很喜欢，肯定会买 Tantaly 版。,,,,积极,愉悦享受,中,喜欢并想买Tantaly版,sentiment
Tantaly情感分析,Tantaly,oorufvh,,Gemina_Lunarian,I would absolutely buy a full-sized hip like this.,我绝对会买一个这样全尺寸的臀部。,,,,积极,期待渴望,中,绝对会买,sentiment
Tantaly情感分析,Tantaly,ox43k7u,,gaston87_9,"Yo todavía no compré(espero poder este año) y por el costo de estos productos, yo espero que sea una experiencia increíble.",我还没买（希望今年能买），鉴于这些产品的价格，我希望这会是一次难以置信的体验。,,,,中性,期待渴望,中,想买但担心价格,sentiment
Tantaly情感分析,Tantaly,ox45emd,,BrixtonDD,It was nerve wracking asking my wife about getting my first Tantaly Britney. Also the fear of being scammed. Both turned out to be non-issues. Wife said go for it! Been a customer since 2021. Definitely peak masturbation!,跟老婆开口说要买第一个 Tantaly Britney 真是紧张到不行。还怕被骗。结果两个都不是问题。老婆说买吧！我从2021年就是客户了。绝对是自慰巅峰体验！,,,,积极,愉悦享受,强,从紧张到满意妻子支持老客户,sentiment
Tantaly情感分析,Tantaly,ox4buhd,,Messi2655,"Just got my Daisy 2.0 not even a week ago and i can just say personally worth every penny! I had been going back and forth for 2 years whether or not it would be worth it, and so far i can confidently say yes!",我的 Daisy 2.0 到手还不到一周，我只能说个人觉得物超所值！我纠结了两年要不要买，到目前为止我可以自信地说：值！,,,,积极,愉悦享受,强,物超所值纠结两年后满意,sentiment
Tantaly情感分析,Tantaly,ox5cqj7,,nu2dolls,"It's a production, and one day you gonna not want to clean up. But yeah, it's on another level.",这是个仪式感工程，总有一天你会不想清理。但没错，它是另一个级别的体验。,,,,消极,担忧顾虑,中,清洁麻烦但认可体验,sentiment
Tantaly情感分析,Tantaly,ox5u5r4,,Djd33j,"It's well worth it. It's next level immersion… getting close to feeling 90% of the way there to the real thing. Not just the sex, buying outfits and lingerie is fun too… they're really nice to cuddle and sleep with. But make sure there's a layer of clothing between you—oils gave my arm a rash for nearly a week. Cleaning and maintenance is the real inconvenience; dolls range 25-70 lbs.",完全值得。沉浸感是下一个级别的……已经接近真人的90%了。不只是性，给她们买衣服和内衣也很好玩……她们真的很适合抱着睡。但确保中间隔一层衣服——油让我手臂起了将近一周的疹子。清洁和保养才是真正麻烦的事；娃娃重25-70磅。,,,,积极,愉悦享受,强,高度满意提及清洁重量过敏痛点,sentiment
Tantaly情感分析,Tantaly,ox5um0e,,gaston87_9,Yo pienso gastar dinero en ropa para mí muñequita como si fuera el amor de mí vida ☺️☺️,我打算给我的小宝贝娃娃花钱买衣服，就像她是我一生的挚爱一样 ☺️☺️,,,,积极,愉悦享受,中,对娃娃有情感投入,sentiment
Tantaly情感分析,Tantaly,ox62esn,,BigDickTonyG,agreed weight is important to consider before buying… I have a rolling office chair I'll put her in (on a white towel) and simply wheel her to the bathtub.,同意，重量是购买前要考虑的重要因素……我有把带轮子的办公椅，把她放上去（垫块白毛巾），直接推到浴缸边。,,,,中性,分享互助,弱,分享重量应对方案,sentiment
Tantaly情感分析,Tantaly,ox632m0,,Djd33j,Good strategy. I have a shower chair that I put them on. Cleaning them and applying fresh baby powder is so nice! They become so soft and smooth to the touch.,好策略。我有把淋浴椅，把她们放上面。清洁完再扑上新爽身粉，手感太好了！她们会变得又软又滑。,,,,积极,愉悦享受,弱,清洁后手感满意,sentiment
Tantaly情感分析,Tantaly,ox63nnp,,BigDickTonyG,"i may feel that way but will do it anyway. the level of physical pleasure a doll can give is unreal… if I'm feeling super lazy I'll pound a fleshlight, which can be cleaned and fully dried in under 10 mins.",我可能会那么觉得，但无论如何都会做。娃娃能带来的肉体快感是超现实的……如果我很懒，我就用 fleshlight，10分钟内就能清洁并完全晾干。,,,,积极,愉悦享受,中,认可快感懒时用名器,sentiment
Tantaly情感分析,Tantaly,ox63sr7,,BigDickTonyG,thanks! 😊 onwards and upwards towards a few more dolls….,谢谢！😊 继续前进，目标再多几个娃娃……,,,,积极,期待渴望,中,计划继续买,sentiment
Tantaly情感分析,Tantaly,ox90ada,,DoughnutNeither8905,Warm welcome to our sex doll lovers team brother! 🤝🏻,热烈欢迎加入我们性玩偶爱好者团队，兄弟！🤝🏻,,,,积极,愉悦享受,弱,欢迎新人,sentiment
Tantaly情感分析,Tantaly,oxcxfm8,,EnzianOmbindi,Monroe is incredible in the right positions if you're a boob and torso kind of guy (excellent in cowgirl and missionary)… Monroe isn't as good in doggy because she doesn't have tantabutt. But having Monroe pressed up against you while going at it will bring your little soldier to tears.,如果你是胸部和躯干控，Monroe 在对的姿势下简直不可思议（骑乘位和传教士位都很棒）……Monroe 在狗爬式没那么好，因为她没有 tantabutt。但一边操一边让 Monroe 贴着你，会把你的小兄弟干到落泪。,,,,积极,愉悦享受,强,高度评价Monroe,sentiment
Tantaly情感分析,Tantaly,oofnhy8,,mrsexdollwizard,Thank you sharing the review! I had been watching with some interest as they put out silicone options… having someone go first and give their honest feedback is super helpful.,谢谢分享评测！我一直饶有兴趣地关注他们推出的硅胶选项……有人先当小白鼠给出诚实的反馈，真是太有帮助了。,,,,积极,愉悦享受,中,感谢评测分享,sentiment
Tantaly情感分析,Tantaly,oog1gjf,,Fantasy_Enjoyer,As someone with a 7 incher... Do you think Olivia's tunnel length would be too short for practical use for me?,作为7英寸的人……你觉得 Olivia 的通道长度对我来说会不会太短，影响实际使用？,,,,消极,担忧顾虑,中,担心通道长度不够,sentiment
Tantaly情感分析,Tantaly,oogghp8,,ThrowawayX007X,"Yes, I think you'd be fine for practical use. But you won't be able to go all in, like me",可以，我觉得实际使用没问题。但你没法像我要的那样全插进去。,,,,中性,分享互助,弱,分享使用经验,sentiment
Tantaly情感分析,Tantaly,oohptt3,,debbysport,"Thank you for your detailed review, man! Olivia's realistic skin and light weight really turned me on!",谢谢你的详细评测，兄弟！Olivia 逼真的皮肤和轻重量真的让我心动！,,,,积极,期待渴望,中,被种草,sentiment
Tantaly情感分析,Tantaly,ool6gx0,,DistributionTasty346,Been waiting for a review. Thanks a ton man! Olivia's body is what got me curious… How would you rate the experience of her ass in doggy or reverse cowgirl?,一直在等评测。太感谢了兄弟！Olivia 的身材让我好奇……你觉得她的屁股在狗爬式或反向骑乘位的体验如何？,,,,积极,期待渴望,中,好奇Olivia体验,sentiment
Tantaly情感分析,Tantaly,oorhug7,,ThrowawayX007X,"She looks great in both positions, like very good. She does have some bounceback. Olivia is a little softer and a little more bounce than Britney, I'd say to compare",她在两个姿势下都很好看，非常好。她确实有回弹。跟 Britney 比的话，Olivia 更软一点、弹一点。,,,,积极,愉悦享受,中,认可Olivia表现,sentiment
Tantaly情感分析,Tantaly,oosyeh7,,ThrowawayX007X,I plan to do more pictures in the future 👍,我计划以后多拍些照片 👍,,,,积极,期待渴望,弱,计划发图,sentiment
Tantaly情感分析,Tantaly,op215oa,,DistributionTasty346,I have brit so thats helpful! Thanks man,我有 Britney，所以这很有帮助！谢谢兄弟。,,,,积极,愉悦享受,弱,感谢帮助,sentiment
Tantaly情感分析,Tantaly,mt468cx,,Temporary-Meal-6041,"Yes for sure. But, if you are using tampon, 1h should be enough to dry her holes https://amzn.eu/d/3mxSxFA",当然可以。不过，如果你用卫生棉条的话，1小时应该足够把她的通道弄干了。,,,,中性,分享互助,弱,分享干燥技巧,sentiment
Tantaly情感分析,Tantaly,mt45zpj,,WhoisjohnXXXdoe,"You want to properly clean tunnels. Even with condoms you are getting lube in the tunnels. That has to be washed out. Not a deep wash when you have semen and lube, but you want to do a proper wash. Might want to invest in an aquarium pump to help with drying. You can leave it running and within an hour or so tunnels will be dry. Remember TPE is porous and you don't want liquids seeping down that could cause problems later on.",你要好好清洁通道。即使戴套，润滑液也会进到通道里，必须洗掉。不是有精液和润滑液时随便冲冲，而是要彻底清洗。建议投资一个鱼缸水泵帮助干燥。让它一直开着，大约一小时内通道就干了。记住 TPE 是多孔的，你不希望液体渗进去，以后出问题。,,,,中性,分享互助,中,分享清洁经验,sentiment
Tantaly情感分析,Tantaly,mt3r5gb,,StressSuspicious8983,"das sind die direkten Nachrichten ""Direct Messages (DM)"" an eine Bestimmte Person oder auch Privater Chat.",那是直接消息「Direct Messages (DM)」，发给特定的人，也就是私聊。,,,,中性,中立客观,弱,解释DM含义,sentiment
Tantaly情感分析,Tantaly,mt3piet,,Temporary-Meal-6041,"The light risk to not be powerful enough. The best light remain the sunlight. For my low light session, at the beginning (before invest money in good quality equipment) I use to use a light like this : https://amzn.eu/d/8AaFJJU with color sheet in font of it. It's inexpensive and powerful but gets hot very quick.",这种灯有亮度不够的风险。最好的光还是阳光。在我低光拍摄初期（还没投资好设备前），我用的是这种灯：https://amzn.eu/d/8AaFJJU，前面加彩色滤光片。便宜又够亮，但很快发烫。,,,,中性,分享互助,中,分享拍摄灯光经验,sentiment
Tantaly情感分析,Tantaly,mt3oqoq,,Altruistic_Soup_1107,Was meinen Sie mit DM's? Bin neu hier in diesem Portal,你说的 DM 是什么意思？我是这个平台的新人。,,,,中性,中立客观,弱,新人询问DM,sentiment
Tantaly情感分析,Tantaly,mt3gqh9,,Efficient-Ice-8813,"Dm me or explore my profile, you can find clothes for Lena",私信我或者看看我的主页，你能找到给 Lena 穿的衣服。,,,,中性,分享互助,弱,分享衣服资源,sentiment
Tantaly情感分析,Tantaly,mt3gi30,,BremdawgMillionaire,I love you guys and how you take the time to reply to your customer's comments ❤️❤️,我爱你们，以及你们花时间回复顾客评论的方式 ❤️❤️,,,,积极,愉悦享受,中,赞赏官方回应,sentiment
Tantaly情感分析,Tantaly,mt3gcv4,,BremdawgMillionaire,Ive already bought 5 dolls in the past two weeks 🤣🤣🤣,过去两周我已经买了5个娃娃了 🤣🤣🤣,,,,积极,愉悦享受,强,两周买5个,sentiment
Tantaly情感分析,Tantaly,mt3fkpc,,UnassumingUser364,"I've tried a few warming lubes and I've always been disappointed. They need friction to work and while the warming can be nice, it's almost always at the expensive actually working well as lubricant. I find the best approach for warming is to fill a container (in my case a small plastic pitcher with a top) with warm or hot water and put the bottle of lube in the water. The water heats up the lube quite quickly and keeps it at a pleasant temperature. Just remember to fully close close the bottle up when putting it back in the water filled container during sessions. This method is quick and easy and avoids any of the risks of superheating or melting that comes from using a microwave.",我试过几种加热润滑液，总是失望。它们需要摩擦才能起效，虽然加热感不错，但几乎总是以牺牲润滑效果为代价。我发现最好的加热方法是：拿一个容器（我用的是带盖的小塑料壶）装满温水或热水，把润滑液瓶子放进去。水很快就能把润滑液加热，并保持在舒适的温度。记得在过程中把瓶子放回水容器时一定要盖紧瓶盖。这个方法又快又简单，避免了微波炉加热带来的过热或融化风险。,,,,消极,失望不满,中,对加热润滑液失望分享替代,sentiment
Tantaly情感分析,Tantaly,oztl3uy,,Messi2655,Just got Daisy 2.0 a few weeks ago and I’m already thinking of getting Rosie in wheat color 😍 this video is maybe trying to tell me something LOL,几周前刚拿到 Daisy 2.0，已经在想买小麦色的 Rosie 了 😍 这个视频也许在暗示我什么，哈哈。,,,,积极,期待渴望,中,想买Rosie小麦色,sentiment
Tantaly情感分析,Tantaly,oztm4e1,,Napalmnate55,"I own a Rosie,and it was WELL worth the money. The bounce back is insane.",我有一个 Rosie，完全物超所值。回弹太疯狂了。,,,,积极,愉悦享受,强,物超所值,sentiment
Tantaly情感分析,Tantaly,oztpnkv,,EthanTalkscole,I've got Rosie and I absolutely love her! Daisy is looking pretty amazing as well though.,我有 Rosie，超爱她！不过 Daisy 看起来也很棒。,,,,积极,愉悦享受,强,超爱Rosie,sentiment
Tantaly情感分析,Tantaly,oztpx7h,,Traditional-Sector56,"I own both the Daisy and the Rosie, both in their original versions! The material you used to make them was so good that they're still in excellent condition today.  The size difference between the two is quite significant—almost four inches. That gives you plenty of room to create a new model somewhere in between. I think that would be the perfect size.",Daisy 和 Rosie 我都有，都是原版！你们用的材料太好了，到现在还保持极佳状态。  两者尺寸差异很大——差不多四英寸。这给了你们很大的空间做一个介于两者之间的新型号。我觉得那会是完美的尺寸。,,,,积极,愉悦享受,强,双款收藏高度认可,sentiment
Tantaly情感分析,Tantaly,p00lp45,,criss56str,I have a Daisy 2.0 and i love the big butt cheeks and the deep ass crack. It's so nice seeing them bounce around with that level of softness,我有 Daisy 2.0，我爱她的肥臀瓣和深深的臀沟。看到它们以那种柔软度弹跳，太爽了。,,,,积极,愉悦享受,强,喜爱Daisy臀部,sentiment
Tantaly情感分析,Tantaly,p01gtey,,Capital_Sail_9119,Lower back contours 🥵🥵🥵,下背部轮廓 🥵🥵🥵,,,,积极,愉悦享受,中,欣赏背部线条,sentiment
Tantaly情感分析,Tantaly,p05mzo7,,Realestv84,I have both louise and rosie if you search through the posts here,我两个都有，Louise 和 Rosie，你可以搜搜这里的帖子。,,,,中性,分享互助,弱,提及持有,sentiment
Tantaly情感分析,Tantaly,p07ofen,,Gemina_Lunarian,"I still have the original Daisy I bought nearly two years ago. While she is nearing end of life, she is still great for insanely immersive doggy. The aesthetic, feel, and how real it feels and sounds to slap her ass is soooooooo good!  Worth every penny I spent on her.",我还留着差不多两年前买的原版 Daisy。虽然她快到寿命尽头了，但做极度沉浸的狗爬式依然很棒。颜值、手感，还有拍她屁股时那种真实的触感和声音，太他妈的好了！  我花的每一分钱都值。,,,,积极,愉悦享受,强,两年老用户高度满意,sentiment
Tantaly情感分析,Tantaly,ozdh8gv,,SwatkorX5,Poland has subscribed to Tantaly 🇵🇱  Post with subscription confirmation details already made and posted as well.,波兰已订阅 Tantaly 🇵🇱  附有订阅确认详情的帖子也已经发出来了。,,,,中性,中立客观,弱,订阅打卡,sentiment
Tantaly情感分析,Tantaly,ozfe9b2,,CosmicWorldTurtle,[USA]Subscribed Tantaly  I currently own Daisy 2.0 and my favorite thing to do with it is to put it into all kinds of different sexy lingerie and shorts. The weight is amazing for me.,[美国]已订阅 Tantaly  我目前有 Daisy 2.0，我最喜欢做的就是给她穿各种不同的性感内衣和短裤。重量对我来说很合适。,,,,积极,愉悦享受,中,喜欢给娃娃穿衣,sentiment
Tantaly情感分析,Tantaly,ozfkoea,,MiserablePermit8301,"OOOH Fuck. Yes I've been looking a transparent doll for so long. I'm so glad a trusted doll vendor I know has it. OH please release some in colors. I wanna feel like I'm fucking a slime girl from those fantasy isekais. Blue, pink, yellow just give me more of these.",哦哦哦操。是的，我找透明娃娃找了很久了。我很高兴我认识的可信娃娃卖家有这款。哦请出一些有颜色的。我想感觉自己在操那些异世界番里的史莱姆娘。蓝色、粉色、黄色，就给我更多这些。,,,,积极,愉悦享受,强,透明彩色幻想兴奋,sentiment
Tantaly情感分析,Tantaly,ozkmyg5,,Ok_Volume2275,[Poland]Subscribed Tantaly,[波兰]已订阅 Tantaly,,,,中性,中立客观,弱,订阅打卡,sentiment
Tantaly情感分析,Tantaly,ozmc2zo,,Even-Reveal8503,UK Subscribed Tantaly! 🇬🇧,英国已订阅 Tantaly！🇬🇧,,,,中性,中立客观,弱,订阅打卡,sentiment
Tantaly情感分析,Tantaly,ozolvem,,Remarkable-Air8817,France Subscribed Tantaly,法国已订阅 Tantaly,,,,中性,中立客观,弱,订阅打卡,sentiment
Tantaly情感分析,Tantaly,p011bqf,,PapiCinc0,[USA]Subscribed Tantaly,[美国]已订阅 Tantaly,,,,中性,中立客观,弱,订阅打卡,sentiment
Tantaly情感分析,Tantaly,p054tx7,,master-blaster9,[Bulgaria] Subscribed Tantaly,[保加利亚]已订阅 Tantaly,,,,中性,中立客观,弱,订阅打卡,sentiment
Tantaly情感分析,Tantaly,p0b3v2k,,One_Relative_2486,[EU]Subscribed Tantaly,[欧盟]已订阅 Tantaly,,,,中性,中立客观,弱,订阅打卡,sentiment
Tantaly情感分析,Tantaly,p0q5cpn,,lostsoul1236,[USA]Subscribed Tantaly,[美国]已订阅 Tantaly,,,,中性,中立客观,弱,订阅打卡,sentiment
Tantaly情感分析,Tantaly,p126j1t,,j4nsafun19,[USA]subscribed,[美国]已订阅,,,,中性,中立客观,弱,订阅打卡,sentiment
Tantaly情感分析,Tantaly,p19s9ag,,N00NEY0UKN0W,Germany subscribed to Tantaly,德国已订阅 Tantaly,,,,中性,中立客观,弱,订阅打卡,sentiment
Tantaly情感分析,Tantaly,p1547f3,,Onafrost21,"If you already have Jennifer, I'd recommend checking out Rebecca or Bad Angel. Rebecca offers a different body shape and overall feel, while Bad Angel has a more stylized design if you're looking for something unique. Also, if you decide to order, you can use the coupon code ONAFROST for 10% off.",如果你已经有 Jennifer，我推荐看看 Rebecca 或 Bad Angel。Rebecca 提供不同的身材和整体手感，而 Bad Angel 设计更风格化，如果你想要独特的东西。另外，如果你决定下单，可以用优惠码 ONAFROST 打9折。,,,,中性,分享互助,中,推荐型号+折扣码,sentiment
Tantaly情感分析,Tantaly,p15a6zc,,Minanonyme,"I think Jennifer already has a great pair of tits, especially for her weight/frame ! However you can check Nicole and her huge saggy tits that seems to be the most similar with more points in the chest area !  There's also Monica that seems to have a bit smaller frame but has gigantic tits compared to her body, if you're looking for that. And if you want to go even heavier, Monroe can be a good pick.",我觉得 Jennifer 已经有一对很棒的胸了，尤其考虑到她的体重/骨架！ 不过你可以看看 Nicole，她那对大垂乳似乎最相似，胸部得分更高！ 还有 Monica，骨架稍小一点，但相比身体有一对巨乳，如果你想要那种的话。 如果你想更重的，Monroe 是不错的选择。,,,,中性,分享互助,中,推荐胸部型号,sentiment
Tantaly情感分析,Tantaly,p15jxag,,UnassumingUser364,"If budget isn't a major consideration comment, he might as well go all the way and consider the new silicone Emilia. Or go with Monroe. Lola might be also worth considering though it's not a fully authentic sized option.",如果预算不是主要考虑因素，他不如一步到位考虑新的硅胶款 Emilia。或者选 Monroe。Lola 也值得考虑，虽然不是完全真实尺寸的选项。,,,,中性,分享互助,弱,推荐型号,sentiment
Tantaly情感分析,Tantaly,p15kj0v,,Wuffy3,yeah. looking at the shapes and weights Monroe is the best option. I love the legs and breasts of Jennifer but she is just too firm. (I didn't get the tanta busum or tantabooty),是啊。看形状和重量的话，Monroe 是最佳选择。我喜欢 Jennifer 的腿和胸，但她太硬了。（我没买 tantabust 或 tantabooty 版本）,,,,消极,失望不满,弱,对Jennifer硬度不满意,sentiment
Tantaly情感分析,Tantaly,p15l25a,,chris101232,"I second monica,I have her, big tits, nice legs , very stimulating vag. I always thought monroe looked like the one up size from her if you want life sized, I hear she has milder but tight tunnels",我同意 Monica，我有她，大胸、好腿、很刺激的阴道。我一直觉得 Monroe 像是她的大一号版本，如果你想要真实尺寸的话，听说 Monroe 的通道更温和但紧致。,,,,积极,愉悦享受,中,推荐Monica,sentiment
Tantaly情感分析,Tantaly,p15lu07,,UnassumingUser364,Emilia. Is the only doll with both Tantabutt and Tantabosom. A perk of being silicone. The dual tech TPE Torsos with them both all got very quickly discontinued because transport and longevity issues. Emilia is also considered a lightweight doll for its size. It's lighter than your current Jennifer. But doesn't have as full of a figure. I like Lola would be a better fit there.   There's also Olivia. But size wise and figure-wise I think that would be a bit of a downgrade for you compared to Jennifer. But a big point in Olivia's favor is it it's also one of the new silicones.,Emilia 是唯一同时有 Tantabutt 和 Tantabosom 的娃娃。这是硅胶的好处。同时具备这两项技术的 TPE 躯干款很快就停产了，因为运输和耐用性问题。Emilia 在同尺寸里也算轻量款，比你现在用的 Jennifer 轻。但身材没那么丰满。我觉得 Lola 在那个方面更合适。  还有 Olivia。但按尺寸和身材来说，我觉得跟 Jennifer 比对你有点降级。不过 Olivia 一个很大的加分点是它也是新款硅胶之一。,,,,中性,分享互助,中,详细对比型号,sentiment
Tantaly情感分析,Tantaly,p161wb2,,In62,"You are right on track going for Monroe. While Monica has those huge boobs, she looks too unnatural. Feel free to dm me if you want to discuss more and I can also give you a great discount code",你选 Monroe 的方向是对的。Monica 虽然有巨乳，但看起来太不自然了。想聊更多的话尽管私信我，我还能给你个好折扣码。,,,,中性,分享互助,中,推荐+折扣码,sentiment
Tantaly情感分析,Tantaly,p0ly5r3,,Ill_Button6432,"I know it says new face, but I'm kinda hoping this is teasing a Jennifer 2.0. The big boobs, shape and size of the butt, belly and slightly longer legs do it for me.",我知道说是新面孔，但我有点希望这是在预告 Jennifer 2.0。大胸、臀部的形状和大小、肚子和稍长的腿都很戳我。,,,,积极,期待渴望,中,期待Jennifer 2.0,sentiment
Tantaly情感分析,Tantaly,p0nn0i8,,soggybunz,Hopefully a phat innie! 😍 if not I neeeed onee,希望是个丰满的馒头型（内阴）！😍 如果不是的话我就需要一个了。,,,,积极,期待渴望,中,想要馒头型,sentiment
Tantaly情感分析,Tantaly,p0of0tv,,carpboy1978,Boobs look weird,胸看起来怪怪的。,,,,消极,失望不满,中,觉得胸怪,sentiment
Tantaly情感分析,Tantaly,p0p1s3j,,ExternalDue1107,Oo hopefully she will be available in silicone also looking great so far,哦，希望她也会有硅胶版，目前看起来很棒。,,,,积极,期待渴望,中,期待硅胶版,sentiment
Tantaly情感分析,Tantaly,p0rof7l,,NES_WallStreetKid,A lifelike vagina with natural feeling internal texture that is triple layer for super softness. Something like an onahole from NPG.,一个逼真的阴道，内部纹理自然，三层结构超级柔软。类似 NPG 的 onahole（名器）。,,,,积极,期待渴望,弱,建议仿真名器通道,sentiment
Tantaly情感分析,Tantaly,p10c6yp,,MiserablePermit8301,"God I hope this a slightly bigger Jennifer. I bought Jen 4 years ago and oh man she has been so much fun. Personally think Jennifer is the best doll made. The details on her are insane.  She has like lines visible abs, a collar bone line. Goosebumps on her titties and parts of her body. And her weight feels so good.   Personally a fan of heavier dolls for that reason. Love pushing my Jen up and just letting her crash down on my junk.",天哪，我希望这是个稍大一点的 Jennifer。我4年前买的 Jen，天哪她太好玩了。我个人觉得 Jennifer 是做出来的最好的娃娃。她身上的细节太疯狂了。 她有可见的腹肌线条、锁骨线。胸部和身体部分有鸡皮疙瘩纹理。她的重量手感特别好。 我个人因此是重娃娃的粉丝。喜欢把我的 Jen 推起来，然后让她砸在我的老二上。,,,,积极,愉悦享受,强,4年老用户Jennifer最佳,sentiment
Tantaly情感分析,Tantaly,p0jyxff,,UnassumingUser364,"I'm copying and pasting another comment I wrote for a very similar post. Your alt account? Or just coincidence? Either way. Here's the post:   If it makes you feel any better, the UV heating rod is one of the few things I explicitly recommend people do not purchase. It's finicky and unreliable, it seems to be missing critical protection features, it has melted dolls, it's particular about what power brick you use with it, and I'm not convinced that it's actually germicidal. It's also not a Tantaly product. It's a rebadge.  Heating rods in general don't work all that well. You're fighting a battle against thermal dynamics and losing. It adds more prep time before a session, additional costs, it introduces the risk of melting your tunnels, and the heating it provides is very fleeting. The more reliable heating solution is to heat your lube. That plays a much bigger role in perceived temperature vs heating up the surface layer of TPE. It's really simple, just fill a bowl or a water pitcher with hot or warm water. Drop your lube container into the water, and wait a few minutes. Check that the lube is at a comfortable and safe temperature, and start applying it to the inside of the tunnel and then yourself.",我复制粘贴我在一个非常相似的帖子下写的另一条评论。你的小号？还是纯属巧合？不管怎样，这里是原帖内容：  如果你觉得好受点的话：UV 加热棒是少数我明确建议不要购买的产品之一。它难用又不可靠，似乎缺少关键的保护功能，它熔化过娃娃，它对配什么电源适配器很挑剔，而且我不相信它真的能杀菌。它也不是 Tantaly 的产品，是贴牌货。  加热棒整体来说效果都不太好。你是在跟热力学对抗，而且会输。它增加了使用前的准备时间、额外成本，还有熔化通道的风险，而且它提供的热量转瞬即逝。更可靠的加热方案是加热你的润滑液。这在感知温度上起的作用比加热 TPE 表层大得多。真的很简单，拿个碗或水壶装热水，把润滑液瓶子放进去，等几分钟。检查润滑液温度舒适安全，然后涂到通道内部和你自己身上。,,,,消极,担忧顾虑,中,警告UV棒风险,sentiment
Tantaly情感分析,Tantaly,p0k3qpl,,UnassumingUser364,"Should have clarified, it's $200 for dolls to Alaska.   I don't recall offhand what it is for accessories or even if US orders outside of the continental United States can buy accessories. Tantaly has said a few times in the past that it's always logistically challenging and cost prohibitive for them to support OCONUS.  I don't recall when Tantaly stopped shipping to Hawaii. But I think it was a response to tariffs. Historically in the US Tantaly has paid for shipping fees, sales taxes and duties for CONUS orders which was one of the benefits of ordering direct from Tantaly. No sales tax. But with tariffs it's much more expensive for them to eat the cost of duties and shipping.  Medical grade TPE in this context is basically gobblygook. I'm sure Tantaly will object to that characterization, but I said what I said. It doesn't really tell you anything. TPE is not considered a bodysafe material for sex toys because it is by its very nature porous. Bacteria, viruses, and mold can all take root and grow within the pores and it's very difficult if not impossible to remove them once they're there. As an example, a mold infestation is a complete doll loss. There's nothing you can do that would fully kill the infestation. Additionally, because it melts at such low temperatures it cannot be boiled. Unlike silicone. Taking together, TPE sex toys can never be sterilized. It's way TPE is usually frowned upon as a material for dildos in favor of silicone.  The risk is much lower for toys that you penetrate because you're not taking it internally like a dildo. Which is why TPE is common for strokers (Fleshlights are made from a proprietary blend of TPE) and sex dolls with tunnels that are designed to be penetrated. TPE feels much more authentically like skin and has a improved sensation advantage over silicone. It's also cheaper. But diligent and prompt cleaning is critical for safety. There is a real risk of a UTI or other similar infections from improper cleaning. No special ""medical grade TPE"" is going to change that.",应该说明一下，200美元是娃娃运到阿拉斯加的价格。  我不太记得配件是多少钱，甚至不确定美国本土以外能不能买配件。Tantaly 过去说过几次，支持海外订单在物流上总是很有挑战、成本高昂。  我不记得 Tantaly 是什么时候停止往夏威夷发货的。但我猜是对关税的回应。历史上 Tantaly 在美国为本土订单支付运费、销售税和关税，这是直接从 Tantaly 订购的好处之一：没有销售税。但加了关税后，他们再自己消化关税和运费的成本就太高了。  这里的「医用级 TPE」基本上是胡扯。我相信 Tantaly 会反对这个说法，但我说了就是说了。它并不能告诉你任何东西。TPE 不被认为是性玩具的身体安全材料，因为它本质上是多孔的。细菌、病毒和霉菌都能在孔隙里扎根生长，一旦进去就很难甚至不可能清除。举个例子：霉菌感染等于娃娃彻底报废，没有任何办法能完全杀死感染。另外，因为它熔点太低，不能煮沸消毒，不像硅胶。综合来看，TPE 性玩具永远无法真正消毒。这就是为什么 TPE 做假阳具通常不被看好，大家更倾向硅胶。  对插入式玩具来说风险低得多，因为你不是像假阳具那样体内使用。这也是为什么 TPE 常用于飞机杯（Fleshlight 用的是专有 TPE 配方）和有通道设计用于插入的性玩偶。TPE 手感更接近皮肤，感觉上比硅胶有优势。也更便宜。但勤快及时的清洁对安全至关重要。清洁不当有真实的尿路感染或其他类似感染风险。没有哪种特殊的「医用级 TPE」能改变这一点。,,,,消极,担忧顾虑,中,科普TPE风险,sentiment
Tantaly情感分析,Tantaly,p0k4aup,,sunsetical,"I see. How should I proceed with cleaning the doll? Are the instructions on their maintenance guide (them being Tantaly) okay? My only fear is with air conditioning, the cold not drying the water after washing the doll, etc. Guess I really do get what I paid for (even if the better quality stuff costs 4 times the price)",明白了。那我该怎么清洁娃娃？他们（Tantaly）保养指南上的说明可以吗？我唯一担心的是空调环境下，洗完娃娃后水不容易干之类的问题。看来我真是花钱买教训（即使更好的东西贵4倍）。,,,,消极,担忧顾虑,中,新手担忧清洁,sentiment
Tantaly情感分析,Tantaly,p0kzs9g,,MackShack222,Sister branch Salorein   Use my code MacksTrain for 12% off any purchase at Salorein.com,姐妹品牌 Salorein  用我的码 MacksTrain，在 Salorein.com 任何订单打88折。,,,,中性,分享互助,弱,推广折扣码,sentiment
Tantaly情感分析,Tantaly,p0l47d6,,MackShack222,It’s made me cum before all on its own when I  had it on top of me. Was too hard to pull out in that position hehe,它曾经放在我上面时，自己就让我射了。那个姿势太难抽出来了，嘿嘿。,,,,积极,愉悦享受,强,使用体验爽,sentiment
Tantaly情感分析,Tantaly,p0l5ca9,,Hungry-Television490,"Yeha I mean I’ve had dolls and pulling out is fun for the show off, or I got to do that.  Or yeha I’m cumming on her ass or tits but damn inside is just where it’s at somtimes",是啊，我也有过娃娃，拔出来射是为了表演，或者我不得不那样。或者射在她屁股或胸上，但妈的，有时候射里面才是真谛。,,,,积极,愉悦享受,中,分享性体验,sentiment
Tantaly情感分析,Tantaly,p0u9vat,,Dawncouple,I’ll be sharing more too,我也会分享更多。,,,,积极,期待渴望,弱,计划分享,sentiment
Tantaly情感分析,Tantaly,p01fz5e,,BushEnjoyer9000,Hell yeah! might get this in the future 👀,妈的当然！以后可能会买这个 👀,,,,积极,期待渴望,中,未来可能购买,sentiment
Tantaly情感分析,Tantaly,p01kq23,,Warm-Delivery5726,I can only recommend it,我只能推荐它。,,,,积极,愉悦享受,弱,推荐,sentiment
Tantaly情感分析,Tantaly,p0dsvfp,,Normal_Fennel6823,thabk you so much bro im like stressing haha i just got the brandi,太谢谢你了兄弟，我正紧张呢哈哈，我刚买了 Brandi。,,,,消极,担忧顾虑,中,新手紧张刚买Brandi,sentiment
Tantaly情感分析,Tantaly,p0dtgkz,,Messi2655,"Totally understandable haha if i was able to attach the image of what the box looked like i would cuz i took a picture, at least i think i still have it lol but yea it’s no identifiable like at all which is amazing",完全可以理解哈哈，如果我能上传盒子照片我就会传，因为我拍了照，至少我觉得我还有 lol 但没错，它完全无法识别，太棒了。,,,,积极,愉悦享受,中,确认包装隐蔽开心,sentiment
Tantaly情感分析,Tantaly,p0dujuv,,Normal_Fennel6823,thank you so much i was really worried it wouldn’t,太谢谢你了，我真的很担心不是。,,,,消极,担忧顾虑,中,担心包装暴露,sentiment
Tantaly情感分析,Tantaly,p0dv2r5,,Messi2655,"I can dm you the pic of what my brown box looked like if you want, just let me know! Anything to help ease your anxiety lol cuz i was anxious too at first",如果你想要，我可以私信你我的棕色盒子照片，说一声就行！只要能帮你缓解焦虑哈哈，因为一开始我也焦虑。,,,,积极,愉悦享受,中,安慰缓解焦虑,sentiment
Tantaly情感分析,Tantaly,p0eg664,,BushEnjoyer9000,Yup. It's barely noticeable with tantaly tho since they pack it really well. The cheap torsos I got in the past had MAD jiggle watts you could feel carrying the box 😭😭,是的。不过 Tantaly 包装得很好，几乎感觉不到。我以前买的便宜躯干款，搬箱子时能明显感觉到晃动 😭😭,,,,中性,分享互助,中,对比包装体验,sentiment
Tantaly情感分析,Tantaly,p0eijkh,,BushEnjoyer9000,Ya you'll the fine. Every sex toy is like guaranteed discrete packing from any site u buy from. As long as no one opens the box you're good,是的，你会没事的。任何网站买的性玩具都保证隐蔽包装。只要没人打开箱子你就没问题。,,,,积极,愉悦享受,弱,安抚包装担忧,sentiment
Tantaly情感分析,Tantaly,p0eim4b,,Normal_Fennel6823,thank you bro so much stress lol,谢谢兄弟，压力好大哈哈。,,,,消极,担忧顾虑,弱,仍有压力,sentiment
Tantaly情感分析,Tantaly,ozcrp5a,,NeonDrifter1313,I’m curious how that feels compared to a dildo and/or a real penis? Can it be warmed to body temp?  Tempted to get my wife one for bday,我很好奇和假阳具和/或真阴茎比感觉如何？能加热到体温吗？  想给老婆买一个当生日礼物。,,,,积极,期待渴望,中,想给妻子买礼物,sentiment
Tantaly情感分析,Tantaly,ozcry6p,,Dawncouple,Not sure yet but I’ll post a full review when I try it,还不知道，但等我试了会发完整评测。,,,,中性,中立客观,弱,计划发评测,sentiment
Tantaly情感分析,Tantaly,ozdbsue,,machineripper50,Wow that is amazing  Where did you order that from?? I’m looking for a female doll to use while at my work camp,哇太棒了 你从哪里订的？？我在找一个能在工作营地用的女性娃娃。,,,,积极,期待渴望,中,想买工作营地用,sentiment
Tantaly情感分析,Tantaly,p1jhbm2,,Dawncouple,It’s pretty fun! It’s heavy which is nice it stops it from moving,挺好玩的！很重，这很好，不会乱动。,,,,积极,愉悦享受,中,好玩喜欢重量,sentiment
Tantaly情感分析,Tantaly,p1jkbsy,,howwifelyfe,"Damn, so cool! I’m going to look into a BIG one but I probably should see if I can find a place to hide it first 😂",操，太酷了！我要研究一个大号的，但我可能得先找个藏它的地方 😂,,,,积极,期待渴望,中,想买大号但怕藏不住,sentiment
Tantaly情感分析,Tantaly,p0jzkem,,UnassumingUser364,"I'm sorry that happened. As I wrote in my previous comment for your previous post, which may have been lost in the sea of post from people saying it is discreet not realizing you weren't ordering direct from Tantaly, Amazon does a really bad job of shipping discretion. Which is why the only real guaranteed solution is the gift wrap option I discussed. Otherwise it's a gamble. Many people have had their orders turn out fine, but many others have not.",很抱歉发生了这种事。正如我在你上一个帖子的评论里写的——可能淹没在一堆说「很隐蔽」的评论里了，他们没意识到你不是直接从 Tantaly 订的——亚马逊在配送隐蔽性上做得真的很差。这就是为什么唯一真正有保证的方案是我讨论过的礼品包装选项。否则就是赌博。很多人的订单没问题，但也有很多人的出事了。,,,,消极,担忧顾虑,中,警告亚马逊包装风险,sentiment
Tantaly情感分析,Tantaly,p0jzvgg,,Normal_Fennel6823,yeah. amazon sucks,是啊，亚马逊真烂。,,,,消极,失望不满,中,吐槽亚马逊,sentiment
Tantaly情感分析,Tantaly,p0l73bo,,BushEnjoyer9000,mb bro 🙁 did anyone see it,抱歉兄弟 🙁 有人看到了吗？,,,,消极,担忧顾虑,中,担心是否被发现,sentiment
Tantaly情感分析,Tantaly,p0pd1gu,,Normal_Fennel6823,my step mom seen,被继母看到了。,,,,消极,担忧顾虑,强,被继母看到包装,sentiment
Tantaly情感分析,Tantaly,p0eoadp,,UnassumingUser364,"**Tantaly** will always use discreet brown overboxes. These are sterile and do not identify the contents.  But **Amazon** is a completely different story. They are supposed to discreetly use Amazon boxes for shipping. Many times they do. But sometimes they just slap a shipping label onto the orange Tantaly box and ship it like that without any provisions for discretion.  This is not a theoretical issue, this has been documented to happen on several different occasions. It's not as bad as it used to be because the orange Tantaly boxes are despite the color more subtle than the previous generation black boxes, but they still aren't shy about the contents. So well you will probably be fine, there is a real even if unlikely possibility that shipping won't be discreet.  The only way to guarantee discretion through Amazon is by paying extra for the gift wrapping service. It's only a few dollars more, the gift bag items come in is actually quite nice, and you can use the gift note to add some deniability if you're so inclined. It's available on the smaller dolls, not available on the big and heavy ones. I actually specifically ordered a Lena a while back for the purposes of documenting what the gift wrap process looks like. You can take a look here.",**Tantaly** 总是用隐蔽的棕色外箱。这些箱子是干净的，不显示内容。  但**亚马逊**完全是另一回事。他们本应用亚马逊盒子隐蔽发货。很多时候他们也确实这样。但有时他们就是把运单贴到橙色 Tantaly 盒子上直接发，没有任何隐蔽处理。  这不是理论上的问题，这是有记录多次发生的事。没有以前那么糟，因为橙色 Tantaly 盒子虽然颜色显眼但比上一代黑盒子低调，但它们对内容物还是不含糊。所以虽然你大概率没事，但确实存在即使可能性不大的真实风险：配送不会隐蔽。  通过亚马逊保证隐蔽的唯一方法是多付钱买礼品包装服务。只贵几美元，礼品袋里的东西其实相当不错，你还可以用礼品留言加一层否认空间，如果你想的话。它适用于较小的娃娃，大而重的不适用。我其实特意订了一个 Lena 来记录礼品包装流程是什么样的。你可以在这里看看。,,,,中性,分享互助,中,科普包装差异,sentiment
Tantaly情感分析,Tantaly,p0eooz8,,UnassumingUser364,"Yes, Tantaly has an official Amazon store. Brandi, Selena, and Lena started out as exclusives to the US Amazon store. No, products shipped through Amazon do not come in the same box as if you order direct from Tantaly. Strictly speaking they are supposed to come in Amazon marked packages that are indistinguishable from any other package you order from Amazon. But Amazon has been documented to disregard this and just slap the shipping label onto the non-discreet orange Tantaly box. You have to pay for gift wrapping to guarantee discretion.",是的，Tantaly 有官方亚马逊店。Brandi、Selena 和 Lena 最初是美国亚马逊店独家。不，通过亚马逊发货的产品不会用和直接从 Tantaly 订一样的盒子。严格来说它们应该用亚马逊标记的包装，和你从亚马逊订的任何包裹无法区分。但亚马逊有记录表明他们会无视这个，直接把运单贴到不隐蔽的橙色 Tantaly 盒子上。你必须付费买礼品包装才能保证隐蔽。,,,,中性,分享互助,中,科普亚马逊包装,sentiment
Tantaly情感分析,Tantaly,p0evmwk,,robotsux,"It ships in a regular ass box. The boxes you see on the website are inside of it, like a Russian nest doll.",它装在普通盒子里发货。你在网站上看到的盒子在里面，像俄罗斯套娃一样。,,,,中性,中立客观,弱,说明包装,sentiment
Tantaly情感分析,Tantaly,p0j143n,,peachnecctar,"I’ve received mine in a very discrete large brown box but inside the box there was another one with advertising on it. For that one I just broke the box down and flipped it inside out. You could tape it like that if it’s a big concern. I’m not sure if my shipping could be different as well since I’m a creator, not sure if you’d get that internal box or not",我收到的是个非常隐蔽的大棕色盒子，但盒子里面还有另一个带广告的。那个我就拆开翻面了。如果你很担心，可以那样贴胶带。我不确定我的配送是否不同，因为我是创作者，不确定你会不会收到那个内盒。,,,,中性,分享互助,中,分享包装处理经验,sentiment
Tantaly情感分析,Tantaly,p0n9nnr,,Bitter_Accountant416,"Thank you so much for the really detailed answer 🥰   I've have life-size dolls for many years now. Partly because of their weight and the difficulty in cleaning them, and partly because my focus has shifted more toward photography, I'm looking for a doll or toy that's just fun and feels good.  As I said, I really love the cowgirl position and really enjoyed it with the ""Big Bubble Butt"" toy from another brand. Hannah seems like a good compromise to me, since you can also use her nicely in the missionary position. Ruka is probably similar, but as far as I can tell, she has a smaller hip circumference.  Rosie, Caroline, or Daisy would probably perform better in the cowgirl position, but they're lacking something visually and in terms of feel for the missionary position.  What I also really like about the cowgirl position is the vibration and the bounce-back with Gel or Tantabutt technology.   A really tough decision...",非常感谢这么详细的回答 🥰  我拥有全身娃娃很多年了。部分因为重量和清洁困难，部分因为我的重心更多转向摄影，我在找一个只是好玩、感觉好的娃娃或玩具。  如我所说，我真的很喜欢骑乘位，很喜欢另一个牌子的「Big Bubble Butt」玩具。Hannah 对我来说似乎是个好的折中，因为你也可以很好地用她做传教士位。Ruka 可能类似，但据我所知她的臀围更小。  Rosie、Caroline 或 Daisy 在骑乘位可能表现更好，但它们在视觉和传教士位的手感上缺了点什么。  我也很喜欢骑乘位的振动和 Gel 或 Tantabutt 技术的回弹。  真是个艰难的决定……,,,,中性,分享互助,中,纠结选型,sentiment
Tantaly情感分析,Tantaly,p0neo6b,,UnassumingUser364,"Do know that there is not a single TPE torso doll currently offered by Tantaly with Tantabutt. There was for a short period of time but they had a ton of issues so they had to be forcefully discontinued.  Have you considered a Rebecca? That's the leg only doll.  Super pricey, but I would also consider looking at Emilia? That's one of the new silicone dolls. Size-wise it's comparable to Aurora. It can support a head and has a highly adjustable skeleton. It's also made to be lightweight, it's actually lighter than Hannah. Really great ass too. Hip diameter is technically a tiny bit smaller than Hannah's, but hip width is larger. It's not advertised as such as you look at the dimensions, it's another doll that seems to be more ass focused with a torso attached. Very slim upper torso. But using some perspective tricks (very small underbust) to make the boobs feel perspectively bigger and have more jiggle. It also has the silicone equivalent to Tantabutt AND Tantabosom. Something that the silicone Candice analog Olivia does not have.",要知道 Tantaly 目前没有任何一款 TPE 躯干娃娃带 Tantabutt。有一段时间有过，但它们有很多问题，所以被迫停产了。  你考虑过 Rebecca 吗？那是纯腿部娃娃。  超级贵，但我也会考虑看看 Emilia？那是新款硅胶娃娃之一。尺寸上和 Aurora 相当。它可以支撑头，有高度可调的骨架。也做成轻量的，实际上比 Hannah 还轻。屁股也真的很好。臀部直径技术上比 Hannah 小一点点，但臀宽更大。从尺寸上看不出来，它是另一个「更侧重臀部、带躯干」的娃娃。上半身非常纤细。但用一些透视技巧（非常小的下胸围）让胸感觉上更大、抖动更多。它还有硅胶版的 Tantabutt 和 Tantabosom。这是硅胶 Candice 对应款 Olivia 没有的。,,,,中性,分享互助,中,详细推荐型号,sentiment
Tantaly情感分析,Tantaly,p0vu9g9,,In62,"I would say Ruka. In my opinion, it's not just boobs in missionary, but they are fun in cowgirl as well. The full torso also can make it easier to balance than a really heavy Daisy. You've already tried a bit doll, go for the boobs too! Dm me if you want to discuss more and I can also give you a great discount code",我会说 Ruka。在我看来，不只是传教士位的胸，骑乘位也很有趣。全躯干也比很重的 Daisy 更容易平衡。你已经试过臀部款了，也试试胸吧！想聊更多私信我，我还能给你个好折扣码。,,,,中性,分享互助,中,推荐Ruka,sentiment
Tantaly情感分析,Tantaly,p0z0h4j,,Bitter_Accountant416,"Thanks for your opinion. When it comes to the torso, I'm also leaning more toward Ruka than Hannah.  I looked up the measurements and weight of the BubbleButt I used to have. It has almost identical measurements to Rosie.   Basically, it's now down to Rosie or Ruka.",谢谢你的意见。说到躯干款，我也更倾向 Ruka 而不是 Hannah。  我查了我以前那个 BubbleButt 的尺寸和重量。它和 Rosie 的尺寸几乎一样。  基本上，现在就剩 Rosie 或 Ruka 了。,,,,中性,中立客观,弱,缩小选择范围,sentiment
Tantaly情感分析,Tantaly,p0z1xzy,,Bitter_Accountant416,Thank you so much for your reply.  I think it's a toss-up between Rosie and Ruka. Rosie gives me exactly what I love: cowgirl with great recoil and jiggle.  Ruka would be a bit more flexible and offer more variety. But I wonder if she can make me just as happy in cowgirl? 🤔,非常感谢你的回复。  我觉得就是 Rosie 和 Ruka 之间二选一。Rosie 给我我爱的：骑乘位超棒的回弹和抖动。  Ruka 会灵活一点，提供更多变化。但我不知道她在骑乘位能不能让我同样开心？🤔,,,,中性,期待渴望,中,纠结二选一,sentiment
Tantaly情感分析,Tantaly,p0c658t,,UnassumingUser364,"I would definitely get the standard cleaning kit. Well you can make do without it and put together your own kit for cheaper, it's just easier overall to order it at the same time as your doll. Do note that it often ship separately. It contains most of the things you'll need for short term doll care and will bring your drying rod count to 3 which will make drying a lot easier.  The Tantaly automatic douche is really nice. There are better auto douches out there, but the one that Tantaly rebadged is pretty convenient. Do note that it is a little messy so you want to use it in a shower or a bathtub. It has no built-in waste water collection system, you have to pay a premium for devices that handle that. I also strongly recommend you do not use the spinning function. It also comes with two additional drying rods. I consider it more of a supplement instead of a replacement for the standard cleaning kit. Even though technically you can make do with just the auto douche and the doll. If you get the auto douche and the cleaning kit, you'll now have 5 drying rods which is the recommended amount I suggest people have on hand. You'll also have a backup bulb douche in case anything happens to the auto.",我一定会买标准清洁套装。当然你也可以不买，自己拼一套更便宜，但和娃娃一起下单整体更容易。注意它经常分开发货。它包含短期娃娃护理需要的大部分东西，会让你的干燥棒数量到3根，干燥会容易得多。  Tantaly 自动冲洗器真的不错。有更好的自动冲洗器，但 Tantaly 贴牌的相当方便。注意它有点乱，所以要在淋浴或浴缸里用。它没有内置废水收集系统，你得为处理这个的设备付溢价。我也强烈建议不要用旋转功能。它还带两根额外的干燥棒。我认为它更像补充品而不是标准清洁套装的替代品。虽然严格来说你可以只用自动冲洗器和娃娃。如果你买了自动冲洗器和清洁套装，你现在会有5根干燥棒，这是我建议人们手头备的数量。你还会有一个备用球状冲洗器，以防自动的出问题。,,,,中性,分享互助,强,超详细清洁指南,sentiment
Tantaly情感分析,Tantaly,p0c7vco,,UnassumingUser364,"Part 2 of 2  The PVC sheet is something that you can get elsewhere for cheaper. It's not bad or anything. And it does have a few advantages over towels but most people are better served by cheaper more discreet towels. Also note that PVC is not technically TPE safe. I believe the official recommendation is keep exposure time to under 3 hours.  The cleaning/cleansing solution does work, but it's pretty volatile stuff. It's also fairly expensive. I wouldn't say it's a priority item. The oiling process helps a lot with stains at a much cheaper price point. Furthermore, after your first hopefully minor stain you'll realize it's not that big of a deal.  I don't think you'll need the repair kit right away, if you ever do you can buy that later. I've never used it.  You're in Canada so you can't get the talc based official renewing powder to my recollection. Instead, get cornstarch (using the American vernacular) or non-scented or low sent baby powder. Baby powder is by definition talc, cornstarch, or a combination of talc and cornstarch. Plus additional preservatives, anticlumping agents, and scent. Baby powder will pretty much always work as renewing powder, but it can get pricey. Cornstarch is a lot cheaper and is readily available.  You'll eventually need mineral oil for the oiling process. You want unscented Johnson's mineral oil-based baby oil. It's very available and has a cheap price per quantity. It's pretty much what the entire community here uses. This is very important, not all baby oil will work. Only some baby oil. Baby oil is either mineral oil-based or vegetable oil based. Mineral oil-based is what is necessary for the oiling process. Vegetable oil based baby oils can go rancid (essentially rot) and supposedly can damage the pores of the TPE. You want unscented just because scents can be distracting. It's also cheaper. Oiling is a long-term maintenance process. Cleaning and drying a short-term, powdering is midterm.  Finally, microfiber towels are amazing. I pick them up whenever I see multipacks for cheap. Ideally you want neutral colors. They can still stain the doll if in contact for long enough. They're super helpful. You can lay one down and put the doll on top for a nice clean surface. They're extremely effective at cleaning the exterior of the doll. Just wrap the doll lightly in the towel and let the high absorption effect do its thing. Don't rub, towels can be abrasive and can cause micro tears in the TPE skin. A doll wrapped in microfiber towel also makes for easier transport. They can help speed up the drying process of your drying tools by putting them on top of the towels. And of course you can lay them down on surfaces to keep them clean from lube. Because lube gets everywhere. They're super handy. Very discreet, are easy to clean, and have tons of uses outside of doll stuff.",PVC 垫布你可以在别处更便宜地买到。它也不差。相比毛巾确实有些优势，但大多数人更适合更便宜、更隐蔽的毛巾。也注意 PVC 严格来说对 TPE 不安全。我记得官方建议暴露时间控制在3小时以内。  清洁/清洗液确实有效，但它是相当易挥发的东西。也相当贵。我不会说它是优先项。上油过程在便宜得多的价格点上对污渍帮助很大。而且第一次（希望是轻微的）染上污渍后你会意识到没那么严重。  我觉得你不需要马上买修复套装，如果真需要以后可以买。我从没用过。  你在加拿大，据我所知买不到滑石基的官方翻新粉。改用玉米淀粉（美国说法）或无香或淡香婴儿爽身粉。婴儿爽身粉按定义是滑石、玉米淀粉或两者的混合物。加上额外的防腐剂、防结块剂和香味。婴儿爽身粉几乎总是可以当翻新粉用，但可能贵。玉米淀粉便宜得多，也容易买到。  你最终会需要矿物油做上油。你要无香 Johnson 矿物油基婴儿油。非常容易买到，单价便宜。整个社区基本都用这个。这非常重要，不是所有婴儿油都行。只有某些婴儿油。婴儿油要么是矿物油基要么是植物油基。矿物油基是上油过程必需的。植物油基婴儿油会变质（基本是腐烂），据说会损坏 TPE 的孔隙。要无香的只是因为香味可能让人分心。也更便宜。上油是长期保养过程。清洁和干燥是短期，扑粉是中期。  最后，超细纤维毛巾太棒了。我看到便宜的多件装就买。理想情况下要中性色。接触太久它们还是可能给娃娃染色。它们超级有用。你可以铺一条，把娃娃放上面，有个干净的表面。它们清洁娃娃外部非常有效。轻轻把娃娃包在毛巾里，让高吸水性发挥作用。不要搓，毛巾有磨蚀性，可能在 TPE 皮肤上造成微撕裂。包在超细纤维毛巾里的娃娃也更容易搬运。把干燥工具放在毛巾上可以加速干燥。当然你也可以铺在表面上保持干净不被润滑液弄脏。因为润滑液到处都是。它们超级方便。非常隐蔽、易清洁，在娃娃之外有无数用途。,,,,中性,分享互助,强,清洁指南续,sentiment
Tantaly情感分析,Tantaly,p0k9uck,,UnassumingUser364,"Instructions are a little simplistic but are good enough to get the gist. They have more detailed instructions on the website. Many of them often taken from guides written here. You won't find my work there anymore because they started posting my writing without proper attribution, which I took umbrage with. But you'll still find plenty of other great info from knowledgeable people in the community on the website. This subreddit is also a fantastic resource if you use a magical tool called the search bar.  I strongly recommend that people be familiar with the maintenance regime before they order. It makes things a lot easier. And can save you from prematurely destroying your doll within moments of receiving it.  One of the things covered is that washing and drying is an active process. It's something that you have to actively do and have the necessary tools on hands to accomplish those tasks. Tunnel flushing and doll exterior rinsing washes away biologic material (anything that could be a bacterial food source), contaminants, and germs on the surface (and inside the tunnels) of the doll. Cleaning the exterior is pretty easy, just run it under some water in your closest shower or bathtub. Tunnel flushing requires some form of douche. Like the one that comes in the cleaning kit, but there's also automatic ones or ones that you can hook up to your shower. That flushes away any of your ejaculate and skin particles as well as leftover lube inside the tunnels. You absolutely do not want any of that lingering. Brandi, Tantaly's smallest doll is small enough that you can wash it in a typical kitchen sink using improvised tools in place of proper ones. But anything bigger benefits from a tub or a shower and proper cleaning tools. Lena has fairly simple tunnel designs so it's a little bit more feasible to use improvise tools, but it's just big enough that it's really not recommended and just quite a bit more difficult. You really need the cleaning tools.  Which brings us to drying. Drying is critical. It doesn't matter how good your washing was if you don't properly dry. Washing is all about rinsing away potential bad things, drying is about making the doll in hospitable to what might already be there and the limit opportunities for things that might get transferred onto the doll during storage. Drying is not something that happens on its own. You are an active participant in encouraging the doll to dry. Drying the exterior is super easy. Just gently wrap the doll and what is preferably a microfiber towel. Regular towels work too, but microfiber doesn't leave lint behind and is highly absorbent. Do note that this is a gentle wrap and not a rub. Rubbing can damage the surface. The exterior will usually be dry in under a minute if that. The difficult part in the most important part is the tunnels. Failure to clean and dry this is what gets you infections. Moisture has a tendency to linger inside the tunnels. It's very difficult for leftover moisture to evaporate out. Failure to dry might leave the tunnels wet for long stretches of time. Moist and hot environments are the ideal conditions for bacterial, viral, and mold growth. We want it cool and dry. This drawing process is done using two methods. Absorption and positive airflow.  Absorption is the simplest and the most common. You stick a doll into each tunnel and allow that tool to absorb the water inside the tunnel. The doll will come with one such drying rod in the box. The cleaning kit comes with another two. You can get 5 packs of practically identical rods without any obvious adult branding that work just as well not better from Amazon for significantly cheaper than a sex toy branded pack of 3. I usually recommend having at least 5 on hand but you can make do with 3. The key thing to remember about drying rods is they can only absorb a finite amount of water. Once that happens they stop working until they are removed. They are then put to the side where water can more easily evaporate out of the desiccant rod. One of the most common sources of mold infestation is people who left wet drying rods inside the doll and then just called it good and put the doll into storage. Not realizing that instead of drying the doll while in storage it was keeping the tunnels nice and moist. General rule of thumb is to rotate out rods every 15 to 20 minutes. Which is why it's helpful to have multiple. Alternatively, you can use microfiber sticks. These are little microfiber socks slid onto small wooden dowels. You can get them on Amazon as vent dusters. They're usually pretty cheap. They work really well, especially for dolls with deeper tunnels (like Britney) or dolls with less complex tunnel designs like Lena. These microfiber sticks need to be swapped out sooner, roughly every 5 to 10 minutes for the best results. I find that Lena can usually be dried out with a total of six microfiber sticks. Three for each tunnel. The absorption route is pretty reliable, and the cheapest in terms of supplies, but it is a more active process because you have to sit there and do the rotation.  Positive airflow, uses a gentle flow of air into the tunnels to help stimulate evaporation. I've written a ton about the subject if you use the search bar. The classic tool for this is a dual outlet aquarium air pump. I prefer the rechargeable models. Do note I said air pump and not water pump. These are low power air pumps that are designed to aerate small aquariums or bait buckets for fishing. They're not high power. You're not coming inflating tires with them or anything. This gentle airflow isn't necessarily faster, and it noticeably struggles when it comes to small pools of water. So It's off in best practice to also use absorption tools during the drying process. You also want to be sure to shake out as much water from the tunnels before you start drying. But well it may not be the quickest or the most effective. It is pretty laid back. You don't have to sit there and rotate out rods",说明书有点简单，但足够抓住要点。网站上有更详细的说明。很多都来自这里写的指南。你再也找不到我的作品了，因为他们开始未经署名转载我的文章，我很不满。但你在网站上仍然能找到社区里知识渊博的人写的很多其他好信息。如果你会用一种叫搜索栏的神奇工具，这个 subreddit 也是很棒的资源。  我强烈建议人们在订购前就熟悉保养流程。这会容易得多。也能避免你在收到娃娃几分钟内就过早毁掉它。  其中一点是洗涤和干燥是主动过程。你必须主动去做，手头要有必要的工具。通道冲洗和娃娃外部冲洗冲走生物材料（任何可能是细菌食物源的东西）、污染物和娃娃表面（和通道内）的细菌。清洁外部很容易，在最近的淋浴或浴缸下冲水就行。通道冲洗需要某种冲洗器。比如清洁套装里的那种，但也有自动的或可以接淋浴的。那会冲走你的精液、皮肤颗粒和通道里残留的润滑液。你绝对不想让那些残留。Brandi 是 Tantaly 最小的娃娃，小到可以用普通厨房水槽洗，用临时工具代替正规工具。但更大的都需要浴缸或淋浴和正规清洁工具。Lena 的通道设计比较简单，用临时工具更可行，但它大到真的不推荐，而且难得多。你真的需要清洁工具。  这就说到干燥。干燥至关重要。如果没好好干燥，洗得多好都没用。洗涤是为了冲走潜在坏东西，干燥是为了让娃娃对可能已经存在的东西不友好，并限制存储期间可能转移到娃娃上的东西的机会。干燥不是自动发生的。你必须主动参与促进娃娃干燥。外部干燥超级容易。轻轻把娃娃包在最好是超细纤维毛巾里。普通毛巾也行，但超细纤维不留绒屑且高吸水。注意这是轻轻包裹不是搓。搓会损坏表面。外部通常一分钟内就干了。难的部分也是最重要的部分是通道。不清洁和干燥通道会让你感染。水分倾向于滞留在通道内。残留水分很难蒸发出去。不干燥可能让通道长时间保持潮湿。潮湿炎热的环境是细菌、病毒和霉菌生长的理想条件。我们要凉爽干燥。这个干燥过程用两种方法完成：吸收和正气流。  吸收是最简单最常见的。你往每个通道插一根干燥工具，让它吸收通道里的水。娃娃盒里会带一根这样的干燥棒。清洁套装再带两根。你可以在亚马逊买到5件装几乎一样的棒子，没有明显成人品牌标识，效果一样甚至更好，比情趣玩具品牌3件装便宜得多。我通常建议手头至少5根，但3根也能凑合。干燥棒关键要记住的是它们只能吸收有限的水量。一旦饱和就停止工作，直到被取出。然后放在一边，让水更容易从干燥棒里蒸发。霉菌感染最常见的来源之一就是人们把湿干燥棒留在娃娃里，然后说搞定了，把娃娃收起来。没意识到这不但没在存储时干燥娃娃，反而让通道保持湿润。经验法则是每15-20分钟换一次棒。这就是为什么多备几根有用。或者，你可以用超细纤维棒。那是滑到小木棒上的超细纤维小袜套。你可以在亚马逊上作为通风除尘器买到。通常很便宜。它们效果很好，尤其对通道较深的娃娃（比如 Britney）或通道设计不那么复杂的娃娃比如 Lena。这些超细纤维棒需要更早更换，大约每5-10分钟效果最好。我发现 Lena 通常总共用6根超细纤维棒就能干。每个通道3根。吸收路线相当可靠，耗材最便宜，但更费人工，因为你要坐在那里做轮换。  正气流，用温和的气流进入通道帮助促进蒸发。我用搜索栏写过很多关于这个主题的内容。经典工具是双出口鱼缸气泵。我更喜欢可充电型号。注意我说的是气泵不是水泵。这些是低功率气泵，设计给小型鱼缸或钓鱼饵桶增氧。功率不高。你不是拿它们给轮胎充气什么的。这种温和气流不一定更快，面对小水坑时明显吃力。所以最佳实践是在干燥过程中也用吸收工具。你也要在开始干燥前尽可能把通道里的水甩出来。但它可能不是最快或最有效的。它相当省心。你不需要坐在那里换棒,,,,中性,分享互助,强,保养科普,sentiment
Tantaly情感分析,Tantaly,p0kaqlh,,sunsetical,"I see. I only have the one rod (once the doll arrives, anyway), so I guess I'll have to make do with airflow whenever I wait for it to dry. I'll get myself a set of rods once my next paycheck clears then. My main fear was just leaving it in my room with the air conditioning on overnight but that shouldn't be a problem as it keeps the room dry and cool and not hot and moist.  Thanks :) I'll take a long look at your posts just to make sure I don't ruin it",明白了。我只有一根棒（等娃娃到了），所以我想干燥时只能用气流凑合。等下次发工资我就买一套棒。我主要的担心只是放在空调房间里过夜，但那应该不是问题，因为它让房间干燥凉爽，而不是又热又潮。  谢谢 :) 我会好好看看你的帖子，确保不会毁了她。,,,,消极,担忧顾虑,中,新手担心清洁干燥,sentiment
Tantaly情感分析,Tantaly,p0kbzwp,,UnassumingUser364,"To be clear, you need specific tools for the air flow method. It's one of the downsides, it's more expensive. Placing it by an air conditioner or a fan is not enough. It doesn't reach the back of the tunnels which is the part you really want to make sure is dry. You can make do with one drying rod, it's a huge pain but it's absolutely possible. You just have to make sure a lot of the moisture evaporates out before you place it back into the tunnels. Annoying, but doable.   Do also note that dolls are meant to be stowed in the included styrofoam padding and box. Lena doesn't come with the black overbag that the main line dolls do. The styrofoam halves help keep dust, debris and some moisture from reaching the doll when it's in storage. They also help the doll maintain its shape and limit things like gravity sagging. It's particularly important for dolls with Tantabutt or Tantabosom because of the softness of butts and breasts respectively. Lena does have Tantabutt, but it's a pretty small doll and its Tantabutt implementation is a bit more on the firmer side. So it's not as essential as some of the bigger dolls, but it's still suggested that you keep it in the box in the styrofoam. You can wrap it with a blanket or something if you're worried about discretion.",要说明的是，气流法需要特定工具。这是缺点之一，更贵。放在空调或风扇旁边不够。它到不了通道后部，那才是你真要确保干的地方。你可以用一根干燥棒凑合，很麻烦但绝对可行。你只要确保放回通道前很多水分已经蒸发掉。烦人但可行。  也注意娃娃应该存放在附带的泡沫衬垫和盒子里。Lena 不带主线娃娃那种黑色外袋。泡沫两半有助于在存储时防止灰尘、碎屑和一些水分接触娃娃。它们也帮助娃娃保持形状，限制重力下垂之类的问题。这对带 Tantabutt 或 Tantabosom 的娃娃尤其重要，因为臀部和胸部柔软。Lena 确实有 Tantabutt，但它是个很小的娃娃，Tantabutt 实现偏硬一点。所以不像大娃娃那么必需，但仍然建议放在盒子里的泡沫中。如果你担心隐蔽性，可以用毯子之类包起来。,,,,中性,分享互助,中,补充保养知识,sentiment
Tantaly情感分析,Tantaly,p0kla2j,,sunsetical,Space is pretty tight... I have a duffel bag to store it in but given I'm supposed to use the Styrofoam I gotta see if it'll fit with it. I guess drying's now the main issue. I thought a fan and a few minutes with the drying rod will do but clearly not. I gotta figure something out before I risk ruining the doll,空间很紧……我有行李袋可以放，但既然应该用泡沫箱，我得看看能不能放得下。我想现在干燥是主要问题。我以为风扇加几分钟干燥棒就行，但显然不行。在冒险毁掉娃娃之前我得想出办法。,,,,消极,担忧顾虑,中,收纳干燥难题,sentiment
Tantaly情感分析,Tantaly,p0km4v1,,UnassumingUser364,"This is going to sound super contrary to everything else I've said. But a lot of the cases of infection and mold colonies and all the stuff like that are the results of a pattern of bad cleaning habits.  Not having things figured out right away or maybe being not as prompt or thorough a few times doesn't always spell your doom. Most of time it does not. It's more consistently doing things poorly that causes problems.   There have been edge cases. Situations where people have been really bad about cleaning, drying and storage for long stretches of time and been absolutely fine. Or the opposite extreme where people have done everything right and one very minor slip up has led to issues. But those are exceptions to the rule. They are far from the norm.   Awareness goes a long way. You know more now than you did a few hours ago, and while you don't necessarily have everything all figured out, with more knowledge you're better equipped to find solutions. Just do what you can, be mindful of cleanliness and most of all have fun!",这听起来跟我之前说的一切完全相反。但很多感染、霉菌菌落之类的案例都是不良清洁习惯模式的结果。  没有立刻搞清楚一切，或者有几次不够及时或彻底，不总是意味着完蛋。大多数时候不会。更常见的是持续做得不好才导致问题。  也有边缘案例。有人长期清洁、干燥、存储做得非常糟糕却完全没事。或者相反的极端，有人什么都做对了，一个非常小的失误就导致问题。但那些是例外。远非常态。  意识能走很远。你现在比几小时前知道得多了，虽然你未必把所有都搞明白了，但知识越多你越有能力找到解决方案。尽力而为，注意清洁，最重要的是玩得开心！,,,,积极,愉悦享受,中,安慰鼓励新手,sentiment
Tantaly情感分析,Tantaly,p1sz8f2,,Jodansam,"Honestly, getting into dolls mainly fulfilled a lot of my personal sexual fantasies—their proportions are just perfect. But my favorite part is definitely being able to satisfy those desires without having to deal with any emotional baggage or social stress. To be honest, ever since I got my first one, I've lowkey developed a bit of a collector's habit. Already prepping to buy my next one! 😀",说实话，进入娃娃世界主要满足了我很多个人性幻想——它们的比例就是完美。但我最喜欢的部分绝对是不用处理任何情感包袱或社交压力就能满足那些欲望。说实话，自从有了第一个，我悄悄养成了点收藏习惯。已经在准备买下一个了！😀,,,,积极,愉悦享受,中,满足幻想无情感负担,sentiment
Tantaly情感分析,Tantaly,p1qi1ww,,WhoisjohnXXXdoe,"Congrats!! Rosie was my first doll still have her. Clothing, she wears a size medium. I buy all my clothing for my dolls on Amazon. Crotchless are my favorite. Be careful with dark colors as they tend to stain dolls. Not permanent but will make you sad to see your new doll that way. Wash clothing several times to remove excess amount of dye. When using drying sticks make sure they go all the way back to pick up any pooled water. Do the finger check to make sure there is no moisture remaining. Get yourself extra drying sticks, Amazon has some. Drying sticks you can swap out every 15 minutes until tunnels are dry. That's why it's a good idea to have extras on hand. Powdering before putting away keeps the doll from feeling tacky. No powder in the tunnels, only powder the outside. Baby powder is good or pick up one from Tantaly. A little goes a long way. I use a makeup brush to help spread it. Enjoy her when she arrives. Check out my page for ideas, just do a search for Rosie and if you have any further questions hit me up in DM",恭喜！！Rosie 是我的第一个娃娃，现在还留着。衣服她穿中码。我给我娃娃买的衣服都在亚马逊。开裆的是我的最爱。小心深色，它们容易染到娃娃上。不是永久的，但会让你难过看到新娃娃那样。衣服洗几次去除多余染料。用干燥棒时确保一直伸到后面，吸走任何积水。做手指检查确保没有残留水分。多买几根干燥棒，亚马逊有。干燥棒每15分钟换一次直到通道干。这就是为什么手头多备几根好。收起来前扑粉防止娃娃发粘。通道里不要扑粉，只扑外面。婴儿爽身粉可以，或从 Tantaly 买一个。一点就够用很久。我用化妆刷帮助涂抹。她到了就享受吧。看看我的主页找灵感，搜 Rosie 就行，有任何问题私信我。,,,,积极,愉悦享受,中,分享经验祝贺新手,sentiment
Tantaly情感分析,Tantaly,owoqy2d,,Lerhosano,I love your videos since Britney and your comeback is really appreciate! Could you make one with Monroe in doggy style? Seeing her ass bouncing and the LHP arrangement would be amazing,我从 Britney 开始就喜欢你的视频，你的回归真的很受欢迎！你能做一个 Monroe 狗爬式的吗？看她的屁股弹跳和 LHP（洞口位置）布局会很棒。,,,,积极,愉悦享受,中,喜欢视频请求内容,sentiment
Tantaly情感分析,Tantaly,owpnq0t,,MrFoxtrotPapa,Appreciate the love ❤️❤️ Definitely more to come. Might already have some of that recorded.. 😁,感谢厚爱 ❤️❤️ 肯定还有更多。可能已经录了一些了.. 😁,,,,积极,愉悦享受,中,感谢支持,sentiment
Tantaly情感分析,Tantaly,owrxnoe,,MrFoxtrotPapa,"There used to be a ""repair kit"". Looked like a heat stick and extra material to melt it back together I'm assuming. Not sure if that would work. Maybe try contacting Tantaly directly. I can't seem to find it anymore on their main site.",以前有个「修复套装」。看起来像个加热棒和额外材料，我猜是用来熔化重新粘合的。不确定是否有效。也许试试直接联系 Tantaly。我在他们主站上好像找不到了。,,,,中性,分享互助,弱,建议修复方法,sentiment
Tantaly情感分析,Tantaly,ow11y8o,,BigDickTonyG,NOTHING is better than gooning with a doll <3 been busting mad nut deep inside Lena.,没有什么比和娃娃一起 gooning（沉浸式自慰）更爽的了 <3 一直在 Lena 深处疯狂射。,,,,积极,愉悦享受,强,沉浸体验高度满意,sentiment
Tantaly情感分析,Tantaly,owmtsso,,Rolandwinnerluck066,Tit fuck is hot af 🥵,胸推太他妈辣了 🥵,,,,积极,愉悦享受,中,胸推兴奋,sentiment
Tantaly情感分析,Tantaly,ovkqffo,,MackShack222,Use code MacksTrain for 12% off any purchase at Salorein.com,在 Salorein.com 用码 MacksTrain 任何订单打88折。,,,,中性,分享互助,弱,推广折扣,sentiment
Tantaly情感分析,Tantaly,owlql76,,honey_is_nonbinary,"True ! , and i just came across the book , and it says that the doll cones in a protective bag. Its been to awkward to get her put of the storage box, under the breast is like after you accidently run your finger across a blade, has a slice under breast, ive had her a few months but only found out about the plastic not provided. Dont know what i should do.",对！我刚看到说明书，说娃娃配保护袋。把她从收纳箱里拿出来太别扭了，胸下面像手指不小心划过刀刃一样，胸下有一道口子。我已经用了她几个月，但刚发现没提供塑料保护。不知道该怎么办。,,,,消极,担忧顾虑,中,娃娃损坏求助,sentiment
Tantaly情感分析,Tantaly,ov87o9d,,Embarrassed_Owl6406,"Looks like a goose work out and Wait isent there a larger bbw doll. I dont mind the wieght, i like the work out . Had eva and that ass doll was a blast.",看起来像是很好的锻炼。等等，不是有个更大的 BBW 娃娃吗？我不介意重量，我喜欢锻炼。有过 Eva，那个臀部娃娃太爽了。,,,,积极,愉悦享受,中,喜欢重量锻炼体验,sentiment
Tantaly情感分析,Tantaly,ov8f8mk,,MrFoxtrotPapa,"There's at least two BBW, this ones the heavier of the two. Don't see a heavier one available currently",至少有两只 BBW，这只是两只里更重的。目前没看到更重的可选。,,,,中性,中立客观,弱,说明型号,sentiment
Tantaly情感分析,Tantaly,ov8om8r,,Embarrassed_Owl6406,"Ahh okay, thanks! I like the weight, especially when its all tpe, basically no core foam. Thats why eva was dope with the inner skeleton. You could really move those hips where you want them! Any who, thanks for the insight !",啊好吧，谢谢！我喜欢这个重量，尤其是全 TPE、基本没有核心泡沫。这就是为什么 Eva 带内部骨架那么棒。你能真正把那些胯摆到你想要的位置！总之，谢谢你的见解！,,,,积极,愉悦享受,中,喜欢重量和骨架,sentiment
Tantaly情感分析,Tantaly,outpp9b,,MrFoxtrotPapa,Glad you like it !,很高兴你喜欢！,,,,积极,愉悦享受,弱,感谢喜欢,sentiment
Tantaly情感分析,Tantaly,onobegr,,UnassumingUser364,"Below I have copied an excerpt from one of my previous comments on a very recent post asking a similar question. *Not officially. Unofficially people have been stuffing strokers into the Tantaremoval cavities with various success. You can even find pictures of it posted on the subreddit. I don't recall seeing anyone do it with Kylie, but you will see it a few with Daisy Pro. But officially Tantaly cautions against it.* *Officially and for the most ideal experience, you use the proprietary Tantaly strokers/inserts the doll is designed for. Kylie uses what I call Daisy pattern inserts, because the style of insert debuted on Daisy Pro, and is also used on Kylie and Candice Pro. It was an improvement over the original Mia pattern inserts, which as you can guess was the first insert design offered on Mia, the first ever Tantaremoval doll (it was also the first doll to feature Tantabutt). It's used on Mia, and Ginny, both of which are getting shuttered.* *Tantaly in their infinite wisdom actually specifically addresses this on the product page for Kylie. In big letters. This is what they have to say about it:* ""**Can Tantaremoval® Removable Vagina Be Used with Other Brands of Masturbators?** It may be compatible if the other brand's vagina has similar dimensions. Before use, check maximum width and length to prevent tearing or damage to the sex doll's genital area."" *If you want a Tantaly doll with an insert cavity that is designed with compatibility with other brand's strokers, the doll you're looking for is Daisy Plus which is specifically designed for that purpose.* In addition to all of that above, Mia pattern inserts are smaller and a different shape then Daisy Pro pattern inserts. You'll likely have the best success with Daisy pattern inserts.",下面是我之前在一个类似问题的帖子下的评论摘录。*官方没有。非官方地，人们一直在把飞机杯塞进 Tantaremoval 空腔里，各有各的成功。你甚至能在 subreddit 上找到照片。我不记得有人对 Kylie 这样做过，但你会在 Daisy Pro 上看到几个。但官方 Tantaly 警告不要这样做。* *官方且最理想的体验是使用娃娃设计的专有 Tantaly 飞机杯/内插。Kylie 用我称之为 Daisy 图案的内插，因为这种风格的内插首发于 Daisy Pro，也用于 Kylie 和 Candice Pro。它是对原始 Mia 图案内插的改进——你猜对了，那是最早的内插设计，用于 Mia——第一只 Tantaremoval 娃娃（也是第一只带 Tantabutt 的娃娃）。它用于 Mia 和 Ginny，两者都在停产中。* *Tantaly 在其产品页上明确提到了这一点。用大字。他们这样说：*「**Tantaremoval® 可拆卸阴道能与其他品牌的按摩器一起使用吗？** 如果其他品牌的阴道尺寸相似，可能兼容。使用前检查最大宽度和长度，防止撕裂或损坏性玩偶的生殖器区域。」*如果你想要一个内插空腔设计为兼容其他品牌飞机杯的 Tantaly 娃娃，你要找的是 Daisy Plus，它专门为此设计。* 除了以上所有，Mia 图案的内插比 Daisy Pro 图案的更小、形状不同。你很可能用 Daisy 图案的内插获得最好的效果。,,,,中性,分享互助,中,科普可拆卸阴道,sentiment
Tantaly情感分析,Tantaly,onrhrep,,Stunning_Address,"It's delightful, a nice massage. Her anus is more intense.",很愉悦，像舒服的按摩。她的肛门更强烈。,,,,积极,愉悦享受,中,体验愉悦,sentiment
Tantaly情感分析,Tantaly,om0cwk3,,Latinapussyfan666,You are making me want to get some lingerie for my doll. 🥵,你让我想给我的娃娃买点内衣了。🥵,,,,积极,期待渴望,中,被种草内衣,sentiment
Tantaly情感分析,Tantaly,om75x2x,,Friendly_Coach5559,You will not have no regrets on Monica I got har as I love her tits and soft ass... She is awesome for cuddling,买 Monica 你绝不会后悔，我买了她，因为我爱她的胸和软屁股……她抱着睡超棒。,,,,积极,愉悦享受,强,抱睡超棒,sentiment
Tantaly情感分析,Tantaly,p153wiw,,Messi2655,"Grace looks pretty awesome! Looks to be smaller than Daisy tho but just big enough to still be a decent size hip toy! I already have Daisy 2.0, she's huge and very very fun and am thinking of getting Grace pretty soon 😁😁",Grace 看起来超棒！看起来比 Daisy 小，但大到还算个不错尺寸的臀部玩具！我已经有 Daisy 2.0 了，她很大、非常非常好玩，我在考虑很快入手 Grace 😁😁,,,,积极,期待渴望,中,想买Grace,sentiment
Tantaly情感分析,Tantaly,p0ujyyp,,headrs,I liked the sleeves as a toy on it's own.,我喜欢套筒单独作为玩具用。,,,,积极,愉悦享受,弱,喜欢套筒,sentiment
Tantaly情感分析,Tantaly,p0jq2xk,,UnassumingUser364,"If it makes you feel any better, the UV heating rod is one of the few things I explicitly recommend people do not purchase. It's finicky and unreliable, it seems to be missing critical protection features, it has melted dolls, it's particular about what power brick you use with it, and I'm not convinced that it's actually germicidal. It's also not a Tantaly product. It's a rebadge.  Heating rods in general don't work all that well. You're fighting a battle against thermal dynamics and losing. It adds more prep time before a session, additional costs, it introduces the risk of melting your tunnels, and the heating it provides is very fleeting. The more reliable heating solution is to heat your lube. That plays a much bigger role in perceived temperature vs heating up the surface layer of TPE. It's really simple, just fill a bowl or a water pitcher with hot or warm water. Drop your lube container into the water, and wait a few minutes. Check that the lube is at a comfortable and safe temperature, and start applying it to the inside of the tunnel and then yourself.  As to the germicidal thing. UV-C lamps are germicidal and do help a lot with limiting transmission in hospital settings. But those are hospital grade UV-C lamps. Most personal consumer UV-C sterilizer tools do not work at the level that they claim. For safety reasons they have to be underpowered, which means you need a pretty lengthy exposure time. Much longer than most people are willing. And in the case of the UV heating rod longer than is safe to use in the doll because of the melting issue. The rod can get hot enough to melt a doll and cause skin burns in about 3 minutes. They also work best on flat non-porous surfaces without a lot of complex features. Most tunnel designs are complex and have a high degree of surface area. The stimulating elements in the tunnels can block the UV-C from being able to reach all areas within the tunnel. Which is moot because TPE is porous. Even if the UV-C rod worked very well, it would only kill things on the very surface of the TPE. It would do nothing for things lurking in the pores which is the much bigger risk. Finally, UV-C exposure poses a bunch of health risks. It can permanently damage your eyes, cause skin damage (separately from the burn issues), and can theoretically cause respiratory issues because of the ozone byproduct. Which is why commercial germicidal wands, lamps, and those cell phone cleaning enclosures are underpowered.",如果你觉得好受点的话：UV 加热棒是少数我明确建议不要购买的产品之一。它难用又不可靠，似乎缺少关键的保护功能，它熔化过娃娃，它对配什么电源适配器很挑剔，而且我不相信它真的能杀菌。它也不是 Tantaly 的产品，是贴牌货。  加热棒整体来说效果都不太好。你是在跟热力学对抗，而且会输。它增加了使用前的准备时间、额外成本，还有熔化通道的风险，而且它提供的热量转瞬即逝。更可靠的加热方案是加热你的润滑液。这在感知温度上起的作用比加热 TPE 表层大得多。真的很简单，拿个碗或水壶装热水，把润滑液瓶子放进去，等几分钟。检查润滑液温度舒适安全，然后涂到通道内部和你自己身上。  至于杀菌的事。UV-C 灯确实能杀菌，在医院环境里对限制传播很有帮助。但那是医院级的 UV-C 灯。大多数个人消费级 UV-C 消毒工具达不到它们宣称的效果。出于安全原因它们必须低功率，这意味着你需要相当长的暴露时间，比大多数人愿意等的时间长得多。而对于 UV 加热棒，暴露时间长到超过在娃娃里安全使用的限度，因为有熔化问题。这根棒大约3分钟就能热到熔化娃娃并灼伤皮肤的程度。它们还在平坦无孔的表面上效果最好，而大多数通道设计复杂、表面积大。通道里的刺激纹理会阻挡 UV-C 到达通道内的所有区域。而这也无关紧要，因为 TPE 是多孔的。即使 UV-C 棒效果非常好，它也只能杀死 TPE 最表面的东西。对藏在孔隙里的东西毫无作用，而那才是更大的风险。最后，UV-C 暴露有一堆健康风险。它可能永久损伤眼睛、造成皮肤损伤（跟灼伤问题分开算），理论上还可能因为臭氧副产物引起呼吸道问题。这就是为什么商用消毒棒、灯具和手机消毒盒都做得功率不足。,,,,消极,担忧顾虑,中,警告UV棒风险,sentiment
Tantaly情感分析,Tantaly,p02rtrm,,martenic,"This is the type of content I come here for!  And yes, holding and having sex with Tantaly dolls can be quite physically draining! I may be imagining things, but I feel like I'm already way more toned and fit after a month with [my Aurora](https://www.sextoymagazine.com/tantaly-aurora-2-review/).",这就是我来这里要看的内容！  是的，抱着和 Tantaly 娃娃做爱确实挺耗体力的！也许是我的错觉，但我觉得和我的 Aurora 相处一个月后，我已经更有型更健壮了。,,,,积极,愉悦享受,中,喜欢内容健身效果,sentiment
Tantaly情感分析,Tantaly,ozkz8l1,,TinkyHoots,"Glad you enjoy the product, but yeah discretion with 2 kids can be tricky. If you get time where the torso can stay openly exposed in a well ventilated area, the TPE smell will disappear with time.",很高兴你喜欢这个产品，但没错，有2个孩子的情况下隐蔽性确实棘手。如果你有时间让躯干款在通风良好的地方敞开放置，TPE 气味会随时间消失。,,,,中性,分享互助,中,分享隐蔽经验,sentiment
Tantaly情感分析,Tantaly,p1phvkt,,FLoo2,I don't think I can ever part with this one. It'll be an absolute crime if Tantaly don't recycle this butt form for another full-size torso.,我觉得我永远离不开这个了。如果 Tantaly 不把这个屁股形状复用到另一个全尺寸躯干款上，那绝对是犯罪。,,,,积极,愉悦享受,强,挚爱这款,sentiment
Tantaly情感分析,Tantaly,p1phbhw,,FLoo2,"Relatively smooth and not so tight compared to other offerings. Ideal for extended sessions that don't death-grip you to climax.  Her butthole is also pretty incredible, with the perfect positioning for both anal doggy and prone-bone. When I first got her every single finish for the first few months were up inside her ass. 🤤",相对顺滑，不像其他款那么紧。适合延长体验，不会死死夹到你射。  她的屁眼也很不可思议，肛交狗爬式和趴趴位的位置都完美。刚买她的时候，头几个月每一次射精都是射在她屁股里。🤤,,,,积极,愉悦享受,强,高度满意,sentiment
Tantaly情感分析,Tantaly,p1p03go,,martenic,I reviewed Morgpie a while back.  This post of yours low key inspired me to give Morgpie another run! It's been a while.,我前段时间评测过 Morgpie。  你这个帖子低调地启发我再去玩一次 Morgpie！已经有一阵子了。,,,,积极,愉悦享受,中,被启发再用,sentiment
Tantaly情感分析,Tantaly,p1nspyu,,seabie_121,She's one the best 👊🏻,她是最棒的之一 👊🏻,,,,积极,愉悦享受,弱,最佳之一,sentiment
Tantaly情感分析,Tantaly,p1kkeo2,,WhoisjohnXXXdoe,I like the crystal clear one.,我喜欢全透明的那个。,,,,积极,愉悦享受,弱,喜欢透明款,sentiment
Tantaly情感分析,Tantaly,p1k82pa,,Strict-Essay-1264,Hope you guys add a blue/pink slime version too. Seem easy to do by just changing the color to blue. Would be an easy buy for me.,希望你们也出蓝色/粉色史莱姆版本。把颜色改成蓝色看起来很容易做。对我来说会是轻松入手的购买。,,,,积极,期待渴望,中,想要史莱姆色,sentiment
Tantaly情感分析,Tantaly,oz3rgjc,,BigDickTonyG,I like the transparent design. Makes it easier to ensure there is no mold. When will this option be available for all models?,我喜欢透明设计。更容易确认有没有发霉。这个选项什么时候能覆盖所有型号？,,,,积极,愉悦享受,中,喜欢透明设计,sentiment
Tantaly情感分析,Tantaly,oz9c9fx,,RedcatsPornotunes,"Yes, she sure is a very nice doll to do various things with. ❤️",是的，她确实是适合做各种事情的好娃娃。❤️,,,,积极,愉悦享受,中,满意,sentiment
Tantaly情感分析,Tantaly,oz6923n,,DistributionTasty346,"I dont have Rosie, but I heavily recommend Daisy. Daisy Pro or Plus makes the cleaning process way easier (I have Pro). Aside from cleaning, Daisy is just a goddess  The removable vagina only feels a small step down from the fixed tunnels in my opinion, but the plusses you get from cleaning are big.",我没有 Rosie，但强烈推荐 Daisy。Daisy Pro 或 Plus 让清洁过程容易得多（我有 Pro）。除了清洁，Daisy 就是女神。  可拆卸阴道在我看来只比固定通道差一小步，但清洁带来的好处很大。,,,,积极,愉悦享受,中,推荐Daisy,sentiment
Tantaly情感分析,Tantaly,oz5exj8,,IndulgentStroker,"Thanks for your input! I definitely enjoy Aurora, I ended up going with Rosie!",谢谢你的意见！我确实喜欢 Aurora，最后我选了 Rosie！,,,,积极,愉悦享受,中,选定Rosie,sentiment
Tantaly情感分析,Tantaly,oz5eb3s,,VAM_Moose,"Daisy 2.0 has my vote, and depending on if you want Removable tunnels, Fleshlight-like compatibility or just original integrated, she has a lot to offer.  Her physical size is perfect too, I feel she's a proper scale to a real woman as clothes (US Medium) fits her really well. Very immersive!  Not too heavy, definitely manageable compared to a full torso.  I wrote a review sometime ago that compared her against my other doll Aurora. In the review, I highlighted that her tunnels has textures just like all dolls, but because the doll is entirely made with super soft TantaBitt TPE blend, this does make the tunnels milder in sensation. This can be great for those who prefer a less intense sensation.",我投 Daisy 2.0 一票，取决于你想要可拆卸通道、Fleshlight 式兼容还是原始一体式，她有很多可提供的。  她的物理尺寸也完美，我觉得她对真实女性的比例很合适，衣服（美国中码）很合身。非常沉浸！  不太重，相比全躯干款绝对好打理。  我前段时间写过一篇把她和我另一个娃娃 Aurora 对比的评测。评测中我强调她的通道和其他娃娃一样有纹理，但因为娃娃完全用超软 TantaBitt TPE 混合料制成，这让通道感觉更温和。这对喜欢不那么强烈体验的人可能很好。,,,,积极,愉悦享受,中,推荐Daisy 2.0,sentiment
Tantaly情感分析,Tantaly,oz4m81r,,jcd2026,Don't know about Rosie before tantabutt. I can say with it she is a great booty. All her features are realistic. Very happy with her.,不知道加 tantabutt 前的 Rosie 什么样。我可以说是 tantabutt 让她成为超棒的屁股。她所有特征都逼真。对她非常满意。,,,,积极,愉悦享受,强,非常满意,sentiment
Tantaly情感分析,Tantaly,oz2gk0c,,UnassumingUser364,Keep in mind that Rosie has been upgraded to Tantabutt. It didn't have it originally. So you're not losing out on any features by choosing one over the other. Instead it's about which one you subjectively find the most attractive. I also find it helps to come in with the perspective that you'll be happy with either option. Because I think you will be. You can't lose.,记住 Rosie 已经升级到 Tantabutt。它原来没有。所以选哪个都不会损失任何功能。而是关于你主观觉得哪个最有吸引力。我也发现带着「两个都会让你开心」的心态有帮助。因为我觉得你会的。你不会输。,,,,积极,愉悦享受,中,安抚心态,sentiment
Tantaly情感分析,Tantaly,oz2fova,,In62,"Rosie is actually my favorite, because I prefer her shape over Daisy and Daisy is just a bit too heavy for me. But since you like Daisy's shape and are already familiar with the weight of these dolls, you should definitely go for Daisy.",Rosie 其实是我最喜欢的，因为我更喜欢她的形状而不是 Daisy 的，而且 Daisy 对我来说只是有点太重了。但既然你喜欢 Daisy 的形状、也熟悉这些娃娃的重量，你绝对应该选 Daisy。,,,,中性,分享互助,中,推荐型号,sentiment
Tantaly情感分析,Tantaly,oz2auc3,,WhoisjohnXXXdoe,"I have both, and I agree I love Rosie's pussy, many people don't. I love it, Daisy's ass is spectacular. She's my favorite Tantaly doll. Both are a great choice, but if you want to experience a big nice booty go for Daisy. She won't disappoint. Any other questions hit me up on DM. Happy to help.",我两个都有，我同意——我爱 Rosie 的阴道，很多人不爱。我爱它，Daisy 的屁股很壮观。她是我最喜欢的 Tantaly 娃娃。两个都是好选择，但如果你想体验又大又漂亮的屁股就选 Daisy。她不会让你失望。还有其他问题私信我。乐意帮忙。,,,,积极,愉悦享受,强,双持推荐,sentiment
Tantaly情感分析,Tantaly,p0jo888,,xtra02k,If it ever happens or if Ebony Daisy comes back I'll buy it in a heartbeat,如果真有，或者乌木色 Daisy 回归，我会毫不犹豫买。,,,,积极,期待渴望,中,想买乌木色,sentiment
Tantaly情感分析,Tantaly,oz0f9yg,,VAM_Moose,So fun! 🤗,真好玩！🤗,,,,积极,愉悦享受,弱,好玩,sentiment
Tantaly情感分析,Tantaly,oyzynbo,,Minanonyme,"Ahaha very good timing as I just posted a very long review about that a few hours ago. I think the article sums it up perfectly. When it comes to a relationship, the doll should never be seen as a replacement to a partner but it can be used to even out sex-drive inequalities for instance. The key, as once again highlighted in the article, is communication and honesty.",哈哈，时机正好，我几小时前刚发了一篇关于这个的超长评测。 我觉得这篇文章总结得很完美。在关系中，娃娃永远不应该被看作伴侣的替代品，但可以用它来平衡性欲差异等等。 关键，正如文章再次强调的，是沟通和诚实。,,,,中性,分享互助,中,关系观点分享,sentiment
Tantaly情感分析,Tantaly,oyzw68u,,Flat_Answer_7572,Being part of the community I have seen it affect relationships in both ways it has affected my relationship in good ways as me and my wife both love play time but I have seen on here and in my circle dolls affect a relationship badly depends on the person and their mental state and how comfortable they are with their selves and the trust of their partner during the relationship. I think it is a great tool that can be used to strengthen relationship if used properly.,作为社区一员，我见过它对关系有正面也有负面影响。它对我和我老婆的关系有正面影响，因为我们都爱玩的时间，但我在社区和朋友圈里也见过娃娃对关系造成负面影响——这取决于人的心理状态、他们对自己的接受度，以及关系中对伴侣的信任。我觉得如果使用得当，它是可以用来加强关系的好工具。,,,,积极,愉悦享受,中,娃娃增强夫妻关系,sentiment
Tantaly情感分析,Tantaly,oyzm5ig,,VAM_Moose,"Reach out if you have any stains, I'll help 😄",如果有污渍联系我，我帮你 😄,,,,积极,愉悦享受,弱,乐于助人,sentiment
Tantaly情感分析,Tantaly,oyzifeh,,VAM_Moose,"I hope you're careful about color staining, that amazing outfit has a pretty dark color. 🤗",希望你小心染色，那套惊艳的装扮颜色挺深的。🤗,,,,中性,分享互助,弱,提醒染色,sentiment
Tantaly情感分析,Tantaly,oz1yqvk,,Brittembers,"💯 perf ass, love how she stared while licking that tip",💯 完美的屁股，喜欢她舔尖端时盯着看的样子。,,,,积极,愉悦享受,中,欣赏,sentiment
Tantaly情感分析,Tantaly,oz1t1n7,,fcgrimmo1987,Damn i wish i would be inside 🤤,操，我真希望在里面 🤤,,,,积极,期待渴望,中,渴望体验,sentiment
Tantaly情感分析,Tantaly,p1p9602,,Fit_Comfortable_3275,Standing bedside missionary also leaves your hands and arms free to watch porn and play with her body parts. Twist her halfway and scissor fuck her while you cup her ass. That's the position I can get into her the deepest. And my tip hits just a certain spot deep down.,站着床边的传教士位还能解放你的手和手臂，可以看片或玩她的身体部位。把她转一半，用剪刀式操她，同时托着她的屁股。那是我能插得最深的姿势。我的龟头能正好顶到深处某个点。,,,,积极,愉悦享受,中,分享姿势经验,sentiment
Tantaly情感分析,Tantaly,p1p7ypj,,Fit_Comfortable_3275,"Aroura have longer thighs makes it feels some much more realistic. And I can use my legs to move and support her more. I can balance her cowgirl really well for rocking, thrusting and bouncing by holding her shoulders or tits or waist. Just like the real thing. Bend her tits down in my face to smother or suck. Best feel of her little ass that way I think too. Your in for it guy.",Aurora 有更长的大腿，感觉真实得多。我可以用我的腿来移动和支撑她。通过抓住她的肩膀、胸或腰，我能很好地平衡她的骑乘位，进行摇摆、冲刺和弹跳。就像真的一样。把她的胸弯下来贴在我脸上闷住或吮吸。我觉得那样也最能感受她的小屁股。你有得爽了，兄弟。,,,,积极,愉悦享受,中,分享体验,sentiment
Tantaly情感分析,Tantaly,oz69r8f,,DistributionTasty346,"Aurora is amazing in missionary! The easiest is lying her flat on your bed with you off the edge, or you on the bedge with pillows/anything sturdy but not sharp under her to elevate her. Start there and see where your curiosity leads you!",Aurora 在传教士位超棒！最简单的做法是让她平躺床上，你在床边，或者你在床边用枕头/任何稳固但不尖锐的东西垫高她。从那里开始，看看你的好奇心把你带到哪里！,,,,积极,愉悦享受,中,分享姿势技巧,sentiment
Tantaly情感分析,Tantaly,oyyypa0j,,VAM_Moose,"Welcome to the Aurora fan club 🤗  Position is whatever you heart desires! She's great at a variety of poses. My personal favorite is Cowgirl! 🥰  Some poses like downward doggy style is pretty easy enough, although best to be done on a soft surface like a bed to protect her breasts. Regular doggy style may need something to prop up her upper torso, like a table, chair, etc.  My advice it to use the weight to your advantage and not to deadlift the doll into position, instead consider ROLLING the doll on whatever surface she's on so you can save energy.",欢迎加入 Aurora 粉丝俱乐部 🤗  姿势随你心意！她擅长各种姿势。我个人最喜欢骑乘位！🥰  有些姿势像下犬式狗爬很容易，不过最好在床这样柔软的表面上做，保护她的胸。普通狗爬式可能需要东西撑起她的上半身，比如桌子、椅子等。  我的建议是利用重量而不是把娃娃硬扛到位，考虑在娃娃所在的表面「滚动」她，这样可以省力。,,,,积极,愉悦享受,中,热情分享,sentiment
Tantaly情感分析,Tantaly,oyxq0td,,ahig2022,"Lay her on her back and go to town, otherwise turn her over and mount doggy style. If you get tored of that. Put her cowgirl and rock her with your arms. All 3 feel great. I don't have Aurora, but I imagine with her legs, all three will be easier than positioning Candice",让她仰躺然后开干，或者翻过来狗爬式骑上去。如果玩腻了，让她骑乘位用胳膊摇她。三种感觉都很好。我没有 Aurora，但我想有她的腿，三种都比摆 Candice 容易。,,,,积极,愉悦享受,中,分享姿势,sentiment
Tantaly情感分析,Tantaly,oyxdk87,,ahig2022,"We're wired for it dude. Lube up, and do what feels right. Using a wedge pillow can help in putting her in the right angles, but otherwise, you'll figure it out!",我们天生就会这个，兄弟。涂上润滑液，做感觉对的事。用楔形枕头可以帮她摆好角度，但除此之外，你会搞定的！,,,,积极,愉悦享受,中,鼓励,sentiment
Tantaly情感分析,Tantaly,oz0mjoa,,In62,"I have both and I would recommend Candice, unless you are totally focused on boobs. Britney is too small for realism and her tunnels are too intense. Candice is a realistic size and shape and feels more natural. While Britney has the big boobs, her butt is very small. Feel free to dm me if you want to discuss more",我两个都有，我推荐 Candice，除非你完全专注于胸。Britney 太小不够真实，通道太强烈。Candice 尺寸和形状真实，感觉更自然。Britney 虽然有大胸，但屁股非常小。想聊更多尽管私信我。,,,,中性,分享互助,中,推荐Candice,sentiment
Tantaly情感分析,Tantaly,p0e4h6s,,Jennybunnyyy,mmm yes I would ride like that dildo🍑🍆💦💦💦,嗯嗯，是的，我会像那个假阳具一样骑 🍑🍆💦💦💦,,,,积极,愉悦享受,中,想要体验,sentiment
Tantaly情感分析,Tantaly,ozq41sk,,Jennybunnyyy,Hahaha si soy una muñeca hahaha me encanta saber que te gusta 🥰🔥💋💋,哈哈哈是的我是娃娃哈哈哈，很高兴知道你喜欢 🥰🔥💋💋,,,,积极,愉悦享受,中,感谢喜欢,sentiment
Tantaly情感分析,Tantaly,ozcerq8,,Jennybunnyyy,Si seguiré subiendo más contenido 💯🔥,是的，我会继续上传更多内容 💯🔥,,,,积极,期待渴望,中,继续更新,sentiment
Tantaly情感分析,Tantaly,oz1jxy0,,Jennybunnyyy,Ufff si Mark es toda una fantasía 🥰💦🍑🍆,呜，是的，Mark 完全是个幻想 🥰💦🍑🍆,,,,积极,愉悦享受,中,幻想,sentiment
Tantaly情感分析,Tantaly,oz1jiwx,,Jennybunnyyy,Si te la recomiendo que la pruebes en algún momento usa mi código de descuento jennyfer para obtener el mejor precio 🔥🔥💋💋,是的，我推荐你哪天试试她，用我的折扣码 jennyfer 拿到最优惠的价格 🔥🔥💋💋,,,,中性,分享互助,弱,推广折扣,sentiment
Tantaly情感分析,Tantaly,oz1j798,,Jennybunnyyy,Gracias por verme maldita 🥰🍑🍆💦,谢谢你看我，小妖精 🥰🍑🍆💦,,,,积极,愉悦享受,中,感谢观看,sentiment
Tantaly情感分析,Tantaly,oyxqhxa,,Jennybunnyyy,Gracias si se siente tan bien mmm🍑🍆💦,谢谢，是的，感觉太好了嗯嗯 🍑🍆💦,,,,积极,愉悦享受,中,感谢反馈,sentiment
Tantaly情感分析,Tantaly,oyxqamg,,Jennybunnyyy,Gracias si se siente tan bien mmmm🍑🍆💦,谢谢，是的，感觉太好了嗯嗯嗯 🍑🍆💦,,,,积极,愉悦享受,中,感谢反馈,sentiment
Tantaly情感分析,Tantaly,oyx84e3,,ahig2022,What a fantastic view. That wet grip would feel so fucking good.,多棒的景色。那种湿滑的握感会爽到飞起。,,,,积极,愉悦享受,中,兴奋,sentiment
Tantaly情感分析,Tantaly,oyzxp88,,Minanonyme,"I think it's a very underated aspect and benefit of having one ! It's such a good tool to show and express fantasies to the other, and then talk about it.  I really think some couples are missing on their sexuality because of things like complexes or being afraid to just ask and that a doll could help get the first step in ! That's why I write those ☺️",我觉得这是拥有娃娃一个非常被低估的方面和好处！它是向对方展示和表达幻想、然后聊它的绝佳工具。 我真的觉得有些伴侣因为自卑情结或不敢开口之类的东西错过了性爱，而娃娃能帮助迈出第一步！这就是我写这些的原因 ☺️,,,,积极,愉悦享受,中,娃娃促进伴侣沟通,sentiment
Tantaly情感分析,Tantaly,oyujhzy,,martenic,"I just got the chance to try and review Aurora 2.0 in wheat. I'd say she fits the bill of a ""summer girl"" for sure - fit, tanned, and just has that beautiful, nearly perfect bikini body.",我刚好有机会试了小麦色 Aurora 2.0 并写评测。我会说她是名副其实的「夏日女孩」——健美、古铜，还有那种美丽的、近乎完美的比基尼身材。,,,,积极,愉悦享受,强,高度好评,sentiment
Tantaly情感分析,Tantaly,oyt3s9d,,HealingGirlse1107,"White lace suits Lena so well, elegant and sexy. I love her! 🔥🔥🔥",白色蕾丝太适合 Lena 了，优雅又性感。我爱她！🔥🔥🔥,,,,积极,愉悦享受,中,官方Bot喜爱,sentiment
Tantaly情感分析,Tantaly,oyuooj1,,martenic,"Funnily enough, I just got and reviewed Aurora 2.0. I also chose my best positions so far for her. All in all, I'd say that missionary is still king when it comes to Aurora. It is the best position for showcasing that famous wobble on those breasts.",有趣的是，我刚拿到并评测了 Aurora 2.0。我也为她选了我目前觉得最好的姿势。总的来说，我会说传教士位对 Aurora 来说仍然是王者。它是展示那著名的胸部晃动的最佳姿势。,,,,积极,愉悦享受,中,评测好评,sentiment
Tantaly情感分析,Tantaly,oysr9ui,,zeeeeeer54,"Doggy and cowgirl are truly amazing with her. Cuddling is also one of her strongest point because of her long body and legs, she is awesome, enjoy your time.",狗爬和骑乘位和她一起真的很棒。抱睡也是她最强的点之一，因为她的长身体和腿，她太棒了，享受你的时光。,,,,积极,愉悦享受,中,抱睡好评,sentiment
Tantaly情感分析,Tantaly,oysmq57,,Davislimawinter,I recommend missionary or spoon,我推荐传教士或搂抱式。,,,,中性,分享互助,弱,推荐姿势,sentiment
Tantaly情感分析,Tantaly,oyupk6k,,martenic,"Whew, that slight sheen on those breasts makes Candice that much hotter. A while back, I also tested and reviewed her. This photo low key makes me think that it may be time to get her out for a session again!",呼，胸上那层微微的光泽让 Candice 更辣了。前段时间我也测试并评测过她。这张照片低调地让我觉得是时候再把她拿出来玩一次了！,,,,积极,愉悦享受,中,想再用Candice,sentiment
Tantaly情感分析,Tantaly,ozjv3dq,,MiserablePermit8301,No homo but I've always wanted to try something and with the existence of these dolls I might be able to. I always wanted my cock smushed inside a vagina and have our dicks be rubbing inside but yeah super gay.   One day I might get this doll to try with my Mia.,不是同性恋，但我一直想试点什么，有了这些娃娃我或许能。我一直想让我的鸡巴和另一个鸡巴在阴道里贴在一起摩擦，但没错这超级基。  有一天我可能会买这个娃娃跟我的 Mia 一起试。,,,,积极,期待渴望,中,幻想尝试,sentiment
Tantaly情感分析,Tantaly,okq3cp1,,GONDump,Hey I would love to join the tantaly discord…I got my daisy and I’m having soo much fun with her!!,嘿，我想加入 tantaly 的 discord……我买了 Daisy，和她玩得太开心了！！,,,,积极,愉悦享受,强,玩得开心,sentiment
Tantaly情感分析,Tantaly,okpej24,,Jaded_Degree_1843,So I am waiting for this sale event. So Candice is on 15 % discount on the Tantaly website and you guys can use SELFLOVE (until May 14) for additional discount ( I got the code from ivyworksout youtube channel). So if you guys want 30 percent total discount use the code SELFLOVE code. Just wanted to let everyone know. If you guys know any discount code more than 15% please let everyone know. Enjoy!,我在等这个促销活动。Candice 在 Tantaly 官网打 15% 折，你们可以用 SELFLOVE（到 5 月 14 日）再叠折扣（我从 ivyworksout YouTube 频道拿到的码）。想要 30% 总折扣就用 SELFLOVE 码。只是想告诉大家。如果你们知道超过 15% 的折扣码也请告诉大家。享受！,,,,积极,愉悦享受,中,分享折扣,sentiment
Tantaly情感分析,Tantaly,okp1vv2,,DrDune85,Dude for reals ! Also Pic #4 one of my favorite pics i have of Aurora definitely 😍,哥们真的！还有图 4 绝对是我拥有的 Aurora 照片里最喜欢的😍,,,,积极,愉悦享受,中,喜欢照片,sentiment
Tantaly情感分析,Tantaly,okozsnn,,WhoisjohnXXXdoe,"👏🏼👏🏼👏🏼👏🏼 Tantaly dolls are a life changer. BTW, loving the pics!! Pic 4, 😍😍😍😍😍🔥🔥🔥🔥",👏👏👏👏 Tantaly 娃娃改变了我的生活。顺便说，超爱这些图！！图 4 😍😍😍😍😍🔥🔥🔥🔥,,,,积极,愉悦享受,强,改变生活,sentiment
Tantaly情感分析,Tantaly,okof5z6,,Abaddon018,"Busqué en Amazon, pero no logré encontrar ninguno. Tengo Daisy con su styrofoam. Tendrá que ser lo suficientemente grande para que ella quepa.",我在 Amazon 找过，但一个都没找到。我有 Daisy 和她的泡沫包装盒。袋子得足够大才能装下她。,,,,消极,担忧顾虑,中,收纳袋难找,sentiment
Tantaly情感分析,Tantaly,oki5bll,,-GlassMaker,"the set i have isn't available in your country but you should find these or similar if you type ""sexy baby lingerie"" or something like that",我买的那套在你们国家没有，但你搜“sexy baby lingerie”之类的话应该能找到这些或类似的。,,,,中性,分享互助,弱,分享购买渠道,sentiment
Tantaly情感分析,Tantaly,okhgdih,,NoHuckleberry3865,"Given your notes: Get Aurora for sure.   I have both. Personally I prefer Candice, but I think you want Aurora.    Candice is significantly lighter and the vaginal canal is less stimulating. Aurora's canal looks like a Sarlacc pit. Feels great, but milks you quickly.    The legs make a huge difference in the tactile experience, what positions you can put her in, and how she looks in clothes. She EXCELS at cowgirl and can do any other position. Her legs support her, so you dont take all the weight, and they keep her in place. She also wears clothing better than Candice by a long shot.   The only real downsides to Aurora in my view are:  1. Canals can be too stimulating.  2. Ass looks a bit unnatural from some angles  3. Heavier for a torso  But she's a great torso.   I never tried tantabutt. I think TPE butts are pretty good though.",根据你的描述：选 Aurora 准没错。  两款我都有。个人更喜欢 Candice，但我觉得你适合 Aurora。  Candice 明显更轻，阴道通道刺激感较弱。Aurora 的通道看起来像个沙拉克坑（指又深又紧）。感觉很棒，但会让你很快缴械。  腿对触感体验、可摆姿势和穿衣效果影响巨大。她特别擅长女上位，也能做任何其他姿势。腿能支撑她自己，所以不用承担全部重量，还能保持位置。穿衣效果也远超 Candice。  在我看来 Aurora 唯一的缺点是：1. 通道可能过于刺激。2. 某些角度看屁股有点不自然。3. 对半身娃娃来说偏重。  但她是款很棒的半身娃娃。我从来没试过 tantabutt，不过我觉得 TPE 臀部已经很好了。,,,,中性,分享互助,中,详细对比,sentiment
Tantaly情感分析,Tantaly,okh5yxs,,DrDune85,I have both Candice and Aurora both 2.0  From what im reading Go with Aurora  Legs make it better for riding and better for doggy. Her ass is still amazing even without tanta butt.   But most importantly Aurora is the tightest pussy out of all the Tantaly dolls. Straight up Man milker  Definitely go with Aurora will can not go wrong at all,Candice 和 Aurora 2.0 我都有。  按我看到的来说，选 Aurora。腿让骑乘和后入都更舒服。即使没有 tantabutt，她的屁股依然惊人。  但最重要的是，Aurora 是 Tantaly 所有娃娃里最紧的。纯纯的“男人榨汁机”。  绝对选 Aurora，完全不会错。,,,,积极,愉悦享受,中,推荐Aurora,sentiment
Tantaly情感分析,Tantaly,okesdpg,,Electronic_Club1279,I just recently got a caroline and she is pretty nice. I ended up ripping a hole in her vagina to her ass from doing cowgirl because its the most immersive. I ordered a new one.,我最近刚买了一个 Caroline，她挺不错的。因为女上位最沉浸，结果我把她阴道到屁股之间撕了个洞。我已经下单买新的了。,,,,中性,分享互助,中,撕裂但复购,sentiment
Tantaly情感分析,Tantaly,okdm6kp,,lostsoul1236,Could you do an official unboxing of Grace at some point? I've been excited to get her when I have the money.,你们能找个时间给 Grace 做个官方开箱吗？我一直盼着有钱了买她。,,,,积极,期待渴望,中,期待购买,sentiment
Tantaly情感分析,Tantaly,okc5lgo,,CapRepresentative885,Lo masajeas con el talco y se quita y se queda perfecta,你用爽身粉按摩它就能去掉，然后就会完美如初。,,,,中性,分享互助,弱,分享爽身粉技巧,sentiment
Tantaly情感分析,Tantaly,okb1vvn,,CapRepresentative885,Peimero la.lavo con agua y jabón y despues de secarla el talco y se queda como nueva y suave,先用水和肥皂洗她，擦干后再上爽身粉，就会像新的一样柔软。,,,,中性,分享互助,弱,清洁技巧,sentiment
Tantaly情感分析,Tantaly,okaheqa,,ShilohRoma,"Rebecca is interesting. I wonder how tight she is, her legs seem hot but I’m more worried about her holes’ grip",Rebecca 挺有意思。我好奇她有多紧，她的腿看起来很辣，但我更担心她洞口的握力。,,,,中性,中立客观,中,好奇Rebecca,sentiment
Tantaly情感分析,Tantaly,okaabue,,Efficient-Ice-8813,some clothes are available here [https://sultrydolls.com/collections/tantaly-candice-clothes](https://sultrydolls.com/collections/tantaly-candice-clothes)  shop is in France.,这里有一些衣服可选（链接）。店铺在法国。,,,,中性,分享互助,弱,分享衣服资源,sentiment
Tantaly情感分析,Tantaly,ok57abz,,Jennybunnyyy,Muchas gracias es un placer que te guste ver mi culo y el de Selena juntas🍑🍑💦💦,非常感谢，你喜欢看我和 Selena 的屁股在一起是我的荣幸🍑🍑💦💦,,,,积极,愉悦享受,中,感谢欣赏,sentiment
Tantaly情感分析,Tantaly,ok4glin,,One-Throat-2497,Thank you for the descriptive comparison. I like the idea of Aurora 2.0 with life-like size. I’m just not sure I see my wife hauling her around at 55.6 lbs dead weight. She already thinks Candice 2.0 is a little heavy. To me Emilia seems like the way to go. I’ll let the wife know and see what she thinks. Thank you so much for your help!,感谢详细的对比。我喜欢 Aurora 2.0 真人大小的想法。只是不确定我妻子能不能拖着 55.6 磅的死重。她已经觉得 Candice 2.0 有点重了。对我来说 Emilia 似乎是更好的选择。我会告诉妻子，看她怎么想。非常感谢你的帮助！,,,,中性,分享互助,中,与妻商议选型,sentiment
Tantaly情感分析,Tantaly,ok4fxz2,,VAM_Moose,Glad you enjoy the review. Aurora is definitely my dream girl! 🥰  Hit me up in the DMs to get a discount code to help you save on her premium price. Also happy to advise on any questions you may have to help care for her! 😁👍,很高兴你喜欢这篇评测。Aurora 绝对是我的梦中情人！🥰 私信我可以拿折扣码，帮你省下她不菲的价钱。也很乐意解答任何关于照顾她的问题！😁👍,,,,积极,愉悦享受,中,梦中情人,sentiment
Tantaly情感分析,Tantaly,ok49yw8,,martenic,She's the first one [I got and reviewed for my blog](https://www.sextoymagazine.com/best-tantaly-dolls/#best-overall-britney).  ...and still my all-time favorite too! Also have to compliment the outfit choice!,Britney 是我入手并写进博客评测的第一款娃娃……也仍然是我一直以来的最爱！还得夸夸这身搭配！,,,,积极,愉悦享受,强,一直最爱,sentiment
Tantaly情感分析,Tantaly,ok09dgx,,CapRepresentative885,Siempre la cuido de darle mucho cariño 👌🏽👌🏽,我总是很用心地照顾她，给她很多爱👌👌,,,,积极,愉悦享受,弱,用心照顾,sentiment
Tantaly情感分析,Tantaly,ojzvscr,,Hungry-Television490,"Edge of jacuzzi yes that sounds fun.  Mabie tity play in the tub, but sex in it idk.  Underwater sex with a woman is dry, but possibly better with a doll or the Same idk",按摩浴缸边缘，听起来不错。也许在浴缸里玩胸还行，但在里面做爱我不确定。和女人水下做爱是干的，但和娃娃可能更好，我也不确定。,,,,中性,中立客观,中,讨论浴缸玩法,sentiment
Tantaly情感分析,Tantaly,ojxyhef,,Jennybunnyyy,Gracias a ti por disfrutar mi contenido y Selena es tan sexy y caliente mmm🍑🍑🔥🔥,谢谢你们享受我的内容，Selena 太性感太火辣了mmm🍑🍑🔥🔥,,,,积极,愉悦享受,中,感谢,sentiment
Tantaly情感分析,Tantaly,ojxy1s7,,Jennybunnyyy,Si me encanta que me den nalgadas y me aceiten 🥰🍑💦🍆,是的，我喜欢被打屁股和抹油🥰🍑💦🍆,,,,积极,愉悦享受,中,喜欢打屁股抹油,sentiment
Tantaly情感分析,Tantaly,ojuqfo9,,martenic,Fell in love with Candice immediately after getting her. Also have [a review of her](https://www.sextoymagazine.com/tantaly-candice-2-review/) on my toy blog if anyone's interested.,入手 Candice 后立刻爱上她。我的玩具博客上也有她的评测，感兴趣的可以看。,,,,积极,愉悦享受,强,一见钟情,sentiment
Tantaly情感分析,Tantaly,ojtbgq3,,CapRepresentative885,Buufff yo lo hago tambien con britney y buff eso me pone al maximo🔥🔥💦💦,哇，我也和 Britney 这样做，那让我嗨到极点🔥🔥💦💦,,,,积极,愉悦享受,中,体验嗨,sentiment
Tantaly情感分析,Tantaly,ojtahqv,,CapRepresentative885,Quiero darle nalgadas que ricura 😍🔥💦,我想打她屁股，太诱人了😍🔥💦,,,,积极,愉悦享受,中,想打屁股,sentiment
Tantaly情感分析,Tantaly,ojt9u5d,,CapRepresentative885,Buuff increible y mas en aceite que ricura 🔥yo quiero darte nalgadas 💦💦💦💦,哇太棒了，抹了油更诱人🔥我想打你屁股💦💦💦💦,,,,积极,愉悦享受,中,兴奋,sentiment
Tantaly情感分析,Tantaly,ojqku78,,vane_van,"Looking forward to your review! Hopefully some videos. How is Grace as far as private storage, is she pretty bulky and hard to hide? Or is it pretty easy to hide in a closet?",期待你的评测！希望有视频。Grace 在私密收纳方面怎么样，她很大很笨重难藏吗？还是很容易藏进衣柜？,,,,中性,中立客观,中,关心收纳隐蔽,sentiment
Tantaly情感分析,Tantaly,ojpodt2,,UnassumingUser364,"You want to clean it every time, and do so promptly and thoroughly. Ejaculation is not the only source of biological material left behind, plus anything the doll picks up in its environment. The entire point of the cleaning and drying process is to A) clear off anything that could lead to bacterial, viral, or mold growth. And B) make the doll more inhospitable for anything that might already be in the pores.  Most water-based lubrication is not a bacterial, viral, or mold food source. Which is good. But what it can be is a carrier for food sources, bacteria, molds spores, etc. Meaning it could transport all that unpleasantness deeper into the doll. The most hospitable environment for bacterial and mold growth is something that is warm and moist. Failure to clean out the lube, now fortified with things like your skin cells, helps create such an environment.",你应该每次使用后及时彻底清洁。射精不是唯一留下的生物材料来源，娃娃还会沾染环境里的东西。清洁干燥的全部意义是：A) 清除可能导致细菌、病毒、霉菌生长的东西。B) 让娃娃对可能已经进入毛孔的东西更不友好。大多数水基润滑剂不是细菌、病毒或霉菌的食物来源，这很好。但它可以成为食物、细菌、霉菌孢子的载体，可能把脏东西带进娃娃深处。温暖潮湿的环境最利于细菌和霉菌生长。不清洗残留的润滑剂（里面还有皮肤细胞等）就会制造这样的环境。,,,,中性,分享互助,中,清洁科普,sentiment
Tantaly情感分析,Tantaly,ojp5q2c,,Brilliant_Oil7209,"Ich hoffe, meine deutsche Erklärung wird gut übersetzt.  Ich habe Grace seit ein paar Wochen und bin sehr zufrieden. Mir ist bei Puppen eine ausreichend weite Vagina wichtig, viele Produkte sind mir zu eng und zu hart. Zum Vergleich: Candice 2.0 passt mir bestens, Britney 2.0 ist schön, aber fast zu fest. Ich habe beide und wechsle gerne zwischen beiden, je nach Lust.  Grace fasst sich sehr realistisch an, das Silikon gerade im Po ist sehr weich und anschmiegsam. Die Vagina ist etwas weniger dehnbar als die von Britney oder Candice, dafür hat sie einen größeren Durchmesser. Das sieht etwas ungewohnt aus, weil man wirklich in ein Loch blickt, fühlt sich aber toll an. Für Silikon ist das Material wirklich sehr weich und ich hoffe, dass sich Olivia und Emilia auch auch so weich anfühlen. Durch dem großen Durchmesser und das akzeptable Gewicht kann man den Tunnel gut reinigen und auch wieder trocknen. Den Analtunnel habe ich nur einmal probiert - er fühlt sich gut an, anal ist aber nicht so meine Vorliebe. Ich benutze Grace meist entweder Missionar auf dem Bett oder Doggy auf dem Tisch - beides ist schön und nicht zu stark stimulierend für meinen etwas größeren Umfang.  Wenn es mit der Reinigung schnell gehen muss, benutze ich Kondome und Onatsuyu Pussy Juice Lotion. Durch das Konservierungsmittel in der Lotion muss ich das Gleitmittel nur mit einem Papiertuch auswischen und habe (auch bei den TPE-Puppen) bisher nie Probleme mit Schimmel gehabt. Natürlich darf man dann nicht ohne Kondom in die Puppe, sonst muss man wie gewohnt alles reinigen und trocknen. Das vorhandene Gleitmittel wird sorgfältig von dem Kondom gewischt oder ich benutze trockene Kondome - allerdings habe ich die nur in einer Größe gefunden, die mir nicht gut passt.  Das Gewicht passt gut, allerdings ist Grace für Cowgirl zu wabbelig (wird das gut übersetzt?), so dass ich meist doch bei Doggy lande oder Missionar.  Ich überlege, mir Olivia oder Emilia anzuschaffen, habe bei Emilia nur etwas Probleme mit der Aufbewahrung, weil sie zu groß für meinen Schrank ist. Auch bin ich neugierig, ob die Vaginalgröße der beiden passt. Emilia soll etwas kurz sein, dafür einen ausreichenden Durchmesser. Olivia erscheint mir etwas enger auf den Fotos.  Viel Spaß mit meiner Rezension und freut euch auf die neuen Silikonpuppen!",我希望我的德语解释翻译得好。我拥有 Grace 几周了，非常满意。我在意娃娃的阴道要足够宽，很多产品对我来说太紧太硬。对比：Candice 2.0 最适合我，Britney 2.0 不错但几乎太紧了。我两款都有，会按心情换着用。Grace 摸起来非常真实，尤其臀部的硅胶非常柔软贴合。阴道比 Britney 或 Candice 弹性稍差，但直径更大。看着有点不习惯，因为真的能看到一个洞，但感觉很好。就硅胶而言材料真的很软，希望 Olivia 和 Emilia 也这么软。直径大、重量可接受，隧道容易清洁和干燥。肛门隧道只试过一次——感觉不错，但肛交不是我的偏好。我通常用 Grace 做床上传教士或桌上后入——两者都很好，对我稍大的尺寸刺激不过度。需要快速清洁时我用避孕套和 Onatsuyu Pussy Juice 乳液。乳液含防腐剂，用纸巾擦掉即可，从来没遇到过霉菌问题。当然那之后不能无套进娃娃。重量合适，但 Grace 对女上位来说太晃了，所以我通常还是后入或传教士。我在考虑买 Olivia 或 Emilia，只是 Emilia 收纳有点问题，她太大放不进我的柜子。也好奇两者的阴道尺寸。Emilia 听说较短但直径够。Olivia 照片上看起来更紧。祝我的评测愉快，期待新款硅胶娃娃！,,,,积极,愉悦享受,强,德语高度好评,sentiment
Tantaly情感分析,Tantaly,oji5s8v,,CapRepresentative885,Espectacular trio buuff yo lo hago con britney 😍🔥💦,惊艳的三人群，哇我也和 Britney 这样做😍🔥💦,,,,积极,愉悦享受,中,兴奋,sentiment
Tantaly情感分析,Tantaly,ojhxfjv,,Sea_Excitement3843,I would love to have these boobs in my face,我很想让这对胸贴在我脸上。,,,,积极,期待渴望,中,渴望体验,sentiment
Tantaly情感分析,Tantaly,ojh9k9h,,martenic,"I have [a review of Aurora here](https://www.sextoymagazine.com/best-tantaly-dolls/#a-sex-doll-torso-with-a-stripper-body-aurora-2-0) if you're interested. I'd give my vote for her as well. She feels so damn smooth yet perky. The thighs are amazing too so I think it would play very well with what your wife is looking for. Throw some good, shiny lube on those thighs and the scissoring session will be pretty damn great, I bet.",我这里有 Aurora 的评测，感兴趣可以看。我也投她一票。她摸起来超级光滑又紧致。大腿也超赞，我觉得很符合你妻子想要的。在大腿上抹点顺滑的润滑油，剪刀式互蹭会很爽，我打赌。,,,,积极,愉悦享受,中,推荐Aurora,sentiment
Tantaly情感分析,Tantaly,oj841e5,,One-Throat-2497,Daisy Plus is super fun and very easy to clean.,Daisy Plus 超级好玩，而且很容易清洁。,,,,积极,愉悦享受,中,满意,sentiment
Tantaly情感分析,Tantaly,oj76cn5,,Taylorr_Moon,"This toy is the Candice Pro by Tantaly and it’s pretty darn awesome (very realistic feel). Also, feel free to use my promo code TAYLOR10 if you would like 10% off a purchase of their products 😇",这款是 Tantaly 的 Candice Pro，相当棒（手感非常真实）。另外，需要的话可以用我的优惠码 TAYLOR10 打 9 折😇。,,,,积极,愉悦享受,中,好评推广,sentiment
Tantaly情感分析,Tantaly,oj5zr16,,WhoisjohnXXXdoe,I find painters tape to be just as good. 👍🏼,我觉得美纹纸胶带也一样好用。👍🏼,,,,中性,分享互助,弱,分享妙招,sentiment
Tantaly情感分析,Tantaly,oj5vehs,,CapRepresentative885,La mia Britney buuff,我的 Britney 哇。,,,,积极,愉悦享受,弱,有Britney,sentiment
Tantaly情感分析,Tantaly,oj56gdk,,nenico87,"I have 25 kg (54 lbs) Aurora and I would change it. I'm glad for her weight, she got momentum, not needed to be hold down without fear of her 'running away', she feels good on top... Or just as cuddle buddy for sleeping with",我有 25 公斤（54 磅）的 Aurora，我不会换掉她。我很满意她的重量，她有惯性，不用担心她“跑掉”，在上面感觉很好……或者作为抱着睡觉的抱抱伙伴。,,,,积极,愉悦享受,中,满意重量抱睡,sentiment
Tantaly情感分析,Tantaly,oj4wvkv,,UnassumingUser364,Try to keep the bath/jacuzzi temperature around or under 40° C. Above 44° C is when TPE melting starts becoming a possibility.,尽量把浴缸/按摩浴缸温度保持在 40°C 或以下。超过 44°C 时 TPE 就可能开始融化。,,,,中性,分享互助,弱,温度提醒,sentiment
Tantaly情感分析,Tantaly,oj3ygud,,Strange_Mission9270,Fantastic news! Going to let my 1st Monroe know there might be another in future 🙏,太棒了！得让我第一个 Monroe 知道未来可能还会有另一个🙏,,,,积极,期待渴望,中,期待新Monroe,sentiment
Tantaly情感分析,Tantaly,oj3ipzh,,masqueradeporn,This is Mark 😍 such a good boy hehehe don’t forget to use my code JANE12 at check out if you decide 😈,这是 Mark😍 真是个好男孩嘿嘿嘿，决定的话别忘了结账用我的码 JANE12😈,,,,积极,愉悦享受,中,推广,sentiment
Tantaly情感分析,Tantaly,ois7qpg,,_Jeffrey_Epstien_,"Idea for a new doll just thick thighs, ass, legs no upper torso",新娃娃的想法：只要粗大腿、屁股、腿，不要上半身。,,,,积极,期待渴望,弱,建议新款,sentiment
Tantaly情感分析,Tantaly,oirtzvz,,Due-Needleworker4315,Use Code Nesty12 for 12% OFF 🥳[Tantaly](https://tantaly.com) 👉 tantaly.com 👈  #tantaly #sexdoll #sextoy #review,用码 Nesty12 打 88 折🥳 tantaly.com #tantaly #sexdoll #sextoy #review,,,,中性,分享互助,弱,推广,sentiment
Tantaly情感分析,Tantaly,oiqc5ds,,UnassumingUser364,"They were getting absolutely destroyed in transit. A high percentage of dolls were arriving with busted and deflated breasts, butts, or both. Tantaly then had to issue either refunds or replacements. The transit problem was so bad that the warranty replacement dolls were even arriving destroyed. Ultimately the decision was made a little over a year ago to just roll everything back to Tantabosom only on the torsos.   A definitive answer was never stated about what the central issue was. Just that it was a severe enough problem that it was easier just to discontinue it instead of trying to fix it. They did find that one of the factories wasn't manufacturing Tantabutt and Tantabosom to spec. And initially it was suspected to issues with temperature extremes during transit.  My personal pet theory is that it's an inherent issue with the styrofoam packaging. That when you have just Tantabosom or just Tantabutt, the doll can be more easily kept stable within the styrofoam during transit. Since Tantabosom/Tantabutt are oriented upward, filling out the upper half of the styrofoam, with the solid TPE side of the doll making a firmer foundation on the bottom half of the styrofoam. It was my theory that adding Tantabutt to a torso compromised that stability. That the softness and easily compressible nature of the Tantabutt and Tantabosom led to the dolls rocking back and forth during transit. Leaving to the breasts and butt repeatedly slamming against the top and bottom of the styrofoam halfs. To the point where it eventually eruptively damaged the doll. Around this point Tantaly stated sealing the two halves shut with tape, they didn't used to, meaning that there is no more give in the styrofoam halves.  To lend creedence to this theory, I ordered a Hannah shortly after the Tantabutt torsos was discontinued. It arrived with minor non catastrophic damage to the breasts and a partially destroyed top half of styrofoam. The damage was from the doll rocking back and forth inside the packaging in transit. The repeated rocking and slamming led to the styrofoam breaking around the breasts indents. Hannah as comparatively small breasts so other than some marks they weren't too badly damaged. But I'm pretty confident that if the doll had larger breasts or had Tantabutt, the damage to both the dull and the styrofoam would be even more extensive.",她们在运输中被毁得很惨。很高比例的娃娃到货时胸部、臀部或两者都已破损塌陷。Tantaly 不得不退款或换货。运输问题严重到保修替换的娃娃也损坏到达。最终一年多前决定把所有半身娃娃退回只用 Tantabosom。从未明确说明核心原因，只说问题严重到直接停产比修复更容易。确实发现一家工厂没有按规格生产 Tantabutt 和 Tantabosom。最初怀疑是运输中的极端温度问题。我个人的推测是泡沫包装的固有问题：只有 Tantabosom 或 Tantabutt 时娃娃更容易在泡沫里保持稳定。Tantabosom/Tantabutt 朝上填充泡沫上半部分，实心 TPE 侧在泡沫下半部分形成更稳固的基底。我的理论是给半身娃娃加 Tantabutt 破坏了这种稳定性。Tantabutt 和 Tantabosom 柔软易压缩的特性导致娃娃在运输中前后摇晃，胸臀反复撞击泡沫两半，最终造成破坏性损伤。当时 Tantaly 开始用胶带封住泡沫两半（以前不封），泡沫两半不再有活动空间。佐证：我在 Tantabutt 半身停产不久后订购了 Hannah，到货时胸有轻微非致命损伤，泡沫上半部分破损。损伤来自运输中娃娃在包装内前后摇晃，反复撞击导致泡沫在胸部凹槽周围破裂。Hannah 胸相对较小，所以除了痕迹没有太严重。但我很确定如果娃娃胸更大或有 Tantabutt，娃娃和泡沫的损坏都会更严重。,,,,中性,分享互助,中,运输问题分析,sentiment
Tantaly情感分析,Tantaly,oiq6vct,,UnassumingUser364,"The version of Britney with both Tantabutt AND Tantabosom was a inline update to the original Britney 2.0 which was Tantabosom only. The Tantabutt and Tantabosom version (think of it as 2.5) existed for a few months before getting discontinued along with all the other torsos (and Eva) that were upgraded to include Tantabutt about a year or so ago. The remaining dual Tantabutt and Tantabosom dolls were sold off, with new stock of the Britney 2.0 dolls returning to Tantabosom only.  Is it possible that there's still some dual tech Britney 2.0 dolls floating around in the dealer network? Possibly even in Amazon? Maybe. But we've been far enough out since the discontinuation that it's very unlikely.",带 Tantabutt 和 Tantabosom 的 Britney 是原版 2.0（只有 Tantabosom）的在线更新。双技术版本（可看作 2.5）存在几个月后，和所有升级了 Tantabutt 的半身娃娃（以及 Eva）一起停产，大约一年前。剩余的双技术娃娃被清仓，Britney 2.0 新货恢复只有 Tantabosom。经销商网络里还有双技术版 Britney 2.0 吗？可能，甚至 Amazon 上也有？也许。但停产已经很久，可能性很小。,,,,中性,分享互助,中,版本科普,sentiment
Tantaly情感分析,Tantaly,oiedxpd,,EmbarrassedHope3388,"Same problem here. Tried Rosie, Candice, and Ruka. All were painful.",我也有同样的问题。试过 Rosie、Candice 和 Ruka，都疼。,,,,消极,失望不满,中,多款都疼,sentiment
Tantaly情感分析,Tantaly,oibeprr,,vane_van,I also have Selena which is also got from Amazon but I do not like her pussy as much because it is smaller and boring since it is less textured. But I cannot weigh in on any other models. I am waiting on Grace but will let you know when I find out for myself.,我还有 Selena，也是从 Amazon 买的，但我不太喜欢她的阴道，因为更小更无聊，纹理更少。其他型号我没法评价。我在等 Grace，等我亲自试了会告诉你。,,,,消极,失望不满,弱,不满意Selena,sentiment
Tantaly情感分析,Tantaly,oibeeh7,,vane_van,"Believe it or not Brandi. Which is their smallest butt stroker and you can get it on Amazon. The pussy tunnel is super wide, a lot of people's main complaint is that exactly, the inside has these little bumps that look a little odd but feel fucking AMAZING! Best fucking $30 you'll ever spend.",信不信由你，是 Brandi。这是他们最小的臀部玩具，可以在 Amazon 买到。阴道通道超宽，很多人的主要抱怨正是这个，内部有些小凸起看起来有点怪，但感觉爽爆了！绝对是你花过最值的 30 美元。,,,,积极,愉悦享受,强,超值,sentiment
Tantaly情感分析,Tantaly,oibdpa6,,vane_van,Branding (first one) is currently my favorite toy in the world. Better than any electric stroker I ever had. The pussy is fucking amazing! 🤤,Brandi（第一个）目前是我全世界最喜欢的玩具。比我用过的任何电动玩具都好。阴道爽爆了！🤤,,,,积极,愉悦享受,强,最爱,sentiment
Tantaly情感分析,Tantaly,oiaqyb1,,UnassumingUser364,"Best practice with the Auto Douche is to not use the spinning function at all. It cleans well enough without it. It absolutely will tear up TPE tunnels quite easily. It's my understanding that silicone is even more prone to tearing.   I've been saying for a while now that there needs to be a 2.0 auto douche that excludes the spinning and uses a redesigned nozzle with deeper more defined flutes. Which would also likely bring the cost down. Alas, it's a rebadge. It's not a product made exclusively for Tantaly. It's an existing white label product, that Tantaly slapped their logo onto.",Auto Douche 的最佳用法是根本不用旋转功能。不用它也能洗得很干净。它很容易撕裂 TPE 通道。据我所知硅胶更容易撕裂。我一直说需要 2.0 版自动冲洗器，去掉旋转，用重新设计的喷嘴，带更深更清晰的沟槽。那样成本也可能下降。可惜它是贴牌产品，不是 Tantaly 专做的，是现有白标产品贴了 Tantaly 的 logo。,,,,中性,分享互助,中,改进建议,sentiment
Tantaly情感分析,Tantaly,oia39xx,,lostsoul1236,"God, Daisy never fails to look hot being used like that. Makes me excited to get her for myself soon.",天哪，Daisy 被那样用的时候永远那么辣。让我很想尽快给自己买一个。,,,,积极,期待渴望,中,期待购买,sentiment
Tantaly情感分析,Tantaly,ohzumim,,vane_van,I cant get mine for 30 days after official release but here you have someone just completely destroying one for no reason..? This is actually kind of infuriating 😅😭,正式发售 30 天后我还拿不到我的，这里却有人毫无理由地摧毁一个……这真的有点让人火大😅😭,,,,消极,失望不满,中,发货慢火大,sentiment
Tantaly情感分析,Tantaly,ohq5fwm,,MurderToys,such a good doll i ve had 2 over the last 4 years,这么好的娃娃，过去 4 年我买了 2 个。,,,,积极,愉悦享受,中,好娃娃复购,sentiment
Tantaly情感分析,Tantaly,ohoxvum,,chapoaveli714,"Hello, which dolls have both Tantabosom and Tantabutt currently? I looking to purchase one that has both, but I've heard there's been some changes and some dolls no longer have either or.",你好，目前哪些娃娃同时有 Tantabosom 和 Tantabutt？我想买一款两者都有的，但我听说有些变化，有些娃娃不再有了。,,,,中性,中立客观,中,咨询购买,sentiment
Tantaly情感分析,Tantaly,oholca0,,martenic,She's the first one [I got and reviewed for my blog](https://www.sextoymagazine.com/britney-from-tantaly-review/).  Honestly still one of my favorites too! Such a lively build and I think she's just the right size too.,她是我入手并写进博客评测的第一款。说实话现在仍是我的最爱之一！身材很有活力，大小也正合适。,,,,积极,愉悦享受,强,最爱之一,sentiment
Tantaly情感分析,Tantaly,ohnmu34,,DollCollecterZen,Rebecca is so much fun :) espically with your girl or another doll :),Rebecca 太好玩了:) 特别是和你的女孩或另一个娃娃一起。,,,,积极,愉悦享受,中,好玩,sentiment
Tantaly情感分析,Tantaly,ohmji44,,CapRepresentative885,"Pues si no te equivocas, yo la tengo y es espectacular buff🔥🔥👌🏽",嗯你没说错，我有她，太惊艳了哇🔥🔥👌🏽,,,,积极,愉悦享受,中,惊艳,sentiment
Tantaly情感分析,Tantaly,ohm8s07,,martenic,"[Aurora is one of the first dolls I got and reviewed for my blog](https://www.sextoymagazine.com/best-tantaly-dolls/#a-sex-doll-torso-with-a-stripper-body-aurora-2-0). Still one of my favourites too.  Fit and toned is such a good way of describing her.  I also get a distinct early 00's stripper/pornstar type of a vibe from her. You know, the massive breasts with a super slim build.",Aurora 是我最早入手并写进博客评测的娃娃之一，现在仍是我的最爱之一。「紧致健美」是对她很好的形容。我还从她身上感受到一种世纪初脱衣舞娘/色情明星的气质，就是巨乳配超纤细身材那种。,,,,积极,愉悦享受,强,最爱,sentiment
Tantaly情感分析,Tantaly,ohc87e3,,LegalInformal,"Would you say that the tunnels in general are realistic, for tantaly/erovenus/yeloly? Those were the exact brands I was looking at, and I'm curious to know how realistic they are vs onaholes that focus on tunnel realism (like tomax/sensbody)",你觉得 tantaly/erovenus/yeloly 的通道总体真实吗？这些正是我在看的品牌，我想知道它们与专注通道真实性的飞机杯（如 tomax/sensbody）相比有多真实。,,,,中性,中立客观,中,咨询真实感,sentiment
Tantaly情感分析,Tantaly,ohapcnq,,VAM_Moose,Femdom is definitely a favorite of mine. Big dommy mommy dolls when 😅,女性支配绝对是我的最爱。大号 dommy mommy 娃娃什么时候出😅,,,,积极,期待渴望,中,想要女支配娃娃,sentiment
Tantaly情感分析,Tantaly,oh8rim1,,martenic,"Honestly, [Britney](https://www.sextoymagazine.com/britney-from-tantaly-review/) is still probably themost balanced toy of all of them.  Value-for-money, size, the proportions of the body...it's all there.",说实话，Britney 可能仍是所有玩具里最均衡的。性价比、尺寸、身体比例……全都有。,,,,积极,愉悦享受,强,最均衡,sentiment
Tantaly情感分析,Tantaly,oh8rbmw,,martenic,"Got my [Britney a few years back and reviewed her](https://www.sextoymagazine.com/britney-from-tantaly-review/).   She is retired now, but I still find her to be one of the most cherished sex dolls I've ever tried.",几年前入手 Britney 并写了评测。她现在已经退役了，但我仍然觉得她是我试过最珍爱的娃娃之一。,,,,积极,愉悦享受,强,珍爱,sentiment
Tantaly情感分析,Tantaly,oh8r0sr,,martenic,"Lots of amazing girls in that line-up! If I had to choose at gunpoint though, my vote would always go for [Aurora 2.0 ](https://www.sextoymagazine.com/best-tantaly-dolls/#a-sex-doll-torso-with-a-stripper-body-aurora-2-0) though. She just has that stripper/pornstar type of a body that I enjoy so much.",那一排有很多惊艳的姑娘！但如果被逼选择，我总会投 Aurora 2.0。她就是那种我超爱的脱衣舞娘/色情明星身材。,,,,积极,愉悦享受,强,最爱Aurora,sentiment
Tantaly情感分析,Tantaly,ogzeweu,,SweetTemptationX_,"I want to get one in the future, but a Toy not a pocket pussy",我将来想买一个，但要是玩具而不是飞机杯。,,,,积极,期待渴望,中,未来想买,sentiment
Tantaly情感分析,Tantaly,ogyrgar,,DeeviatedPreevert,"It depends on lube & temperature as others have said, but also on tunnel design - different dolls feel different. But yeah it's pretty sweet  Another bit that may as important as the tunnel is the muscle action. Besides my dick I get to use other parts of my body like I'm actually fucking, so during & after I'm worked out and sore in all the right places.",就像别人说的，取决于润滑剂和温度，也取决于通道设计——不同娃娃感觉不同。但确实很棒。和通道一样重要的还有肌肉运动。除了我的家伙，我还能像真的做爱一样用身体其他部位，所以期间和之后全身该酸的地方都酸。,,,,积极,愉悦享受,中,全身运动体验,sentiment
Tantaly情感分析,Tantaly,ogxsofm,,Legitimate-Hunter343,"Title: Swingerclub's Roundabout  Boys and girls, single, married, divorced or just looking for some fun. Candice 2.0 is up for anything fun.  Wherher its scissoring with girls or getting pounded by boys, everyone will have a lot of fun with Candice.   She would be the main star of the show with that booty of hers and some sexy lingery, pleasuring anyone she has fun with in all poses you could think of. Doggy, cow girl and reverse, missionary and so on.",标题：摇摆俱乐部旋转木马。男孩女孩、单身、已婚、离异或只是想找乐子。Candice 2.0 随时准备玩。无论是和女孩剪刀式互蹭还是被男孩猛操，大家都会和 Candice 玩得很开心。她会以她的翘臀和性感内衣成为全场明星，用你能想到的所有姿势取悦任何人。后入、女上位和反骑、传教士等等。,,,,积极,愉悦享受,中,创意分享,sentiment
Tantaly情感分析,Tantaly,ogxju39,,Ill_Owl_9204,"Hey Tantaly,  Here’s my idea for Candice 2.0 - sensual bedroom oil glow.  Candice is lying completely naked on the bed under soft warm lighting from a bedside lamp. She’s got a light layer of body oil on her skin so everything looks shiny and super realistic.  She starts on her stomach with her back gently arched, then slowly rolls over onto her back. Just simple, slow movements — shifting her hips a bit and lightly running her hands over her body. The camera does a gentle pan around her so you can really see the soft heavy bounce of her breasts, the smooth curves of her ass, and how the oil catches the light on her skin texture.  Nothing too complicated, but it would look premium and really highlight how lifelike she feels. Would be awesome to see this one come to life!",嘿 Tantaly，这是我给 Candice 2.0 的创意——卧室油光氛围。Candice 全裸躺在床上，床头灯暖光。皮肤涂一层油，看起来闪闪发光超真实。她从趴着拱背开始，慢慢翻身仰躺。只是简单缓慢的动作——稍微动动胯部，手轻轻抚过身体。镜头缓缓环绕，展现胸部柔软沉重的弹动、屁股的顺滑曲线、油光在皮肤纹理上的反光。不用太复杂，但会很高级，突出她有多逼真。希望这个能实现！,,,,积极,愉悦享受,中,创意建议,sentiment
Tantaly情感分析,Tantaly,oglk2sm,,AshamedRing,"I used a fan for the first hour, then I used drying rods for 30 minutes then removed them and let it dry with fan for another hour, I did that 2 times and then just the fan right in front of it for the rest of the day",我第一小时用风扇，然后用干燥棒 30 分钟，取出后再用风扇吹一小时，这样做了两次，然后一整天就用风扇对着吹。,,,,中性,分享互助,中,干燥流程分享,sentiment
Tantaly情感分析,Tantaly,oglgbh2,,UnassumingUser364,"I'm assuming you mean 70% isopropyl alcohol? IPA (not to be confused with the beer), is not recommended for TPE doll cleaning. To the best of my knowledge it won't harm the TPE per se, but it does dry it out which can cause it to crack and tear sooner rather than later. This can be mitigated by reoiling. But IPA it's still not typically used for cleaning, as we have better tools available.   One thing that isn't clear from your post is what was wet and the extent of your drying process. You said you were drying for a better part of a day and you used the drying rods? Did you rotate the drying rods every 15 to 20 minutes with fresh dry ones? The drying rods are desiccants. They don't magically make the moisture inside the tunnels disappear, they absorb the moisture into themselves. They hold a finite amount of moisture. When they reach that point they need to be removed from the tunnel and allowed to dry. There isn't enough exposed surface area when they are inside tunnels for the water in the drying rod to evaporate out. Which means once I get to that saturation point and aren't removed, they actually keep the tunnels damp. Failure to remove the rods actually increases the chance of mold and bacterial growth because it creates an ideal breeding ground for them. One of the most common sources of mold infestation I've seen is from people who fail to swap out their drying rods and leave them in for long stretches of time. But don't worry, those cases are usually people who leave their wet soggy drying rods in their wet soggy doll tunnels for weeks at a time.  As to your question about mold, the balance of probability is everything's good. If you had a mold infestation you'd likely would have seen evidence of it from mold spots and bad odor within two or three weeks of the initial incident. It's been a year later and everything looks pristine, chances are things are fine.",我猜你说的是 70% 异丙醇？IPA 不推荐用于 TPE 娃娃清洁。据我所知它本身不伤 TPE，但会使它变干，可能导致过早开裂。可以通过补油缓解。但 IPA 通常不用于清洁，我们有更好的工具。你帖子里不清楚的是什么东西湿了、干燥程度如何。你说干燥了大半天，用了干燥棒？你有没有每 15-20 分钟换新的干燥棒？干燥棒是干燥剂，不会让通道内的水分神奇消失，而是吸收进自身。它们的吸水能力有限。到达饱和点后需要取出晾干。插在通道里时没有足够的暴露表面积让水分蒸发。一旦饱和还不取出，反而会让通道保持潮湿。不换干燥棒会增加霉菌和细菌滋生风险，因为创造了理想的繁殖环境。我见过最常见的霉菌源就是那些不换干燥棒、长时间放在娃娃湿通道里的人。不过别担心，那些通常是把湿透的干燥棒放在湿透的通道里数周的人。关于你的霉菌问题，概率上一切正常。如果有霉菌感染，两到三周内通常会看到霉斑和异味。一年后还完好，大概率没事。,,,,中性,分享互助,中,清洁科普,sentiment
Tantaly情感分析,Tantaly,oglef1w,,John_mister,"For me, tantaremoval is awesome. I think my post can help you decide and get a better idea cause both dolls are awesome https://www.reddit.com/r/tantaly/s/7uO429OOj8",对我来说 tantaremoval 太棒了。我觉得我的帖子能帮你做决定，两款娃娃都很棒。,,,,积极,愉悦享受,中,推荐,sentiment
Tantaly情感分析,Tantaly,oglay32,,martenic,Nothing is ideal! Not even Tantaly dolls.   ...they do come close though and I'd say that watching Candice ([also reviewed her for my blog](https://www.sextoymagazine.com/tantaly-candice-2-review/)) mad me want to get her out of the garage.  It's been a while!,没有什么是完美的！Tantaly 娃娃也不例外……但它们已经很接近了，而且我要说看 Candice（我也在博客评测过她）让我想把她从车库里拿出来。好久没用了！,,,,中性,愉悦享受,弱,想再用Candice,sentiment
Tantaly情感分析,Tantaly,ogkqi83,,Efficient-Ice-8813,A good complete inspection is necessary. Check carefully by taking your time if there is no dark spot in the tunnel. Also check that there are no bad odours or a slightly sticky tunnel  I advise you a new cleaning also for prevention,彻底检查是必要的。仔细慢慢检查通道里有没有黑点。还要检查有没有异味或轻微粘稠。我建议你再清洁一次以防万一。,,,,中性,分享互助,中,检查建议,sentiment
Tantaly情感分析,Tantaly,ogkpo9e,,Efficient-Ice-8813,"Hello. Yes she comes with tantaremoval. She is really pretty  For cleaning, for the insert you just have to remove it. But this does not prevent a complete and regular cleaning of Candice in its entirety  In terms of realism, I find that the tantaremoval loses in realism but it is a point of view.  Look at the review if it can help you get started   [here](https://sultrydollwear.com/blogs/unboxing-reviews/candice-pro-review-photo-et-video)",你好。是的她带 tantaremoval。她真的很漂亮。清洁方面，插入件只需取出即可。但这不意味着 Candice 整体就不用彻底定期清洁。真实性方面，我觉得 tantaremoval 在真实性上有所损失，但这只是我的观点。看评测也许能帮你入门。,,,,中性,分享互助,中,评测分享,sentiment
Tantaly情感分析,Tantaly,og6zplu,,pervsuasions122,"As someone who has had several of Tantaly's dolls over some years , I feel it's a mixed bag. I felt the exact same way when I bought Monica. I was fine with flesh lights until I realized I wanted something more engaging. The use, the cleaning, and the clothing felt calming. I didnt feel the need to go find affection. Swipe after swipe, unanswered text after another, bios of average people making themselves sound like A list celebrities. It got exhausting. I couldn't even imagine dating some of them so Im low key glad all my dates were from people I met in person originally.   However, the dolls dont add affection. I eventually needed it. And found it without the internet. Then I had to store the doll discretely in fear of lack of understanding. Eventually, they were tossed out. Good thing is, they are always for sale to buy after the break up. So here i am again, with another doll until I dare to put myself out there again.   I sum it up to say, it's like a buffer to hold you over until you find someone. But dont treat it as a full cop out to never find someone. It'll never be the same as the real thing.",作为这些年拥有过几款 Tantaly 娃娃的人，我觉得好坏参半。买 Monica 时我也有同样的感觉。我对飞机杯本来满意，直到我想要更有参与感的东西。使用、清洁、穿衣都让我感到平静。我不再需要去找爱。一次次右滑、一封封未回复的短信、普通人把自己包装得像 A 级明星的简介。太累人了。我甚至无法想象和其中一些人约会，所以庆幸我的约会对象都是现实中认识的。然而娃娃并不能带来爱。我最终还是需要爱。然后在没有网络的情况下找到了。后来我不得不把娃娃藏起来，害怕不被理解。最终她们被扔掉了。好处是分手后随时可以再买。所以我在这里，又有一个娃娃，直到我敢再次把自己交出去。总结来说，它就像一个缓冲，在你找到某人之前撑住你。但别把它当作永远不再找人的借口。它永远无法和真实的东西相比。,,,,消极,分享互助,中,情感反思复杂,sentiment
Tantaly情感分析,Tantaly,og6m8bt,,AffectionateBadger79,"Gang bang with multiple male dolls on one female model. There’s probably an interesting way to do this beyond basic sex, and it may even work if it has some kind of joi aspect. I feel like this concept has a lot of ways to take it (no pun intended).",多只男性娃娃对一只女性娃娃的群交。可能有种有趣的方式超越基本性爱，如果加入某种 JOI 元素甚至更有效。我觉得这个概念有很多种展开方式。,,,,中性,中立客观,中,创意提议,sentiment
Tantaly情感分析,Tantaly,og5tde2,,No-Office3057,Grace is ready to gooo yall go order it!!! I just ordered mine!!,Grace 准备好出发啦，大家快去下单！！！我刚下了我的单！！,,,,积极,期待渴望,强,刚下单兴奋,sentiment
Tantaly情感分析,Tantaly,og5kf7q,,Significant_Loan1427,"Silicone is firmer, they say so themselves, so no chance it stretches better than TPE. I’ve had issues with TPE holes that were 5.5 inches deep.",硅胶更硬，他们自己都这么说，所以不可能比 TPE 更有弹性。我有过 5.5 英寸深 TPE 洞的问题。,,,,消极,失望不满,弱,硅胶弹性差,sentiment
Tantaly情感分析,Tantaly,og53gzm,,Significant_Loan1427,I just checked the specs on the store. Emilia’s tunnels only being 4.5 and 4.1 inches deep is a real dealbreaker for me. Olivia and Grace aren’t much better in that department either. We need a silicone doll that can take longer dicks.,我刚查了商店的规格。Emilia 的通道只有 4.5 和 4.1 英寸深，这对我来说真是劝退点。Olivia 和 Grace 也好不到哪去。我们需要能容纳更长家伙的硅胶娃娃。,,,,消极,失望不满,中,通道太短劝退,sentiment
Tantaly情感分析,Tantaly,og4byzm,,Efficient-Ice-8813,"Maybe at sultrydollwear you'll can find something  But If you want to leave her dressed, avoid any colourful clothes. Aim only at white because you will have a very high risk of fade",也许在 sultrydollwear 你能找到。但如果想让她穿着，避免任何彩色衣服。只选白色，因为褪色风险很高。,,,,中性,分享互助,弱,防染色建议,sentiment
Tantaly情感分析,Tantaly,ofubx4a,,jeffreykalan9999,"is a britney good or candice is better? i think about candice but britney has bigger tits compare to body and that looks nice, also the wheat version is sexier i think.",Britney 好还是 Candice 更好？我考虑 Candice，但 Britney 的胸和身体比例更大，看起来不错，而且小麦色版本我觉得更性感。,,,,中性,中立客观,中,咨询对比,sentiment
Tantaly情感分析,Tantaly,oftn7ku,,Funny-Friendship-185,"I’d love to see a lazy Sunday morning GF experience/ breakfast in bed. Natural soft morning sunrays through sheer curtains onto a messy unmade mess, some panties, condoms and such strewn about to imply a sexy last night. Candice is wearing an oversized, slightly unbuttoned flannel shirt clearly from the man and white cute panties Soft caresses, feeding her morning toast or sandwich bites with some editing magic and a very slow casual sex scene, missionary and on the side. Focus on the dolls skin texture and the gentle compression of her bosom. It sells the romance and the realism perfect,y for buyers who cave tgat romantic intimacy",我想看一个慵懒周日早晨女友体验/床上早餐。自然柔和的晨光透过薄纱窗帘照在凌乱的床上，散落的内裤、避孕套暗示昨晚的激情。Candice 穿着男式超大法兰绒衬衫（明显是男人的）和白色可爱内裤。温柔抚摸、喂她吃早晨吐司或三明治，配合一些剪辑魔法，再来一场非常缓慢随意的性爱场景，传教士和侧入。重点展现娃娃的皮肤纹理和胸部的轻柔挤压。这完美呈现浪漫亲密感，会让追求那种浪漫亲密的买家买单。,,,,积极,愉悦享受,中,创意建议,sentiment
Tantaly情感分析,Tantaly,oftmov8,,In62,"I got a standalone head from a different vendor just for that purpose. It obviously cannot attach to my Tantaly dolls, but I do enjoy it.",我为此从别的卖家买了一个独立头。它显然没法装在我的 Tantaly 娃娃上，但我确实喜欢。,,,,积极,愉悦享受,弱,享受单独头,sentiment
Tantaly情感分析,Tantaly,oftl5k4,,Present_Society_5777,"Theme I’m going for is best described as alien invasion? I’d say hahahaha. Imagine a pitch black room illuminated on,y by up black lights. Use a UV reactive neon lube heavily applied on Selena or Daisy. The setup is a specimen examination where an alien entity explores the human anatomy. The glowing lube as the alien secration will highlight every single curve, fold and thrust in the dark while inseminating the doll with an alien seed that expands inside the doll as the scene goes on, do this by inserting an inflatable toy in her pussy. Outfit wise it should be futuristic, silver pasties on the nips, holographic visor. The stark contrast of the glowing dripping fluids against the dark silicone contours would look absolutely out of this world hehe get it. And incredibly hypnotic too",我的主题最好描述为外星人入侵？哈哈。想象一个漆黑房间，只被紫外灯照亮。在 Selena 或 Daisy 上大量涂抹紫外反应霓虹润滑剂。场景是标本检查，外星实体探索人类解剖结构。发光的润滑剂作为外星分泌物，在黑暗中突出每一条曲线、褶皱和抽插，同时用膨胀玩具插入她体内让外星种子在体内扩张。服装要未来感，银色乳头贴，全息护目镜。发光滴落液体与深色硅胶轮廓的鲜明对比会看起来超凡脱俗，也极度催眠。,,,,积极,愉悦享受,中,外星主题创意,sentiment
Tantaly情感分析,Tantaly,oftiyyb,,Big-Station4935,"We need a proper triple threat gangbang scenario! Take my favorites: Candice, Diana and Aurora and line them up n a massive black leather sofa, classic porn audition style. All dressed in colorful lingerie in a gradient from left to right so for example pink, regular red and then a dark red one in a classic bra and panties, one in a teddy lingerie the other in a babydoll. Camera is set so we see them from about a 135 degree angle so the lingerie colors sort of overlap like a rainbow with the door to the room also visible. Our Stud we identify with wearing Tantaly merch walks in and starts destroying them one after another. I’m talking rough intense sex, again each doll in a different way. He uses the tits if one of them, the pussy of another and takes the third anal, fast paced cutting to switch in between them so there’s high intensity. Lube or oil everywhere, camera needs to be shaky, amateur style, really capturing the slapping sounds and heavy physical impact through the dudes pov. And the cherry of the cake towards the end when the stud uses all three at once, his dick in one, eating the other as it sat on his face and fondling the tits of the third as that happens the camera pulls out switching from pov to slowly zooming out to reveal Leo and or Mark sat on chairs to the side watching cuckold style as he stud utterly dominates the girls",我们需要一个真正的三重威胁群交场景！带上我最爱的：Candice、Diana 和 Aurora，把她们排在巨大的黑色皮沙发上，经典色情试镜风格。全部穿彩色内衣，从左到右渐变——粉色、正红、深红，经典文胸内裤、泰迪内衣、娃娃裙。镜头从约 135 度角拍摄，内衣颜色像彩虹一样重叠，房间门也可见。我们认同的主角穿着 Tantaly 周边走进来，开始一个个摧毁她们。激烈粗暴的性爱，每个娃娃用不同方式。用一个人的胸、另一个的阴道、第三个走后门，快速剪辑切换保持高强度。到处是油或润滑剂，镜头要摇晃，业余风格，捕捉拍打声和沉重冲击。最后主角同时使用三个——一个插、一个坐脸、另一个揉胸，镜头拉远揭示 Leo 或 Mark 坐在旁边椅子上绿帽视角观看。,,,,积极,愉悦享受,中,群交创意,sentiment
Tantaly情感分析,Tantaly,oftftjn,,Extension_Moose_7515,"Classic noir film detective office setup. I’m thinking black and white filter, sharp Venetian blind shadows slicing across Monroe’s massive curves. She’s wearing a sheer Trenchcoat and absolutely nothing else, perched on the edge of a mahogany desk. The POV is a detective interrogating her but the interrogation quickly turns physical. Beginning slow with trying to torture some info out of her by pinching her nipples, slapping her breasts then as the jazz music in the background picks up in intensity he takes her Trenchcoat off and tittyfucks her. Video should end with a tight lingering shot of the shadows playing in her bouncing breasts during a slow deep grind…",经典黑色电影侦探办公室。黑白滤镜，锋利的百叶窗阴影切过 Monroe 的巨大曲线。她穿透明风衣，里面什么都没有，坐在红木桌边缘。POV 是侦探审问她，但审讯很快变成身体接触。开始时慢节奏，试图捏她乳头逼供，拍打她的胸，爵士乐渐强，他脱掉她的风衣乳交。视频以特写结束：慢速深磨时阴影在她弹跳的乳房上舞动。,,,,积极,愉悦享受,中,黑色电影创意,sentiment
Tantaly情感分析,Tantaly,oft3xc9,,VAM_Moose,"This has been asked for a few times, and Tantaly's reps have stated that they have no plans to produce them. I suppose the lack of limbs and head is exactly what helps keep costs down.  https://www.reddit.com/r/tantaly/s/OD3DIcMvyO  That said, Tantaly's latest silicone torso doll should have a threaded mount for you to purchase a head with compatible threading from another brand.",这个问题被问过几次了，Tantaly 的官方代表说他们没有生产计划。我猜没有四肢和头部正是控制成本的原因。不过，Tantaly 最新的硅胶半身娃娃应该有螺纹接口，可以购买其他品牌兼容螺纹的头。,,,,中性,分享互助,中,头接口说明,sentiment
Tantaly情感分析,Tantaly,ofsufao,,Bootsands,I would say something fantasy cosplay focused! I think having the flare of high fantasy “sexy elf” is an underrated market in this space. You could create the set to look like a palace of some sort & focus outfits around that setting. Also a chance to incorporate some more fantastical toys to fit the setting.,我会说做点奇幻 cosplay 方向！我觉得高奇幻“性感精灵”风格在这个领域是被低估的市场。你可以把场景做成某种宫殿，服装围绕那个环境。还有机会加入一些更奇幻的玩具来配合场景。,,,,积极,期待渴望,中,精灵主题建议,sentiment
Tantaly情感分析,Tantaly,ofgu99w,,TaleUnfair2941,"My pitch is like a funny storyboard: A guy is trying to sneak his Emilia into his dorm room but his roommate keeps coming back. He puts a hoodie, wig, workout shorts and a baseball cap on the doll and pretends he’s helping his “drunk girlfriend” to bed. The roommate says goodnight and leaves and then the second the roommates door shuts the guy rips the hoodie and cap of the doll and starts a high energy make out with her boobs and the screen then fades to black as he pulls of her panties",我的方案是个搞笑故事板：一个家伙想把他的 Emilia 偷偷带进宿舍，但室友一直回来。他给娃娃穿上连帽衫、假发、运动短裤和棒球帽，假装在扶“喝醉的女友”上床。室友说晚安离开，门一关上他就扯掉娃娃的帽衫开始和她胸脯激情亲热，画面淡出前他拉下她的内裤。,,,,积极,愉悦享受,中,搞笑创意,sentiment
Tantaly情感分析,Tantaly,ofgrd64,,Imaginary-Peace7544,"A magician stands on a stage with a small butt doll like Cecilia on a pedestal in front of him. He covers it with a large red silk clot, says the magic phrase “Tantaly feels like magic!” Then pulls the cloth away and reveals the Cecilia magically replaced by the massive Daisy Plus the audience off camera cheers audibly shocked by the magic trick. Then the magician “tests” Daisy right there on stage, smearing oil over her cheeks, sliding her thin thong to the side and playing with her holes with his fingers for a bit and then fucks her all under the massive spotlight of the stage. That’s a real fun creative way to show the upgrade from the small model to a more full sized butt, even better if you guys revealed a new hip doll like this",魔术师站在舞台上，前面台座上放着小臀部娃娃 Cecilia。他用大红丝绸布盖上，念咒语“Tantaly 就像魔法！”，拉开布发现 Cecilia 被变成了巨大的 Daisy Plus，观众惊叹。然后魔术师当场“测试”Daisy，在她脸颊上抹油，把她的细丁字裤拨到一边，用手指玩她的洞，然后在舞台聚光灯下操她。这是从小型号升级到全尺寸臀部的有趣创意方式，如果你们推出这种新胯部娃娃会更好。,,,,积极,愉悦享受,中,魔术创意,sentiment
Tantaly情感分析,Tantaly,ofgk1vs,,Ok_Ambassador_2294,"Imagine the world has ended and a guy is living in an underground bunker, flickering lights and all that. It’s dirty and gritty, lit just barely, the only reliable source being an old fashioned lantern after the main light gives out fully after the introducing few seconds. The only thing he keeps clean is his Aurora doll, his companion at the end of the woled. The video shows him carefully powdering her amidst the rubble and then the desperate love making in that cruel world knowing he’ll never be able to leave the bunker, never see a real woman again but the doll is enough for him, it has to be. It shows the doll as a source of comfort and sanity in a harsh environment, think Mad max vibes",想象世界末日，一个男人住在地下掩体里，灯光闪烁。肮脏灰暗，唯一的可靠光源是旧式提灯。他唯一保持干净的是他的 Aurora 娃娃，世界尽头的伴侣。视频展示他在废墟中细心给她扑粉，然后绝望做爱，知道永远无法离开掩体、再也见不到真女人，但娃娃对他足够了，必须足够。娃娃在恶劣环境中成为安慰和理智的源泉，像疯狂的麦克斯风格。,,,,中性,中立客观,中,末日主题创意,sentiment
Tantaly情感分析,Tantaly,ofgf7rm,,EmergencyStrategy305,"“Vogue” Lingerie Photoshoot ———————————————- As someone who designs clothes, I want to see professional fashion material. Treat Daisy and Candice 2.0 like supermodels. Use harsh, high fashion lighting and dressed them in intricate, expensive lace sets. The first half of the video is jsut “the shoot” - flashing lights as the camera goes *click* *click click* and we see the dolls from different angles with different set dresssings in shots of the fabric against the TPE. Then, the “photographer” gets too carried away and takes on elf the models behind the white backdrop wall for a hidden quickie.",“Vogue”内衣摄影。作为服装设计师，我想看专业的时尚素材。把 Daisy 和 Candice 2.0 当超模，用强烈的高端时尚灯光，给她们穿复杂昂贵的蕾丝套装。视频前半是“拍摄”——闪光灯咔咔响，不同角度不同布景，拍摄布料在 TPE 上的质感。然后“摄影师”太投入，把模特们带到白色背景墙后偷欢。,,,,积极,愉悦享受,中,时尚拍摄创意,sentiment
Tantaly情感分析,Tantaly,ofgcgm8,,Any-Ebb1215,"I want to see a high-intensity BDSM-themed shoot set in a concrete basement with red emergency like lights. Ruka Momomto is strapped face down onto a heavy wooden bench. Use a cinematic slow motion shit of a paddle hitting her ass to show that massive shockwave in the tpe and then her back for good sadistic measure! Then transition to a compilation highlight reel of putting her in some restraints and 5en start fuckign her, not pretending it’s a guy fucking her but straight up just testing her with a dildo and vibrator etc.",我想看高强度的 BDSM 主题拍摄，混凝土地下室配红色应急灯。Ruka Momoto 被绑在重型木凳上面朝下。慢镜头拍板子打她屁股，展示 TPE 的冲击波，然后再打背。然后剪辑成把她放上束缚装置开始操她，不假装是男人在操她，而是直接用假阳具和振动器测试她。,,,,积极,愉悦享受,中,BDSM创意,sentiment
Tantaly情感分析,Tantaly,ofgapvw,,Bound-to-be0709,"Let’s do a. Classic 1940s Noir style shortfilm. Everything is black and white with lots of smoke in the air. A detective walks into his office and finds a Daisy torso sitting on his desk. He dies a gritty Voiceover: she was 15 kilos of trouble, and I was just the man to handle her”. He pulls down the blinds to create those iconic Venetian blinds shadow stripes across the dolls curve’s and highlighting the ashtray with a lit cigar laid ready in it. He pulls out his cock and spreads her open fucking her on her desk saying “let’s get to the bottom of this, what exactly are you hiding from me in there young miss” he fucks her for a while and then a secretary or other detective walks by his office and starts watching fascinated and we assume their perspective.",拍个经典 1940 年代黑色风格短片。黑白，烟雾弥漫。侦探走进办公室发现 Daisy 半身坐在桌上。他配音：她是 15 公斤的麻烦，而我正是处理她的男人。他拉下百叶窗，经典条纹阴影投在她曲线上，烟灰缸里点好的雪茄。他掏出家伙把她按在桌上操，说“让我们查个水落石出，你究竟藏着什么秘密”。操了一会儿后秘书或其他侦探路过开始着迷地看。,,,,积极,愉悦享受,中,黑色电影创意,sentiment
Tantaly情感分析,Tantaly,ofg9tmy,,Taxner86,Yes! I do. Just recently bought it. And tried it once! Pretty good! And the best part is three holes and very easy to store. And price!,是的！我买了。最近刚买的，试了一次！相当不错！最棒的是三个洞而且很容易收纳。还有价格！,,,,积极,愉悦享受,强,满意,sentiment
Tantaly情感分析,Tantaly,ofg8wni,,Pure-Cellist-5014,"Fucking *the* Streamer  I want a scene set in a classic twitch streamer bedroom with neon purple and green LED strips. Morgpie is dressed in a full gamer e girl outfit with cat earphones around her neck. The guy is playing a game in the foreground, her off to the side Ina. Second chair. He gets a game over screen and turns to the doll to let his frustrations out after punching the table once. He throws her onto his gaming chair for a doggy style fuck while the stream is still running in the monitors behind them, the chat seeing it all live and reactions. Very modern and relatable for the younger community members and a dream come true!",操那个“主播”。我想要一个经典 twitch 主播卧室场景，霓虹紫绿 LED 灯条。Morgpie 穿全套电竞少女装，猫耳耳机挂脖子。男人在前景打游戏，她在旁边的椅子上。他游戏结束画面后转向娃娃发泄，把她扔到电竞椅上后入，后面显示器上直播还在进行，聊天室实时看到。非常现代，年轻社区成员很有共鸣。,,,,积极,愉悦享受,中,主播主题创意,sentiment
Tantaly情感分析,Tantaly,of33xj7,,Terrible_Task_2462,"At first I thought Nicole looked kind of ugly in pics but when she came she looks like a bigger Britney. In most positions the tits have that fake look and move much the same except g cup. I just wish she had some more leg as this ruins it for me but overall I’ve had fun with her and and ordered my first silicone g cup 5’2 doll from another brand (sorry Tantaly, I couldn’t wait for the ‘release’ of Olivia). Would I buy Nicole again? Not for the price plus custom’s fees but they have to start making silicon dolls in tan with larger breasts. That’s worth a few hundred more to me.",一开始我觉得 Nicole 照片里有点丑，但到手后她看起来像大号 Britney。大多数姿势下胸有假的感觉，除了 G 杯移动方式差不多。我只希望她腿长一点，这让我有点失望，但总体来说我和她玩得很开心，已经从别的品牌订了我的第一款硅胶 G 杯 5 尺 2 娃娃（抱歉 Tantaly，我等不及 Olivia 发布）。我会再买 Nicole 吗？以这个价格加关税不会，但他们必须开始出古铜色皮肤大胸的硅胶娃娃。那对我来说值几百美元。,,,,消极,失望不满,中,部分不满转投他牌,sentiment
Tantaly情感分析,Tantaly,of2lmst,,CapRepresentative885,"Espectacular, yo la tengo y no te defraudará, ahora falta video dandole y corrida 🔥🔥",太惊艳了，我有她，她不会让你失望，现在只差操她的视频和射精🔥🔥,,,,积极,愉悦享受,中,高度评价,sentiment
Tantaly情感分析,Tantaly,of2e831,,Efficient-Ice-8813,"I have both, or the 3 if you consider Candice, Britney as half/torsos because without legs.  I like the 3 types. Each provides different sensory pleasures. And my preference is according to my mood and my desire. For more immersion, I rather use torso dolls and big onahips. For more simplicity or out of laziness to release my large models, it will be the compact models like Dita, Brandi, Lena... or onaholes  it is certain that large models require more rigour and time, even with long storage without use, hence my dollcare schedule application (I take this opportunity to remind that I am looking for testers for the android version)  They also require space, and can quickly discourage some.  You speak of Daisy as more practical, for the pro or plus version, I agree for a regular cleaning of the tunnels but she remains a big model and for a complete maintenance, remains imposing, even if the storage is more practical than a torso doll",我都有，或者如果你把 Candice、Britney 算半身/躯干（因为没有腿）那就是 3 种。我喜欢这 3 种类型。每种提供不同的感官乐趣。我的偏好随心情和欲望变化。为了更沉浸，我更喜欢躯干娃娃和大号 onahips。为了简单或懒得搬大模型，用紧凑型号如 Dita、Brandi、Lena 或飞机杯。大模型需要更多时间和严谨度，即使长期存放不用也要，所以我做了个娃娃护理计划应用（顺便提醒我在找安卓版测试员）。它们也需要空间，很快就能劝退一些人。你说 Daisy 更实用，对于 pro 或 plus 版我同意，常规隧道清洁，但她还是大模型，完整维护仍很笨重，即使收纳比躯干娃娃实用。,,,,中性,分享互助,中,经验分享,sentiment
Tantaly情感分析,Tantaly,of2a6b0,,STSProEnt,I have both and it’s the same experience you’ve described. I use the butt torsos more or a smaller torso doll,我两款都有，和你说的一样。我更常用臀部半身或更小的躯干娃娃。,,,,中性,分享互助,弱,同感分享,sentiment
Tantaly情感分析,Tantaly,of1ujfd,,InformalLegal,"Which one has the most realistic love holes, boobs, and ass in your opinion? Looking for as close to real for the love hole and not overly stimulating",你觉得哪个的阴道、胸和屁股最真实？想要尽量接近真实、不过度刺激的阴道。,,,,中性,中立客观,中,咨询真实感,sentiment
Tantaly情感分析,Tantaly,of10vdy,,Extension_Donut7151,"Sie ist mir einfach zu schwer. So an sich ist sie perfekt, wunderschön zu ficken und auch die Maße aber sie ist mir für schnelle runden abspritzen einfach zu unhandlich",她对我来说太重了。本身她很完美，操起来很爽，尺寸也好，但对快速来一发来说太笨重了。,,,,消极,失望不满,中,太重笨重影响使用,sentiment
Tantaly情感分析,Tantaly,oeow8ar,,Gemina_Lunarian,There is unquestionably a Lola doll whose destiny lies with me.,毫无疑问有一个 Lola 娃娃的宿命就是属于我。,,,,积极,期待渴望,中,宿命感想买,sentiment
Tantaly情感分析,Tantaly,oeo9hwp,,Gemina_Lunarian,"Haha! I don't think you can get an accurate reading with that kind of scale, but based on my playtime with Monroe and the overall weight of the doll, 3-4lbs each sounds about right.  The distribution of her weight is very balanced.",哈哈！我觉得用那种秤量不准，但根据我和 Monroe 的玩耍时间和娃娃总重量，每个 3-4 磅听起来差不多。她的重量分布非常均衡。,,,,中性,分享互助,弱,讨论重量,sentiment
Tantaly情感分析,Tantaly,oen9wdd,,Gemina_Lunarian,"Have you tried looking into sex pillows?   [Example](https://www.amazon.com/Contoured-Ergonomically-Positioning-Penetration-High-Density/dp/B0CD9219L6)  Specifically for torsos? I haven't tried them myself, but I've always been curious. I tend to fuck torso dolls in missionary, spoon, or prone bone, so I haven't had much need for one.   Hip dolls I just put on the edge of my bed as they line up perfect for fucking from behind. True doggystyle where I'm kneeling has been a very tricky position to pull off with sex dolls. The doll is not able to push itself back into you as you thrust into it, so it constantly has to be repositioned. This is where a sex pillow might be helpful.",你试过性爱枕吗？链接。特别是针对半身娃娃的？我自己没试过，但一直很好奇。我一般用传教士、侧入或俯卧后入操半身娃娃，所以不太需要。胯部娃娃放在床边正好从后面操。真正的跪姿后入用娃娃很难实现，因为娃娃不会像人一样向后顶你，需要不断重新摆位。这时候性爱枕可能有帮助。,,,,中性,分享互助,中,分享姿势经验,sentiment
Tantaly情感分析,Tantaly,oechmxf,,Accomplished_Set_744,"Si no tienes experiencia con muñecas sexuales lo mejor es empezar con un juguete de trasero, es mejor Rosie a Caroline ya que el tamaño extra le da más realismo y no es tan complicada de manejar como pensarías, por supuesto vas a querer si o si un juguete de pechos para complementar y hay varias opciones para eso",如果你没有性爱娃娃经验，最好从臀部玩具开始，Rosie 比 Caroline 好，因为更大的尺寸带来更多真实感，而且没有你想的那么难操作，当然你肯定想要一个胸部玩具来搭配，有很多选择。,,,,中性,分享互助,中,推荐新手,sentiment
Tantaly情感分析,Tantaly,oeca6m7,,Solid-Dish-6901,"Si es difícil pero se siente esa extraña sensación de que te imaginas a una persona en ella que quisieras cojerla, siempre y ahí es donde entra margarita así le puse a Hanna, tienes esa exitacion siempre que la veo con sus bodys puestos, en algún momento me la voy a coger rico 😋.",是的很难，但会有种奇怪的感觉，你会想象她是一个人、你想操她，这就是我给 Hanna 取名 margarita 的原因，每次看到她穿着紧身衣我都很兴奋，总有一天我要好好操她😋。,,,,积极,愉悦享受,中,兴奋幻想,sentiment
Tantaly情感分析,Tantaly,oebynl8,,martenic,"Lady in red...gorgeous. Aurora 2.0 ([my review of her here](https://www.sextoymagazine.com/best-tantaly-dolls/#a-sex-doll-torso-with-a-stripper-body-aurora-2-0)) has to be one of the very best dolls in the Tantaly line-up when it comes to body design. I absolutely love that toned, even sporty type of body.",红衣女郎……太美了。Aurora 2.0 是 Tantaly 产品线里身材设计最好的娃娃之一。我超爱那种紧致甚至运动型的身材。,,,,积极,愉悦享受,强,高度好评,sentiment
Tantaly情感分析,Tantaly,oebhzdt,,VAM_Moose,"Dolls are a bit of a commitment, but are a very worthwhile endeavor.  We've had the rare occurrence of a few people deciding that the dolls were not for them, either because they didn't realize the added effort needed to care for a doll versus something like a Fleshlight which is very convenient. So make sure you're going in with the full expectation that proper cleaning can take about 30 minutes to flush and another 30 mins to set aside and let dry properly. You'll also want a variety of accessories and supplies to help you clean, dry, powder and oil effectively.  That said, it's a good recommendation for new users of dolls to first start with a Hip (Butt) Doll first since they tend to be cheaper, smaller and also lighter than a full size torso. Just make sure you've given some forethought to how and where you'll store and clean your doll.  If you'd like more guidance or a discount code, feel free to DM me and I'll help you out 🤗",娃娃是一种承诺，但非常值得。我们很少遇到有人决定娃娃不适合他们，要么是因为没意识到照顾娃娃比飞机杯需要更多精力，比如正确的清洁要花 30 分钟冲洗、再 30 分钟晾干。你还需要各种配件用品来清洁、干燥、扑粉和上油。话虽如此，对娃娃新手来说先从臀部娃娃开始是个好建议，因为通常更便宜、更小、更轻。只要确保你提前考虑好在哪里收纳和清洁。想要更多指导或折扣码可以私信我，我会帮你🤗。,,,,积极,愉悦享受,中,鼓励新手,sentiment
Tantaly情感分析,Tantaly,oebgaq7,,Anonymous5983,"I have a torso and just bought a butt doll.   I have Ginny and Caroline and love them both. Caroline got here on Wednesday and she's basically perfect. Perfect size, perfect weight, SUPER jiggly and squishy ass. Her ""riding"" reverse cowgirl is exceptional. I prefer Ginny for when I'm going ""all out"" though I imagine. I hurt my knee in December and still can't fully kneel without pain but once I can I'm going to spend some time with Ginny again. Having a full torso is huge for realism. Done cowgirl with Ginny, a little awkward but I think it'll be better with a pillow behind her or something. If you're trying to get that one stop shop thing and being set for a while I would pick a torso. Especially if you're a boob guy just pick a torso, something bigger than Britney and I think you'll be happy. I would not personally recommend Ginny, she's great just a bit overpriced. Whenever she tears or is unusable I think I'll switch to Nicole 2.0 or that new silicone torso.   Feel free to dm me if you have more questions or want me to elaborate",我有半身娃娃，刚买了臀部娃娃。我有 Ginny 和 Caroline，都很爱。Caroline 周三到的，基本完美。尺寸完美、重量完美、超级弹跳的柔软屁股。她反骑女上位非常出色。全开模式我更喜欢 Ginny。12 月膝盖受伤现在还无法完全下跪，但一旦能跪我会再花时间陪 Ginny。全身半身对真实感帮助巨大。和 Ginny 玩过女上位，有点别扭，但垫个枕头会更好。如果你想要一站式长期满足就选半身。特别是如果你是胸控就选半身，选比 Britney 大点的，你会满意的。我个人不推荐 Ginny，她很好但有点贵。等她坏了或不能用了，我可能会换 Nicole 2.0 或新款硅胶半身。有问题可以私信我。,,,,积极,愉悦享受,中,双持满意,sentiment
Tantaly情感分析,Tantaly,oebf75m,,VAM_Moose,"Monroe is a great choice, especially if you like your ladies plump 🤗 Especially great when you put on some sexy clothes.  We're not yet sure if Silicone has the same issue that TPE has when it comes to clothes color staining, we're also not sure if Tantaly is manufacturing their new silicone dolls in the same way as other dolls on the market or if they're going to introduce a unique blend like they've done with their other innovations.  If you haven't yet made your purchase, I can hook you up with a discount if you send me a DM 😁👍",Monroe 是很好的选择，尤其如果你喜欢丰满的女士🤗 穿上性感衣服时特别棒。我们还不确定硅胶是否有 TPE 那样的衣服染色问题，也不确定 Tantaly 是否以和其他品牌相同的方式制造新款硅胶娃娃，还是会像其他创新一样引入独特配方。如果还没下单，私信我可以给你折扣😁👍。,,,,积极,愉悦享受,中,推荐Monroe,sentiment
Tantaly情感分析,Tantaly,odyte3c,,UnassumingUser364,Lately I've been using a folding kneel pad as a work surface for adjusting joint positions pre and post session. I'll also sometimes wrap a towel over it and put the doll on that during a session. Plus for its intended purpose of more comfort on your knees when kneeling on the ground. It's nice for when I'm pulling out the doll or doing any sort of maintenance.  I've also started experimenting with foam yoga blocks. I have a couple and have been using them to raise or lower certain parts of the doll that can't easily be adjusted. You can stick one near the neck for example to help raise the front half of extended thigh dolls for a more natural doggy position. Or use it to raise the back end of the doll a little higher in missionary. Or even to prop the doll on its side. There's a lot of creative things you can do with it. And being made from foam means it's non-abrasive.   A lot of people have had really good success with inflatable sex pillows and similar. The kind with soft textiles on the exterior for something a little bit more comfortable and less abrasive. You can increase or decrease the amount of air inside them to raise or lower the doll as needed.,最近我用折叠膝垫作为调整关节位置的工作面。有时也会包条毛巾把娃娃放上去。还能让跪地时膝盖更舒服。拉出娃娃或做维护时很方便。我也开始尝试泡沫瑜伽砖。用它们抬高或降低娃娃不容易调整的部位。比如放在脖子附近抬高前半身，让长腿娃娃后入姿势更自然。或者抬高管位让传教士角度更好。甚至可以把娃娃侧着垫起来。泡沫材质不伤娃娃。很多人用充气性爱枕效果也很好，可以调节充气量抬高或降低娃娃。,,,,中性,分享互助,中,工具分享,sentiment
Tantaly情感分析,Tantaly,odyrpl8,,UnassumingUser364,"Be mindful that you want to swap out drying rods roughly every 15 to 20 minutes at max. I usually do every 10 to 15 minutes. Microfiber sticks (in the vent duster style) are usually every 5 to 10 minutes. The swap out with dry units is necessary because as you're drying tool becomes more and more absorbed with moisture the less effect of it becomes before eventually stopping. There is not enough exposed surface area for any moisture in the stick or rod to evaporate out when it's inserted into the tunnels. A wet drying tool that has not been removed past that point actually keeps the tunnels moist. One of the most common vectors for mold infestation is people who leave their drying rods in the dolls wet tunnels for long periods of time.  Aquarium air pumps aren't necessarily faster, they sometimes can but oftentimes they aren't, it largely depends on the complexity of the tunnel design. Where they shine is being hands off. They work by introducing gentle air flow that encourages evaporative drying. You can leave it to do its thing while you do other things.   It's also not an all or nothing kind of deal. I routinely mix and match different drying tools based on my best judgment.",注意干燥棒大约每 15-20 分钟最多就要换一次。我通常每 10-15 分钟换。微纤维棒通常每 5-10 分钟。必须换干的，因为干燥工具吸水越多效率越低。插在通道里时水分没有足够表面积蒸发。湿的干燥工具不及时取出反而让通道保持潮湿。霉菌感染最常见的来源就是人们把干燥棒长时间留在娃娃湿通道里。水族气泵不一定更快，有时是，很大程度上取决于通道设计的复杂度。它们的优点是免手操作。靠温和气流促进蒸发，你可以一边干别的。也不是非此即彼。我经常根据判断混合使用不同的干燥工具。,,,,中性,分享互助,中,干燥科普,sentiment
Tantaly情感分析,Tantaly,odyfpei,,Fiapoko88,"The thing with drying is it isn't hard it just takes time and is a bit tedious. With the rods I'd forget to swap them and leave it in for an hour.   These days I use an aquarium air pump and it works well. It still takes time, but you can set it and forget it. I leave the air pump on for about an hour or so and then finish with a drying rod for a few minutes while I powder her. There are a lot of past threads on here with recommendations on air pumps.",干燥这事不难，就是费时间还有点繁琐。用干燥棒时我会忘记换，一放就是一小时。现在我用水族气泵，效果不错。还是费时间，但可以设定好就不管了。气泵开一小时左右，然后用干燥棒几分钟收尾，顺便给她扑粉。这里有很多关于气泵推荐的旧帖。,,,,中性,分享互助,中,干燥经验,sentiment
Tantaly情感分析,Tantaly,odw76uk,,CompubrahOS,"EDIT: Bought longer drying rods and microfiber towels, which I'll wrap around them. Not ideal, but at least it's the quickest solution for now.",编辑：买了更长的干燥棒和微纤维毛巾，包在棒上。不理想，但至少是目前最快的方案。,,,,中性,分享互助,弱,解决问题,sentiment
Tantaly情感分析,Tantaly,odlg3pl,,Ok_Volume2275,"Hi, thanks for the extensive reply. I know the correct cleaning procedure and followed it after taking the pics, but I've used the alcohol initially to make sure it's disinfected after the last person. I'm reading the posts here extensively. Forgot to mention initially, I have cornstarch as I own some fleshlights (one of the reasons I chose Daisy+) so I guess I'll be good to go once my dry sticks arrive.",你好，感谢详细回复。我知道正确的清洁流程，拍完照就照做了，但我一开始用了酒精确保消毒（因为上一个人用过）。我在这里大量读帖。忘了提，我有玉米淀粉，因为我有几个飞机杯（这也是我选 Daisy+ 的原因之一），所以干燥棒到了应该就能用了。,,,,积极,愉悦享受,中,感谢+备齐装备,sentiment
Tantaly情感分析,Tantaly,odlcn81,,Hubbys_Toy_Vault,"Hello,  Welcome to Tantaly. I will give a brief synopsis to your questions but there are lots of posts on this subreddit about cleaning. Including official video guides. Just look up ""cleaning"" or ""maintenance""  1) So Most Tantaly dolls are TPE (high quality TPE) with exceptions for the new silicone line to release next month. I have a guide on my blog about materials. TL;DR - TPE will be damaged by alcohol and hot water (boiling I am talking) and silicone based lubes. Use antibacterial soap or toy cleaner and water of course. Allow her to air dry (use a fan for faster use) before storing away. TPE is porous so allow the water to evaporate.  You do not have to oil the skin more than once a year or so depending on use. TPE is naturally oily to some will leak out that's why we use cornstarch or baby powder on the skin when fully dry.   2) Depends on the clothing. I would get some white or light colors and maybe a white or light bicycle shorts that can act as an underlayer for darker clothes. I have had good luck with Victoria secret's underwear not staining but I do not leave the clothes on more than 30 min.   3) I get my drying sticks from amazon. Make sure to cycle out the drying sticks every 20-30 min until holes are complete dry. DO NOT STORE WITH STICKS INSIDE. (they absorb water to the water will just sit inside the hole if you store with sticks inside). As mentioned above, baby powder or cornstarch. Sprinkle on and rub into skin to keep soft.",你好，欢迎来到 Tantaly。我简单回答你的问题，但子版块有很多清洁帖子，包括官方视频指南。搜“cleaning”或“maintenance”就行。1) 大多数 Tantaly 娃娃是 TPE（高质量 TPE），新款硅胶系列下个月发布。我博客有材料指南。简言之：TPE 会被酒精、热水（沸腾那种）和硅基润滑剂损伤。用抗菌皂或玩具清洁剂加水。存放前让她晾干（用风扇更快）。TPE 多孔，要让水分蒸发。皮肤一年最多上油一次，取决于使用频率。TPE 天然含油会渗出，所以完全干燥后用玉米淀粉或婴儿爽身粉。2) 取决于衣服。我会买白色或浅色，也许白色或浅色自行车短裤作为深色衣服的内衬。维多利亚秘密的内裤不染色，但我不让衣服穿超过 30 分钟。3) 干燥棒从 Amazon 买。每 20-30 分钟换一次直到完全干燥。不要带着棒存放（棒吸水，水会留在洞里）。如上所说，婴儿爽身粉或玉米淀粉，撒上揉进皮肤保持柔软。,,,,中性,分享互助,中,欢迎+科普,sentiment
Tantaly情感分析,Tantaly,odl19d3,,Eastern-Trip-8084,"Similar thing has happened to mine, think it's just the material.   I purchased a lot of lingerie from AliExpress, no issues with staining",我的也发生过类似情况，觉得就是材质问题。我从 AliExpress 买了很多内衣，没有染色问题。,,,,中性,分享互助,弱,分享经验,sentiment
Tantaly情感分析,Tantaly,odkev0c,,Hubbys_Toy_Vault,"I am going to say the same thing I said about the rotation for the Olivia posted a few days ago and I quote:  ""Looks good. I like the silicone texture. My eventual goal will do a silicone torso comparison reviews. Especially between Tantaly and Erovenus. Maybe Zelex as well. I am still a small time blog who is building a presence. If you would like to see me get a Tantaly Olivia and do a review please let me know. I will probably have to buy one. So help me out by visiting my blog. Here was my Tantaly reviews:  [https://hubbystoyvault.com/sex-doll-for-beginners/](https://hubbystoyvault.com/sex-doll-for-beginners/)  [https://hubbystoyvault.com/tantaly-cecilia-the-best-starter-sex-doll-torso-for-beginners-in-2025/](https://hubbystoyvault.com/tantaly-cecilia-the-best-starter-sex-doll-torso-for-beginners-in-2025/)""  But now I am confused on the names. I original though Oliva was going to be Ass only. But the range of movement posted shows Oliva as a full torso same as Emelia here.",我要重复几天前对 Olivia 旋转视频说的话：看起来不错，我喜欢硅胶质感。我最终目标会做硅胶半身对比评测，特别是 Tantaly 和 Erovenus，可能还有 Zelex。我还是个小博客在积累影响力。想让我买 Tantaly Olivia 做评测的话请告诉我。我可能得自己买，所以请访问我的博客支持我。但现在我对名字很困惑，我原以为 Olivia 只有臀部。但展示的动作范围显示 Olivia 和这里 Emelia 一样是全身半身。,,,,积极,愉悦享受,中,内容创作热情,sentiment
Tantaly情感分析,Tantaly,odj9d5h,,Ill_Rooster4806,So I was like you and now I have 3 dolls and she gets used the least. Here's my opinion and why she doesn't get used as much. Her proportions are awkward and because of that she is more of a butt doll. I think the holes feel nice and placed well. I like her butt alot but yes all the weight is in the lower end and her torso is almost non existent so her overall size is very short. This includes her legs being very short. If they made a full size Hannah that was truly 1:1 ratio similar to Monroe or Aurora that would be totally different but they didn't. I have a ruka and recently a full size max series silicone doll from erovenus and mainly switch between them. Last time I used Hannah was almost 2 mo the ago. In comparison to Ruka her holes are more stimulating which is why I prefer Ruka as I last longer. My erovenus doll is very stimulating so I might as well use her as she is tru 1:1 ratio and being 75lb with an actual head is much more realistic if I want a more stimulating tunnel. Just my thoughts,我以前也和你一样，现在我有 3 个娃娃，她用得最少。这是我的看法和原因：她的比例很别扭，所以更像臀部娃娃。我觉得洞感觉不错，位置也好。我很喜欢她的屁股，但所有重量都在下半身，上半身几乎不存在，整体尺寸很短。包括腿也很短。如果出真正的 1:1 全尺寸 Hannah，类似 Monroe 或 Aurora，那就完全不同了，但他们没有。我有 Ruka 和最近从 erovenus 买的全尺寸 max 系列硅胶娃娃，主要在这两个之间切换。上次用 Hannah 是两个月前。对比 Ruka，她的洞更刺激，所以我更喜欢 Ruka，因为我坚持得更久。我的 erovenus 娃娃很刺激，所以想更刺激就用水她那，她是真 1:1 比例，75 磅还有真头，更真实。,,,,中性,分享互助,中,对比分享,sentiment
Tantaly情感分析,Tantaly,od75kum,,GCupStudios,"I posted about this elsewhere, but I highly, highly, recommend KY Warming Jelly for your lube. It's water based and ok to use with TPE and Silicone.   I have a Daisy, and I was originally using Tantaly's lube brand. Even though I was using a ton of it at a time, I found Daisy extremely overstimulating and unpleasurable. I had used fleshlights before, but Daisy would hurt my frenulum area when I'd try to stick it in, and the strokes were so uncomfortable that I couldn't stay hard. With the KY brand, I'm able to get the most out of Daisy. I filmed this clip ([Warning: NSFW](https://www.reddit.com/r/tantaly/s/no87dYkv87)) using only a couple of pea sized amounts of the KY Jelly.",我在别处发过这个，但我强烈强烈推荐 KY Warming Jelly 润滑剂。水基，TPE 和硅胶都能用。我有 Daisy，原来用 Tantaly 自家润滑剂。即使一次用很多，我还是觉得 Daisy 过度刺激不舒服。我用过飞机杯，但 Daisy 插进去会伤我的系带区，抽送太不舒服根本硬不起来。换成 KY 后我能充分发挥 Daisy。我只用了几粒豌豆大小的 KY 就拍了这个视频。,,,,积极,愉悦享受,中,推荐润滑剂解决问题,sentiment
Tantaly情感分析,Tantaly,od73y68,,FLoo2,The vaginas would be a lot more realistic if they could somehow loosen up a little bit the more they warm up.,如果阴道能随着变暖而稍微松弛一点，会更真实。,,,,中性,期待渴望,弱,改进建议,sentiment
Tantaly情感分析,Tantaly,od5xnsq,,GangbNgCum,I love my new Mark Pro tbh more than I expected to 😳,说实话我爱我的新 Mark Pro，比预期还爱😳,,,,积极,愉悦享受,强,超预期喜爱,sentiment
Tantaly情感分析,Tantaly,od3hs87,,VAM_Moose,"Daisy 2.0 is a great choice! I still have 1.0, but she's totally worth it! If you haven't put your order in yet and would like a discount code, send me a DM, and I will hook you up! 😁👍  As for lube, any water based lubricant is fine, I recently stitched from Astroglide to Durex 2 in 1 as it was better price per volume and also not American.  If you choose you buy clothes (and you should!) get US Medium Sized bottoms. But beware of dark colored clothing, as it can temporarily stain the doll.",Daisy 2.0 是很好的选择！我还有 1.0，但她完全值得！如果还没下单想要折扣码就私信我😁👍。润滑剂方面，任何水基的都行，我最近从 Astroglide 换到 Durex 2 合 1，性价比更好而且不是美国货。如果买衣服（应该买！）选美国中码下装。但小心深色衣服，可能暂时染色。,,,,积极,愉悦享受,中,推荐Daisy 2.0,sentiment
Tantaly情感分析,Tantaly,nwxrald,,WhoisjohnXXXdoe,"Yes, Johnson & Johnson baby oil is perfectly fine. I've played using baby oil it's fun! 😁",是的，强生婴儿油完全没问题。我玩的时候用过婴儿油，很好玩！😁,,,,积极,愉悦享受,中,好玩,sentiment
Tantaly情感分析,Tantaly,nww9tfe,,zeeeeeer54,"My Jennifer is the first version of doll Tantaly made, but now she has been upgraded and she looks fanstatic, if she was the same as before, i would say immediately go for Monroe, but now i think they are on the same level even if im probably always going to have a little weakness for Monroe. Jennifer looks to be thicker, espcially the roundness of her butt, but i think you should look at her information at the tantaly website and compare both to be 100% sure. You can see the measurements.",我的 Jennifer 是 Tantaly 制作的第一版娃娃，但现在她升级了，看起来很棒。如果她还是老样子，我会说直接选 Monroe，但现在我觉得它们在同一水平，虽然我可能永远对 Monroe 有点偏爱。Jennifer 看起来更丰满，特别是屁股的圆润度，但我建议你去 Tantaly 官网看她的信息对比确认，可以看到尺寸。,,,,积极,愉悦享受,中,认可升级,sentiment
Tantaly情感分析,Tantaly,nwvxelm,,Shiny-Velvet,"Amazing collection! I have Aurora, but would like a doll with thicker waist and bigger butt. I'm between Jennifer and Monroe right now. Do you think Jennifer has any advantages at all over Monroe? Or is it only the lighter weight that is her advantage",收藏太棒了！我有 Aurora，但想要腰更粗屁股更大的娃娃。我现在在 Jennifer 和 Monroe 之间纠结。你觉得 Jennifer 对 Monroe 有什么优势吗？还是只有更轻是她的优势？,,,,积极,愉悦享受,中,欣赏+纠结,sentiment
Tantaly情感分析,Tantaly,nuk61se,,yeaImJustThatGuy,this is gonna be a must buy if the kitty placement is good genuinely thought it was a real person,如果洞的位置好这绝对是必买，真心以为是真人。,,,,积极,期待渴望,强,必买,sentiment
Tantaly情感分析,Tantaly,nujc8j7,,TXCaramelCpl,Oh no. A full torso with legs is a little too far on the creepy end for me haha. Plus I have kids. I can't have them finding half a human in my closet lol. I do wish she was a bigger hip doll though. Like Daisy or something. Something with fatter lips and ass.,哦不。带腿的全身半身对我来说有点太恐怖了哈哈。而且我有孩子，不能让他们在衣柜里发现半个人哈哈。不过我希望她是个更大的胯部娃娃，像 Daisy 那种，有更丰满的阴唇和屁股。,,,,消极,担忧顾虑,中,顾虑隐私,sentiment
Tantaly情感分析,Tantaly,nuit1ov,,GCupStudios,"Try KY Warming Jelly for your lube. I thought the same about Daisy, but it turns out that I was just using the wrong kind of lube.",试试 KY Warming Jelly 润滑剂。我之前对 Daisy 也有同样的想法，但结果只是我用错了润滑剂。,,,,中性,分享互助,弱,建议,sentiment
Tantaly情感分析,Tantaly,nuikmaj,,WhoisjohnXXXdoe,"This product is different from the other pocket pussies. This one appears to have 3 different holes all in one space. I believe this was out a while back and people who bought it were not feeling it. Tantaly's pocket pussies, the ones for Daisy pro are on a whole different level. I have #1 thru #5 with 5 being my favorite.",这个产品和别的飞机杯不同。这个似乎在一个空间里有 3 个不同的洞。我记得这出过一阵，买的人感觉一般。Tantaly 给 Daisy Pro 配的飞机杯完全是另一个档次。我有 1 到 5 号，5 号是我的最爱。,,,,积极,愉悦享受,中,好评,sentiment
Tantaly情感分析,Tantaly,nok5b6v,,Round-Corner-3301,I have all 3 Lena is by far the best of the 3 but dont let that take anything from Brandi or Selena . Brandi is great for a quick sneak in thw shower and Selena is just fun to squeeze and rub on while using Lena.,我三款都有，Lena 是三款里最好的，但这不是说 Brandi 或 Selena 不好。Brandi 适合在淋浴时快速来一发，Selena 则适合用 Lena 时捏着揉着玩。,,,,积极,愉悦享受,中,好评,sentiment
Tantaly情感分析,Tantaly,nok4rgs,,69HEMI69,"I Second this  The new Daisy 2.0 looks like a fantastic product to grab, even the new release of here that you can put fleshlights into would be a great purchase if you already own something similar.  Daisy Plus ( [https://www.tantaly.com/products/daisy-plus-big-ass-toy](https://www.tantaly.com/products/daisy-plus-big-ass-toy) )   Daisy 2.0 ( [https://www.tantaly.com/products/big-ass-realistic-pussy-sex-doll-with-tantabutt-daisy](https://www.tantaly.com/products/big-ass-realistic-pussy-sex-doll-with-tantabutt-daisy) )   Daisy Pro ( [https://www.tantaly.com/products/big-ass-removable-vagina-porn-sex-doll-daisy-pro](https://www.tantaly.com/products/big-ass-removable-vagina-porn-sex-doll-daisy-pro) )  Ive owned the original Daisy for just shy of 2 years and she is going strong, absolutely huge learning curve with cleanup so the removable style hole would be an amazing feature to have, i like the look of the non removable daisy but each to there own. hopefully bu the time I am looking for a replacement for Daisy tantaly will have refined the design again.  overall would 100% start with a hip toy if you into ass, of you into boobs maybe look at Nicole   Nicole ( [https://www.tantaly.com/products/busty-lover-with-big-boobs-adult-sex-dolls-nicole?variant=40480870367268](https://www.tantaly.com/products/busty-lover-with-big-boobs-adult-sex-dolls-nicole?variant=40480870367268) )   cleaning is the big thing here, if not taken seriously you can end up throwing money down the drain, reach out to u/VAM_Moose he can add you to a discord server that has tips with cleaning toy from many members  happy shopping <3",我赞成这个。新款 Daisy 2.0 看起来很棒，能插飞机杯的新款也会是很好的购买选择，如果你已经有类似产品的话。Daisy Plus/Daisy 2.0/Daisy Pro 链接。我拥有初代 Daisy 快 2 年了，她还很坚挺，清洁有巨大的学习曲线，所以可拆卸洞口会是很棒的功能。总的说 100% 推荐从臀部玩具开始，如果喜欢胸就看看 Nicole。清洁是大事，不认真对待就是白扔钱，可以联系 u/VAM_Moose 加入 discord 获取成员们的清洁技巧。购物愉快。,,,,积极,愉悦享受,中,推荐Daisy系列,sentiment
Tantaly情感分析,Tantaly,noierns,,DrDune85,No problem man anytime. And rest assured no matter what doll from Tantaly you go with yu will not regret it for reals. From the smallest doll to the bigger dolls all of them are bangers for sure. Tantaly makes some of the best man milking toys ever lol,没问题兄弟随时。放心，无论你选 Tantaly 的哪个娃娃都不会后悔。从小到大都是精品。Tantaly 做出了史上最好的“榨汁机”玩具哈哈。,,,,积极,愉悦享受,强,高度推荐,sentiment
Tantaly情感分析,Tantaly,noi13sx,,DrDune85,I'm like average size like 5inch and girthy and i have had zero issues with the LVH. Ive seen a lot of really big guys use the same model of dolls that i have and even the big dudes dont seem to have a issue with Tantaly LVHs. Only thing i have heard is like really big guys complaining that the Tantaremoval does slightly move and get outa whack with the doll. But yea who knows how they were using it ya know . Other than that i have no issues at all,我平均尺寸大约 5 英寸有点粗，用 LVH 完全没问题。我见过很多大个子用和我一样的娃娃，即使大个子似乎也没问题。只听说过超大个的人抱怨 Tantaremoval 会轻微移动错位。谁知道他们怎么用的。除此之外我完全没问题。,,,,中性,分享互助,中,答疑,sentiment
Tantaly情感分析,Tantaly,nohl5i9,,martenic,Candice is a rockstar. Had the pleasure of [getting and reviewing her](https://www.sextoymagazine.com/tantaly-candice-2-review/) a while back. Still one of my favorite of the more real-sized Tantaly dolls.,Candice 是摇滚明星。之前有幸入手并评测了她。至今仍是我最喜欢的真人尺寸 Tantaly 娃娃之一。,,,,积极,愉悦享受,强,好评,sentiment
Tantaly情感分析,Tantaly,nlhwew3,,jodinez33,"Just a recommendation because I've always been into anal and I didnt want my girlfriend to give up on it but they make an anal dilator set, its a good way to slowly stretch so that its not painful when you try. I went with a 3 piece glass set on Amazon and it has been working great",只是个建议，因为我一直喜欢肛交，不想让我女朋友放弃，他们出了一种肛门扩张器套装，是慢慢拉伸的好方法，这样尝试时不会疼。我买了 Amazon 的 3 件套玻璃款，效果很好。,,,,中性,分享互助,中,建议,sentiment
Tantaly情感分析,Tantaly,nlglobj,,MaireOvi,I need Daisy ebano 🥹,我需要乌木色 Daisy🥹,,,,积极,期待渴望,中,想要乌木色,sentiment
Tantaly情感分析,Tantaly,nlf3i5y,,2keyed2pill,My old Cecilia didn't have tantabutt so idk if my experience helps much. I was in the same headspace as you before pulling the trigger though. She was too tight for me and kinda small. It felt like cracking a child lmao.,我的旧 Cecilia 没有 tantabutt，所以不知道我的经验有没有帮助。不过下手之前我和你有同样的想法。她对我来说太紧了，还有点小。感觉像在操小孩哈哈。,,,,消极,失望不满,中,尺寸不合适,sentiment
Tantaly情感分析,Tantaly,nleygr6,,jodinez33,"I keep seeing how much cecilia jiggles and wondering if I'll miss out on that by wanting one of the bigger butt models. I have a no name amazon butt that is 24lbs so almost the same size and shape as the 26lb caroline butt and it still jiggles decently, but nowhere near as much as I've seen from cecilia. It looks to be about on par with the caroline videos I've seen. At this point I feel like the only way to achieve that great bounciness/softness rebound is from the cecilia butt or by going big and getting daisy which is obviously much more expensive. Do the textures of caroline provide a good enough experience/make up for the fact it doesn't jiggle as much as cecilia?",我一直看到 Cecilia 抖得多厉害，想知道如果选更大的臀部款会不会错过这个。我有一个无牌 Amazon 臀部玩具 24 磅，几乎和 26 磅的 Caroline 臀同尺寸同形状，它抖得还行，但远不如 Cecilia。看起来和 Caroline 视频差不多。现在我觉得要达到那种弹跳/柔软回弹只有 Cecilia 臀或上 Daisy（贵得多）。Caroline 的纹理体验够好吗，能弥补抖动不如 Cecilia 吗？,,,,中性,中立客观,中,纠结咨询,sentiment
Tantaly情感分析,Tantaly,nldyfnp,,kdubb_38,"I just got a Daisy 2.0 and haven't had a chance to smash yet.  I'm loving all the reviews, that's why I bought it btw. I can't wait. 😮‍💨",我刚拿到 Daisy 2.0 还没机会用。我很爱看这些评测，顺便说这就是我买她的原因。我等不及了。😮‍💨,,,,积极,期待渴望,强,期待使用,sentiment
Tantaly情感分析,Tantaly,nldizwt,,ascasea,"Thank you!! Most of these are just fishnet lingerie from Amazon. They are one size fits all, and stretch to accommodate her perfectly! There are tons of brands, colors, and styles on Amazon for super cheap! The last outfit is just a bra and panty of mine I put on her (VS 32C, although I know she's probably more like a 28FF), and a small stretchy boy short from Gap Body.",谢谢！！这些大多是 Amazon 的渔网内衣。均码，弹性很好完全合身！Amazon 上有超多品牌颜色款式，超便宜！最后一套是我自己的文胸和内裤（VS 32C，虽然我知道她可能更像 28FF），还有一条 Gap Body 的小弹力男童短裤。,,,,积极,愉悦享受,中,分享穿搭,sentiment
Tantaly情感分析,Tantaly,nld6c9t,,Conscious_Archer6433,She looks stunning. Where did you get the outfits from and what sizes did you get? I've been trying to get my Britney doll clothes but not sure where or what size to get her,她看起来太惊艳了。衣服在哪买的、什么尺码？我一直想给 Britney 买衣服但不确定在哪买、买什么码。,,,,积极,愉悦享受,中,欣赏咨询,sentiment
Tantaly情感分析,Tantaly,o2vr6ui,,WhoisjohnXXXdoe,"There's a reason I call my butt dolls, "" Therapy Butts"" totally therapeutic. 😁",这就是为什么我把我的臀部娃娃叫做“治疗臀”，完全治愈系😁。,,,,积极,愉悦享受,中,治愈,sentiment
Tantaly情感分析,Tantaly,o2vcay8,,VAM_Moose,"I used a Catsuit for my Aurora, which protects her body from, dirt, lint, stains and friction damage. It's basically a silky sheer body shaped pillow case 😁👍  https://www.reddit.com/r/tantaly/s/e1KnMhaQvN",我给我的 Aurora 用了一件猫女连体衣，保护她的身体免受灰尘、绒毛、污渍和摩擦损伤。基本就是个丝滑透明的娃娃形枕套😁👍。,,,,中性,分享互助,中,分享保护方法,sentiment
Tantaly情感分析,Tantaly,o2v94ir,,superluckyneko31,"Since I got Selena and Ginny, I've kept at least one in bed with me at night. I bought/made clothes for them since they're really off putting to me naked under non-horny circumstances. Sometimes I'll cuddle with them, but it's just nice having something taking up some space. Lol, I've always slept with a pillow between my legs since a back injury years ago. I was to a point where I was strongly considering getting a fancy pants custom molded etc. pillow. Both Ginny and Selena have actually fit that role really well lol, they may even be good enough that I won't bother getting a custom pillow",自从有了 Selena 和 Ginny，我每晚至少留一个在床上。我买/做衣服给她们，因为非性冲动情况下裸着她们让我不舒服。有时我会抱着她们，但就是喜欢有东西占着空间。哈哈，我多年前背部受伤后一直习惯在两腿间夹个枕头。我曾经认真考虑买个定制模压高级枕头。Ginny 和 Selena 都很好的扮演了这个角色，甚至好到我不想买定制枕头了。,,,,积极,愉悦享受,中,陪伴需求,sentiment
Tantaly情感分析,Tantaly,o2v07ds,,VAM_Moose,"I'll echo this Wonderful story. No doubt we've all had various frustrations or stresses from everyday life (especially these days) and all looked at solutions that Tantaly provides. We may have not known it then, but I think we all subconsciously needed an outlet or relief that is reliable, and always available 🤗",我要附和这个美妙的故事。毫无疑问我们都经历过日常生活的各种挫折或压力，都在寻找 Tantaly 提供的解决方案。我们当时可能不知道，但我想我们都在潜意识里需要一个可靠、随时可用的出口或解脱🤗。,,,,积极,愉悦享受,中,情感共鸣,sentiment
Tantaly情感分析,Tantaly,o2us4ey,,Aggravating_Teach_26,"I honestly dont think they care to make dolls or something. Ebony dolls should be standard but what do we know. We're just the customer. One tiny ebony doll out of all the products really sucks. The whole ""wheat"" tone is bologna",说实话我不觉得他们关心做娃娃什么的。乌木色娃娃应该是标配，但我们算什么呢，我们只是顾客。所有产品里只有一个小的乌木色娃娃，真烂。整个“小麦色”色调都是扯淡。,,,,消极,失望不满,强,不满肤色选项,sentiment
Tantaly情感分析,Tantaly,o2ucaa3,,peachnecctar,[tantaly.com/PeachxNecctar](https://tantaly.com/PeachxNecctar) Discount code PeachxNecctar for 12% discount! Don't forget to use it at checkout,tantaly.com/PeachxNecctar。用码 PeachxNecctar 打 88 折！结账别忘了用。,,,,中性,分享互助,弱,推广,sentiment
Tantaly情感分析,Tantaly,o2u1rgq,,jucythighs,Yes plz. Can we get a trans doll without the monster cock 🥺 I want a realistic trans sex doll too! Hard cock is ok as long as she's got a realistic one.,是的拜托。能不能出个没有巨根的跨性别娃娃🥺 我也想要真实的跨性别娃娃！硬没关系，但要真实尺寸。,,,,积极,期待渴望,中,想要跨性别娃娃,sentiment
Tantaly情感分析,Tantaly,o2u0xer,,jucythighs,Wow i love seeing the comparison. Im still a huge fan of rosie. I like how she feels human and doesn't have the absolutely perfect perky look.,哇我爱看这个对比。我仍然是 Rosie 的超级粉丝。我喜欢她有人类感，没有那种绝对完美的紧致外观。,,,,积极,愉悦享受,中,喜欢Rosie,sentiment
Tantaly情感分析,Tantaly,o2t67gx,,xXanderCrewsx,"*UPDATE*   I still haven't received any messages to ""resolve"" the quality issue of this product, just the comment that received a bunch of likes. No further actions taken by Tantaly so far.",*更新* 我仍然没有收到任何“解决”这个产品质量问题的消息，只有那条获赞很多的评论。Tantaly 至今没有进一步行动。,,,,消极,失望不满,中,售后无响应,sentiment
Tantaly情感分析,Tantaly,o2skqwb,,ViolettBelle,I like it a lot! The dildo part was fun and easy to ride as it was firm enough to stay in place.,我很喜欢！假阳具部分很好玩，骑乘容易，因为够硬能保持位置。,,,,积极,愉悦享受,中,满意,sentiment
Tantaly情感分析,Tantaly,o2rvezj,,In62,"Daisy Pro comes with 3 sleeves already that are all different from the extra ones you listed from the accessories page. If you are asking about adding to the original 3 she comes with, then I would say the order of least stimulating (to last longer) to most is 2, 9, 8, 6, 7. Will this be your first doll? Feel free to dm me if you want to discuss. I also have a discount code to save you a bit.",Daisy Pro 已经自带 3 个阴道插件，都和你列的配件页上的不同。如果你问的是在原有 3 个之外再加，那我按刺激度从低到高（以便坚持更久）排是 2、9、8、6、7。这会是你第一个娃娃吗？想聊可以私信我，我也有折扣码帮你省点。,,,,中性,分享互助,中,专业建议,sentiment
Tantaly情感分析,Tantaly,o2rcwm0,,VAM_Moose,"Just submerge or wipe your doll with a damp cloth of warm water. Although this may wash away the power to keep in the skin smooth.   What I do is I get under a thick blanket with the doll and transfer body heat, which doesn't take too long anyways. ☺️👍",只需浸泡或温水湿布擦拭。虽然这可能洗掉保持皮肤光滑的粉末。我的做法是钻进厚毯子和娃娃一起，传递体温，反正用不了太久。☺️👍,,,,中性,分享互助,中,加热方法,sentiment
Tantaly情感分析,Tantaly,o2rcltn,,VAM_Moose,"I have Daisy 1.0. I received her a week after she was announced and she's really amazing. She's my daily use doll and hasn't had a problem with her LHP at all.  Since then, I've dressed her up with so many outfits and enjoyed her in a variety of poses.  She's so popular that she even got a new version of her and 2 other variants based on her!  You mentioned you're getting a doll from a partner local to you. Do they accept discount codes? I have one I could share with you, but it is for the online store, so I am unsure if it could work for you",我有 Daisy 1.0，发布一周后收到，她真的超棒。她是我日常用的娃娃，LHP 完全没问题。之后我给她买了超多衣服，摆过各种姿势。她太受欢迎了，以至于出了新版和两个变体！你说要从当地合作商买娃娃。他们接受折扣码吗？我可以分享一个，但那是线上商店的，不确定能不能用。,,,,积极,愉悦享受,中,日常满意,sentiment
Tantaly情感分析,Tantaly,oc42skx,,Empty_Association122,Never have a full size Nicole or just maybe even something similar to Nicole but bigger boobs and longer torso,从来没有全身 Nicole，或者也许类似 Nicole 但胸更大躯干更长的。,,,,中性,期待渴望,弱,建议,sentiment
Tantaly情感分析,Tantaly,oc3stts,,Ok_Contact_2734,"There's a very popular almost 16lb silicone toy out on the market that I wish tantaly would make a better version of (larger and heavier as well) voluptuous and heavy, built specifically for titty fucking, innovative features can be skipped or later, but needs to be something on the market that is built with those things in mind than one on the market currently",市面上有一款非常流行的近 16 磅硅胶玩具，我希望 Tantaly 出个更好的版本（更大更重），丰满沉重，专为乳交打造，创新功能可以跳过或以后再说，但需要比市面现有产品更针对这些需求。,,,,积极,期待渴望,中,乳交玩具建议,sentiment
Tantaly情感分析,Tantaly,oc1efd9,,UnassumingUser364,"Styrofoam padding provides several different additional functions, it provides impact protection not only during transit, but during just general at-home maneuvers. More critically it also helps mitigate the amount of dust and moisture the doll is exposed to in storage. It also serves as a barrier between the doll and materials that might stain or otherwise damage it. Well it's rare, sometimes the storage bags can be a little overdyed and actually staying the doll if you stow them in them. I had that happen with my Mia. And yes, it does help the doll keep its shape but that's mostly a function of impact protection.  Using the Styrofoam and provided black overbag (which should not be in direct contact with the doll because it's PVC lined and black) is pretty much always going to be the preferred and recommended option. Just stowing it in the drawstring bag compounds the amount of potential problems. Also bear in mind that you're looking at Candice Pro and Daisy Plus. Both of which are big heavy dolls, your typical drawer can't handle the weight.   Additionally both dolls use iterations of the Tantaremoval system. With Candice Pro using Daisy Pro pattern inserts (versus the older Mia pattern) and Daisy Plus using a new universal insert cavity. They need a little bit more storage because of the need to stow inserts, though those can be stowed separately. And while they do make some aspects of the doll process more convenient, they are overall more care and maintenance intensive. If space is a concern, Tantaremoval would not be my first recommendation. Especially if it's a first doll. If you want to stick with Tantaremoval, I would instead explore Kylie, which uses Daisy Pro pattern inserts. Otherwise I would recommend you stick with fixed tunnel dolls that are smaller and better fit your storage space. The best goal is the doll that you can actually stow, properly maintain, and can afford.",泡沫衬垫提供多种额外功能，不仅运输中防冲击，在家移动时也防。更重要的是帮助减少存放时娃娃接触的灰尘和水分。还是娃娃和可能染色或损伤材料之间的屏障。虽然少见，但有时收纳袋会染色，我的 Mia 就遇到过。它确实帮助保持形状，但主要是冲击保护功能。用泡沫和附赠的黑色外袋（不应直接接触娃娃，因为 PVC 内衬且黑色）几乎总是首选。只用抽绳袋会累积问题。还要注意你在看 Candice Pro 和 Daisy Plus，都是大而重的娃娃，普通抽屉承受不了。两款都用 Tantaremoval 系统变体。它们因为要收纳插件需要更多空间，不过可以分开收。虽然它们让一些流程更方便，但总体更费维护。如果空间有限，Tantaremoval 不是我的首选，尤其是第一款娃娃的话。想用 Tantaremoval 建议看看 Kylie。否则推荐固定通道的较小娃娃，更适合你的收纳空间。最好的娃娃是你能收好、保养好、买得起的。,,,,中性,分享互助,中,收纳科普,sentiment
Tantaly情感分析,Tantaly,oc1a7vt,,UnassumingUser364,"These are two of three upcoming dolls. All three of them are made from silicone vs the TPE that Tantaly uses on everything else. The one not shown is called Grace (not to be confused with the short-lived Tantaly stroker that was available on Amazon) and is a silicone butt doll.  Since the release of Hannah and Hannah Mini, Tantaly has released Mark, Candice Pro, Mark Pro, Kylie, Daisy Plus, Lola, and Rebecca.  Mark is a male doll with athletic build, Mark Pro gives it swappable dildos. Candice Pro is a Candice with Tantaremoval inserts. Kylie is a Tantaremoval butt doll that can be loosely described as Mia's successor. Daisy Plus is a special Tantaremoval version that is designed to be compatible with third-party strokers like Fleshlight. Lola is a large form factor full torso doll, roughly what people were hoping Freya would be, Tantaly describes it as voluptuous which is the perfect word for it. And Rebecca authentically sized leg doll, it contains the feet all the way up to the butt, it's pretty cool.",这是三款即将推出娃娃中的两款。三款都用硅胶，而不是 Tantaly 其他产品用的 TPE。没展示的那款叫 Grace，是硅胶臀部娃娃。自 Hannah 和 Hannah Mini 发布以来，Tantaly 已推出 Mark、Candice Pro、Mark Pro、Kylie、Daisy Plus、Lola 和 Rebecca。Mark 是运动体格的男娃娃，Mark Pro 带可更换假阳具。Candice Pro 是带 Tantaremoval 插件的 Candice。Kylie 是可粗略称为 Mia 继任者的 Tantaremoval 臀部娃娃。Daisy Plus 是特殊的 Tantaremoval 版，设计兼容 Fleshlight 等第三方玩具。Lola 是大型全身娃娃，差不多是人们希望 Freya 成为的样子，Tantaly 用“丰满”形容它很贴切。Rebecca 是真实尺寸的腿娃娃，从脚到屁股都有，挺酷的。,,,,中性,分享互助,中,新品科普,sentiment
Tantaly情感分析,Tantaly,oc0zgmd,,Senior-Street-9127,I have Monica 2.0 and Diana. I have them in totes laying on pillows haven't had any problems,我有 Monica 2.0 和 Diana。放在收纳箱里垫着枕头，没有任何问题。,,,,中性,分享互助,弱,收纳经验,sentiment
Tantaly情感分析,Tantaly,oc0fte4,,WhoisjohnXXXdoe,"I've used temporary tattoos I've bought off Amazon. Nothing custom made. They last only a few days. Moving doll about during play time tend to cause tears, they are not perfect. They are pretty cool to add and photograph.",我用过从 Amazon 买的临时纹身，不是定制的。只能保持几天。玩耍时移动娃娃容易造成撕裂，不完美。但拍照时加个纹身挺酷的。,,,,中性,分享互助,弱,玩法分享,sentiment
Tantaly情感分析,Tantaly,nbqqqh0,,WhoisjohnXXXdoe,Eva weighs 55 lbs. She comes with her own black storage case. Discount code on my page if your ever need one.,Eva 重 55 磅。自带黑色收纳箱。需要折扣码可以看我主页。,,,,中性,分享互助,弱,信息+推广,sentiment
Tantaly情感分析,Tantaly,nbqettu,,javydude,"you gotta watch all the shipping services you are enrolled in. my wife gets notices for any UPS, Fedex, USPS and Amazon deliveries even if they are not addressed specifically to her.",你得留意所有注册的配送服务。我妻子会收到任何 UPS、Fedex、USPS 和 Amazon 配送的通知，即使不是专门寄给她的。,,,,消极,担忧顾虑,中,隐私提醒,sentiment
Tantaly情感分析,Tantaly,nbnx7mq,,One-Throat-2497,We do have some good ones though. Maybe not super great lighting but pretty spicy. I took the kids camping the other weekend and get a message from my wife. Opened it up and to my surprise she's fucking Candace with a strap-on. Not long after she sends another with her flipped over fucking her in the ass. Really fucking hot.,我们确实有一些好的。也许灯光不是特别棒但很火辣。上上个周末我带孩子们露营，收到我妻子的消息。打开一看她正用 strap-on 操 Candice。没多久她又发来一个她翻过来操她屁股的。真的超火辣。,,,,积极,愉悦享受,强,伴侣玩法兴奋,sentiment
Tantaly情感分析,Tantaly,nbmc68x,,TheNewAgeManIsHere,I've actually looked at Lena before. I've thought of maybe getting one to see how it is to have a butt doll but Amazon shipping would be a bit hard for me to work around since I know for a fact it'd have to be directly delivered to where I live (I've already checked and it can't be shipped to a locker).,我其实看过 Lena。想过买一个体验臀部娃娃，但 Amazon 配送对我来说有点难安排，因为我知道必须直接送到我住的地方（我查过不能送到储物柜）。,,,,中性,中立客观,中,物流顾虑,sentiment
Tantaly情感分析,Tantaly,nbmbw9y,,UnassumingUser364,"Have you considered a Lena? It's not authentically sized, but it's designed to be a scaled down version of Daisy. It's a little bit smaller than Cecilia or Mia. It's an Amazon exclusive in the United States, It's less than 100 bucks and it's small enough that Amazon supports it with its gift wrapping service which is a cheap way (about $5) to guaranteed discretion. When gift wrapped, it guarantees that it's going to come in a brown Amazon box and then it's further placed in a gift bag underneath that box. Check my post history, you'll see some photos of Lena compared to other dolls and with the Amazon gift wrapping looks like with Lena.",你考虑过 Lena 吗？不是真实尺寸，但设计成 Daisy 的缩小版。比 Cecilia 或 Mia 小一点。美国 Amazon 独家，不到 100 美元，而且小到 Amazon 支持礼品包装服务（约 5 美元），是保证私密性的便宜方式。礼品包装后保证是棕色 Amazon 箱，箱下还有礼品袋。看我的发帖记录能看到 Lena 和其他娃娃的对比以及礼品包装效果。,,,,中性,分享互助,中,推荐入门,sentiment
Tantaly情感分析,Tantaly,nbmbhof,,TheNewAgeManIsHere,"I know Daisy is quite big (though thats her selling point), I've also looked at some of the slightly smaller dolls such as Rosie and Caroline instead. I've been meaning to get some drying sticks for my other toys so I already know where to buy them.   When the time comes I'll probably email them and see if I can work something out to get the doll shipped somewhere other than where I live. I've had other toys delivered without problem but since these are full on torsos or butts I know the size of the box might arouse suspicion. Either way thanks for the advice.",我知道 Daisy 挺大（虽然那是卖点），我也看过一些更小的如 Rosie 和 Caroline。我本来就打算给我的其他玩具买干燥棒，所以知道在哪买。到时候我可能会发邮件看看能不能让娃娃运到别处。其他玩具都顺利送达，但因为是全身或臀部款，我知道箱子大小可能引起怀疑。总之谢谢建议。,,,,中性,中立客观,中,隐私顾虑,sentiment
Tantaly情感分析,Tantaly,n68as5u,,tarkus512,"When I plan on sleeping with either Aurora or Candice pro, I will have them wearing clothes. Also, I purchased some white bath sheets that I place them on as a back-up to prevent any possible staining.",我打算和 Aurora 或 Candice Pro 一起睡时让她们穿着衣服。我还买了白色浴巾垫在下面，防止染色。,,,,中性,分享互助,中,抱睡经验,sentiment
Tantaly情感分析,Tantaly,n66twiw,,tarkus512,Good choice of lingerie! I like to dress my Candice pro and Aurora in similar g-strings and panties. They make them look so darn sexy.,内衣选得好！我喜欢给我的 Candice Pro 和 Aurora 穿类似的丁字裤和内裤。让她们看起来超性感。,,,,积极,愉悦享受,中,穿搭乐趣,sentiment
Tantaly情感分析,Tantaly,n66svb6,,tarkus512,"Thank you for your kind words, HG1107. I slept with Aurora clothed in a satin night gown last night. It was a wonderful experience that eased some of my loneliness and also allowed me to do some naughty fondling of her breasts and private areas.",谢谢你的美言 HG1107。昨晚我穿着缎面睡袍的 Aurora 一起睡。那是美妙的体验，缓解了我一些孤独，也让我可以对她胸部和私处做些坏坏的爱抚。,,,,积极,愉悦享受,中,缓解孤独,sentiment
Tantaly情感分析,Tantaly,n0o4oxa,,FL_bro1234,The transaction from their site often show up as it is made in China. So your card issuer blocks the transaction for fraud prevention.   You would need to call your card CS and tell them that it is a legit transaction and proceed again. This time it should work. They might tell you that you will be responsible for fraud from that company if they remove fraud prevention but thats your call to make.,他们网站的付款常显示为中国发起，所以你的发卡行会因防欺诈拦截。你需要打客服电话告诉他们这是真实交易再继续。这次应该能成功。他们可能会说移除防欺诈后你要对该公司欺诈负责，但那是你的选择。,,,,中性,分享互助,中,付款问题解决,sentiment
Tantaly情感分析,Tantaly,n0nl5o1,,Southern-Ad-9968,"I use derma nu, bit pricey on Amazon tho, $36 for 16 oz. It's 70% organic and works nice for me",我用 derma nu，Amazon 上有点贵，16 盎司 36 美元。70% 有机，我用着不错。,,,,中性,分享互助,弱,推荐清洁品,sentiment
Tantaly情感分析,Tantaly,n0nhlr3,,UnassumingUser364,"I've spent a lot of time researching this question. Since there's so many different soaps out there, it's usually better to speak in generalizations.   What you want is mild ""soft"" soap. Soft in this case usually meaning liquid hand soap. And mild meaning no harsh disinfectants, usually the type for those with sensitive skin. I also recommend trying to avoid varieties that are too heavily fragranced. Fragrances difficult to avoid, it's one of the ways that brands make their particular soap proprietary, but there are definitely some that are more fragrant than others.  A key factor is dilution. Soap is a very effective cleaner. And one of the ways cleans is by emulsifying oils. This allows them to be more easily washed away. TPE (the material your doll is made from) is infused with mineral oil. This keeps the doll from drying out and is what gives it it soft and supple feel. Soap pulls out the mineral oil when it's cleaning. So the trick is to heavily dilute the soap with water. Different dilutions are often recommended. Anywhere from 1:5 (one part soap, four parts water) to 1:10. You don't really have to be exact about it. Just feel some container with warm water (warm water cleans better than cold and unlike hot water is not likely to melt the TPE) and squirt some soap in it and stir it in. The dilution allows you to benefit from many of the cleaning properties of warm water and soap with less of the emulsifying disadvantages. Note that you can recharge lost mineral oil in a process called oiling. It's typically done about once a month for a very frequently used doll. I've written a ton about the subject as have many others you can use to search function to find out more. After I'm done cleaning with soap, I like the flush/rinse with clean warm water.  In the not so distant past I would spend hours diligently researching every single ingredient in soaps that people posted. It was a lot of work and the list of soaps research was ever growing. What I found is the vast majority of soaps I was asked to research were doll safe. The bigger issue was many weren't human safe. Containing ingredients that had allergy risks or weren't recommended for internal use. For the former, do a spot test on yourself and make sure you're not allergic to any soap you use. The latter, is more of a issue with male presenting dolls or other toys with parts that could be inserted anally or vaginally. Still worth being mindful of, but the risks are mitigated with dolls that you penetrate versus dolls that penetrate you.",我花了很多时间研究这个问题。肥皂种类太多，最好泛泛而谈。你想要温和的“软”皂，通常指液体洗手液。温和指没有刺激性消毒剂，通常是敏感肌用的。也建议避免香味太重的。关键因素是稀释。肥皂是有效清洁剂，通过乳化油脂清洁，让它们更容易被冲走。TPE（你娃娃的材质）注入了矿物油，让娃娃不干燥、柔软细腻。肥皂清洁时会带走矿物油。所以诀窍是用水大量稀释肥皂。通常推荐 1:5 到 1:10 的稀释比例。不需要很精确，往温水容器里挤点肥皂搅拌即可。稀释让你获得温水和肥皂的清洁力，同时减少乳化副作用。注意可以通过上油补充流失的矿物油，频繁使用的娃娃大约每月一次。我写了很多相关内容。用肥皂清洁后我喜欢用干净的温水冲洗。过去我会花几小时研究人们发的肥皂成分，发现绝大多数对娃娃安全。更大的问题是很多不适合人体，含有过敏原或不推荐内用的成分。前者先在自己身上做斑贴测试；后者更多是男款娃娃或其他可插入玩具的问题。,,,,中性,分享互助,强,清洁科普,sentiment
Tantaly情感分析,Tantaly,n0jrubj,,UnassumingUser364,"Haven't heard anything about any dolls planned, but if you're looking for something Lena-like in shape, Lena was designed to be a scaled down Daisy. So it might be worth taking a look at Daisy.",没听说有计划的娃娃，但如果你想要形状类似 Lena 的，Lena 是 Daisy 的缩小版。所以值得看看 Daisy。,,,,中性,分享互助,弱,推荐,sentiment
Tantaly情感分析,Tantaly,mvavg0b,,PawgWizard,"Well, looks like I'm going to be saving up for a Sarina doll.",看来我要攒钱买 Sarina 娃娃了。,,,,积极,期待渴望,中,攒钱想买,sentiment
Tantaly情感分析,Tantaly,mva9a7l,,BootyBacShots,"She's a great time, can't wait to get double teamed by Kylie and Caroline next chance I get, wip out the champagne!",她太好玩了，等不及下次让 Kylie 和 Caroline 双人夹击，开香槟！,,,,积极,愉悦享受,中,期待玩法,sentiment
Tantaly情感分析,Tantaly,mva6zjf,,BrixtonDD,I suggest trying a conversation. I asked my wife before I got my first Tantaly doll and it took me days to work up the courage. But if she's OK it's really nice to enjoy it without the guilt. If masturbation is acceptable in your marriage this is a good starting point. If she's not much into it then you can ask her to be understanding of your sex drive. If she's into masturbation then make it a team sport and get her a new toy like a Womanizer or Tantaly's Mark! Talk to your wife and share the love.,我建议尝试沟通。我在买第一个 Tantaly 娃娃前问了妻子，花了好几天才鼓起勇气。但如果她接受，就能毫无愧疚地享受。如果婚姻中自慰是可接受的，这是好的起点。如果她不太接受，可以请她理解你的性欲。如果她也爱自慰，就变成双人项目，给她买 Womanizer 或 Tantaly 的 Mark！和妻子聊聊，分享爱吧。,,,,积极,愉悦享受,中,伴侣沟通建议,sentiment
Tantaly情感分析,Tantaly,mv9lwty,,BootyBacShots,"Tis the plan lol. First one was Caroline, this second one is Kylie",正是计划哈哈。第一个是 Caroline，这第二个是 Kylie,,,,积极,愉悦享受,弱,复购计划,sentiment
Tantaly情感分析,Tantaly,mv8qvib,,ShakeAlternative584,"I just ordered one, going to attempt to hide it from my wife",我刚下单了一个，打算瞒着妻子藏起来。,,,,消极,担忧顾虑,中,瞒妻购买,sentiment
Tantaly情感分析,Tantaly,mv8hd56,,bnb077533,"I started with Lena, but way to small and not life like at all. Moved up to Caroline after much research and been very, very happy. Her butt size approaches the others but a bit more affordable and much less weight. Cleaning is not too difficult at that weight.",我从 Lena 开始，但太小了，一点都不逼真。研究后升级到 Caroline，非常满意。臀部尺寸接近其他款，但更实惠、轻得多。那个重量下清洁也不太难。,,,,积极,愉悦享受,中,升级满意,sentiment
Tantaly情感分析,Tantaly,msh7oh2,,Some_Ad2172,"Definitely enjoy doggy style the most, her ass is mesmerizing😩",绝对最喜欢后入式，她的屁股太迷人了😩,,,,积极,愉悦享受,中,后入喜爱,sentiment
Tantaly情感分析,Tantaly,msg65qh,,Senior-Street-9127,Nice video I need to try that with Monica or Diana with my lady looks fun thanks for sharing,好视频，我得和我的女士试试 Monica 或 Diana，看起来很好玩，谢谢分享,,,,积极,愉悦享受,中,想与伴侣尝试,sentiment
Tantaly情感分析,Tantaly,msg1f6t,,Senior-Street-9127,Damn makes me want daisy even more,该死，让我更想要 Daisy 了,,,,积极,期待渴望,中,更想要Daisy,sentiment
Tantaly情感分析,Tantaly,msfuoqd,,EffectiveFinish653,"Thanks! I always have fun with Candice, with that body and them tight holes 😍She my dream woman! More outfits to come once I get her order in!",谢谢！我总是和 Candice 玩得很开心，那身材和紧致的洞😍她是我梦中情人！等我下单了会有更多穿搭！,,,,积极,愉悦享受,强,梦中情人,sentiment
Tantaly情感分析,Tantaly,mq2mn5q,,JStick00,Awesome bro! I'm about to go do this in a few hours... Just picked her up up other day.,太棒了兄弟！我几小时后也要这么做……前几天刚接她回家。,,,,积极,愉悦享受,中,期待,sentiment
Tantaly情感分析,Tantaly,mq1l70a,,Senior-Street-9127,Iv got to try that with my Diana,我得和我的 Diana 试试那个,,,,积极,期待渴望,弱,想试,sentiment
Tantaly情感分析,Tantaly,mq1a9pv,,STSProEnt,I gotta add Caroline to my collection now,我现在得把 Caroline 加进收藏了,,,,积极,期待渴望,中,想买,sentiment
Tantaly情感分析,Tantaly,mq19rr3,,spacegrunt0331,Female friend of mine put it on once when she saw it just for shits and giggles and I was like 🤤. So when I got Diana it was a no brainer.,我的一个女性朋友看到时试穿过一次，纯粹闹着玩，我当时就🤤。所以买 Diana 时毫不犹豫。,,,,积极,愉悦享受,中,性吸引,sentiment
Tantaly情感分析,Tantaly,mq0tg4n,,Unlikely_Link_2284,Now to buy sexy clothes for her,现在该给她买性感衣服了,,,,积极,期待渴望,弱,想买衣服,sentiment
Tantaly情感分析,Tantaly,mnbhm1g,,BrixtonDD,"Came here to say this. What you see may be from the packaging & transit and may correct itself. When I got my first Britney I had a similar situation, and it fixed itself in a few weeks. Best of luck either way. Tantaly service is amazing.",来这就是想说这个。你看到的可能是包装和运输造成的，可能自己会恢复。我第一次买 Britney 时也遇到类似情况，几周后自己恢复了。总之祝你好运。Tantaly 的服务很棒。,,,,积极,愉悦享受,中,问题自愈+好评服务,sentiment
Tantaly情感分析,Tantaly,mnbcybg,,Senior-Street-9127,My Monica was like that when I got her but not that bad...you can hardly tell it now. Iv had her all most a month now,我的 Monica 刚到时也这样，但没这么严重……现在几乎看不出来了。我已经有她快一个月了,,,,中性,分享互助,弱,经验,sentiment
Tantaly情感分析,Tantaly,mnau33f,,Perfect_Broccoli3257,"Hey do you think you could let me know the depth of Selena's holes? I'm looking for 8"". Thanks",嘿，能告诉我 Selena 的洞有多深吗？我在找 8 英寸的。谢谢,,,,中性,中立客观,中,咨询,sentiment
Tantaly情感分析,Tantaly,mnau2dv,,TheLastDadJoke,"I don't remember off the top of my head, but I think it was under 7"" which I was worried about since I'm 7"", but I was able to go the whole way with no issues, so she's got some give, same with Brandi too. I can check official measurements later. She's kinda loose feeling to me. Not that that's a bad thing!!! She's got boobs so 🤷",我记不太清，但我想是 7 英寸以下，我本来担心因为我 7 英寸，但我能全部进去没问题，所以她有点弹性，Brandi 也一样。我以后可以查官方尺寸。对我来说她感觉有点松。这不是坏事！！！她有胸所以🤷,,,,中性,分享互助,中,答疑,sentiment
Tantaly情感分析,Tantaly,mnas8p4,,Perfect_Broccoli3257,"Hey buddy thanks. I'm wondering if you could let me know the depth of the holes? Looking for around 8"". If ya could let me know I'd appreciate it thanks",嘿兄弟谢谢。我想知道洞的深度？我在找 8 英寸左右的。如果你能告诉我我会很感激，谢谢,,,,中性,中立客观,中,咨询,sentiment
Tantaly情感分析,Tantaly,mnaqg01,,Perfect_Broccoli3257,"Hey thanks for the review man. Could you please let me know what you think the depth of the holes are? I'll probably need 8"" and having a tough time finding one. Thanks",嘿谢谢评测兄弟。能告诉我洞的深度大概多少吗？我可能需要 8 英寸，很难找到。谢谢,,,,中性,中立客观,中,咨询,sentiment
Tantaly情感分析,Tantaly,mnalaqc,,Mynastyself,Nice! Placed my order last night; can't wait!,不错！昨晚下单了，等不及了！,,,,积极,期待渴望,强,下单兴奋,sentiment
Tantaly情感分析,Tantaly,mkwppqf,,UnassumingUser364,"That's a suggestion that we have brought up with Tantaly before. But it's also worth reiterating because it's a good one. Many also find the Amazon layout to be a little confusing because of how it does colorway and model variants, as well as some of the bundles.",这是我们之前向 Tantaly 提过的建议。但值得重申，因为这是个好建议。很多人也觉得 Amazon 的布局有点混乱，因为它的配色和型号变体，以及一些捆绑销售的方式。,,,,中性,分享互助,弱,建议,sentiment
Tantaly情感分析,Tantaly,mkwkfh0,,UnassumingUser364,"Lena, Brandi, Selena, and Grace are US Amazon exclusives. They weren't meant for sale on the main Tantaly website. As they're excellent starter dolls, they were frequently recommended in the subreddit. Which unfortunately meant that those in Europe didn't have access to them. Tantaly was able to bring them to Europe through their main website at a price markup. But in the United States it's still an Amazon exclusive.",Lena、Brandi、Selena 和 Grace 是美国 Amazon 独家产品，本来不在 Tantaly 官网销售。作为优秀的入门娃娃，它们在子版块被频繁推荐。不幸的是欧洲用户买不到。Tantaly 通过官网以加价的方式把它们带到了欧洲。但在美国仍然是 Amazon 独家。,,,,中性,分享互助,中,渠道科普,sentiment
Tantaly情感分析,Tantaly,mkw2m8w,,UnassumingUser364,It can happen very fast. Especially with cheaper lingerie and similar garments that are slathered in dark dye. A short spot test on excess TPE or an out of the way stump should tell you pretty quickly if a garment is prone to staining.,这可能发生得很快。尤其是便宜的内衣和涂满深色染料的类似衣物。在多余的 TPE 或不显眼的地方做个快速斑点测试，很快就能知道衣物是否容易染色。,,,,中性,分享互助,弱,防染色,sentiment
Tantaly情感分析,Tantaly,mkvwqko,,WhoisjohnXXXdoe,Congrats! She's beautiful. She was my first Tantaly doll. Over two years with her and she still looks great. Enjoy your new toy. 👍🏼😁,恭喜！她很美。她是我第一个 Tantaly 娃娃。和她在一起两年多，她看起来还是很棒。享受你的新玩具吧。👍🏼😁,,,,积极,愉悦享受,中,祝贺分享,sentiment
Tantaly情感分析,Tantaly,mkvscpz,,UnassumingUser364,"It's called staining. It's very common issue, though usually less severe, and something that the instructions explicitly warn you about. You can come back from it but it'll take a while.",这叫染色。这是很常见的问题，虽然通常没那么严重，说明书也明确警告过。可以恢复，但需要一段时间。,,,,中性,分享互助,弱,解释染色,sentiment
Tantaly情感分析,Tantaly,mkvcetq,,UnassumingUser364,This is been known to happen which is why I've been recommending to people for the past year or so that if they order from Amazon they spend a few extra dollars and have it gift wrapped. Amazon is supposed to put an overbox but sometimes they are lazy and just slap on the shipping label as you see here. My suspicion is Brandi is in between box sizes so it's easier for them to just ship it as is instead of seeking it into small of or too large of a box.,这是已知会发生的情况，所以过去一年左右我一直建议人们如果从 Amazon 订购，多花几美元选礼品包装。Amazon 应该套外箱，但有时他们偷懒直接贴物流标签，就像你看到的这样。我怀疑 Brandi 介于两种箱型之间，所以他们干脆直接发货，而不是塞进过小或过大的箱子。,,,,中性,分享互助,中,包装建议,sentiment
Tantaly情感分析,Tantaly,mkv2yre,,In62,"Lots of similar comments about orders from Amazon. For products Tantaly sells directly on their own site, always safer to order from them, where you are assured discreet packaging.",关于 Amazon 订单有很多类似评论。对于 Tantaly 官网直接销售的产品，从官网订购总是更安全，可以保证谨慎包装。,,,,中性,分享互助,中,建议官网,sentiment
Tantaly情感分析,Tantaly,mkv28x6,,WhoisjohnXXXdoe,"It should, both my Lena and Selena from Amazon came in an Amazon box. There are times when Amazon will FUp. One option to ensure privacy is request gift wrapping at check out. Sorry about that. I know, it sucks.",应该会的，我从 Amazon 买的 Lena 和 Selena 都是 Amazon 箱。有时 Amazon 会搞砸。确保隐私的一个选项是结账时要求礼品包装。很抱歉。我知道，这很糟。,,,,中性,分享互助,中,安慰+建议,sentiment
Tantaly情感分析,Tantaly,mi6c8vw,,Ok-Willingness-9260,Yeah She does or if you gonna buy a new dol then I recomend to get Hannah,是的她会，或者如果你要买新娃娃我推荐 Hannah,,,,中性,分享互助,弱,推荐,sentiment
Tantaly情感分析,Tantaly,mi65k7l,,Ok-Willingness-9260,Nice im going to buy Hannah soon,不错，我很快要买 Hannah,,,,积极,期待渴望,中,想买,sentiment
Tantaly情感分析,Tantaly,mi5vaq7,,STSProEnt,"If you're referring to the 13lb ebony torso, it's a random Amazon brand toy that didn't come with a name and I haven't given her a name. Unless you're referring to the little white booty above her then that's Tantaly Brandi in fair color. They do both have nice looking pussy lips",如果你指的是 13 磅乌木色半身，那是个没名字的 Amazon 杂牌玩具，我也没给她取名。除非你指的是她上面那个白色小翘臀，那是浅肤色的 Tantaly Brandi。两者的阴唇都很好看,,,,中性,分享互助,中,说明收藏,sentiment
Tantaly情感分析,Tantaly,mi5i0xc,,STSProEnt,"I had the fair 13lb torso in the 3rd row the longest out of all of them so I'm sure I fucked her the most, but I enjoy fucking Wheat Lena in the top row the most because she reminds me of someone I know. Creampied Lena many times",第三排那个浅色 13 磅半身我拥有最久，所以肯定操她最多，但我最喜欢操顶排的小麦色 Lena，因为她让我想起我认识的一个人。射了 Lena 很多次,,,,积极,愉悦享受,中,偏好分享,sentiment
Tantaly情感分析,Tantaly,mi5hno6,,EbbLow9856,I'm thinking maybe going from the front and gripping those cheeks of hers. She needs a good spanking😈😈,我在想也许从前面抓住她的屁股蛋。她需要好好打一顿屁股😈😈,,,,积极,愉悦享受,中,施趣偏好,sentiment
Tantaly情感分析,Tantaly,mi5h00m,,EbbLow9856,I love it makes it soft and bouncy I've been thinking of thigh fucking her. Just uploaded a vid on the hub it's only 6min,我爱它让那里柔软有弹性，我一直在想用她大腿。刚在 hub 上传了视频，只有 6 分钟,,,,积极,愉悦享受,中,分享玩法,sentiment
Tantaly情感分析,Tantaly,mfndiqn,,In62,"There is a ton of advice on this sub you can find with a quick search. You will see that some people use an aquarium pump to ensure dryness. I alternate between drying rods for about 20 minutes, then wipe with a microfiber stick, and repeat once or twice until I confirm it's dry with a finger test. I also then powder the outside. I've had Tantaly dolls for years now and never had a mold problem. Feel free to dm me with other questions.",这个子版块有大量建议，快速搜索就能找到。你会看到有些人用水族气泵确保干燥。我交替使用干燥棒约 20 分钟，然后用微纤维棒擦拭，重复一两次直到用手指测试确认干燥。然后给外部扑粉。我有 Tantaly 娃娃好几年了，从没遇到霉菌问题。有问题可以私信我。,,,,中性,分享互助,中,清洁经验,sentiment
Tantaly情感分析,Tantaly,mfmxcwp,,Awkward_Set1008,"one issue I find is finding clothes that properly fit. Daisy, for example, has otherworldly proportions, so spandex shorts that can fit her butt have too wide of a waist. This is amplified by how much harder it is to get tight clothing onto a TPE doll vs a human. so much fun, I can't stop~",我发现的一个问题是找到合身的衣服。比如 Daisy 的比例超凡脱俗，能装下她屁股的氨纶短裤腰围又太宽。而且给 TPE 娃娃穿紧身衣比给真人穿难得多。太好玩了，停不下来~,,,,中性,分享互助,中,穿搭难题但开心,sentiment
Tantaly情感分析,Tantaly,mamcmbi,,Pale-Swimmer-7157,You do know it! The pursuit of the perfect photo and outfit is ongoing. I had to buy some of the packing cubes for suitcases the other day and organise my clothes collection. It's like a freakin' women's clothing store ! 😜,你懂！追求完美照片和穿搭永无止境。前几天我不得不买些行李箱收纳包来整理我的衣服收藏。就像个该死女装店！😜,,,,积极,愉悦享受,中,穿搭乐趣,sentiment
Tantaly情感分析,Tantaly,mam7sn4,,UnassumingUser364,"I'm out of town at the moment so I don't have much time to provide a ton of detail. But yes, my cleaning kit setup is designed so that you can do a basic tunnel clean in place without having to use a bathroom tub or shower.  But even with the tiny dolls that are Brandi sized, it's a pain. The collapsible bucket I use is a 20 L Kitchen Sink from Australian brand Sea to Summit. Really the star of the show when it comes to cleaning in place is an automatic doll cleaning douche from another brand. That plus a potting mat keeps cleanup to a minimal. Remember with that device you'll need at least two water receptacles, one for fresh lukewarm water and the other for wastewater. For doll exterior cleaning you can place the doll inside a potting mat and then wipe it down with a wet towel. I still prefer immersion in a tub for better exterior cleaning but sometimes you have to do what you have to do.  The other angle to this is I specifically was looking for folding options that were multi-use. Additionally, when I was setting up the in-place cleaning kit, I was very cautious about the material lining. There are a ton of collapsible buckets but most are made out of silicone or they're a material with a PVC lining. Both materials are considered non-doll safe. Do you have access to water? Because with any of these methods you're going to be using up a ton of water and producing a lot of waste water. Aquarium water heaters are relatively affordable and may be able to get the water lukewarm given enough time.",我现在在外地，没时间提供太多细节。但是的，我的清洁套装设计成可以在原地做基本通道清洁，不用浴缸或淋浴。但即使像 Brandi 那么小的娃娃也很麻烦。我用的折叠桶是澳大利亚 Sea to Summit 品牌的 20L 厨房水槽。原地清洁的主角是另一个品牌的自动娃娃清洁冲洗器。加上种植垫就能把清洁工作减到最少。记住那个设备至少需要两个水容器，一个装温水一个装废水。外部清洁可以把娃娃放进种植垫用湿毛巾擦拭。我仍然更喜欢浴缸浸泡清洁外部，但有时只能将就。另外我特意找多用途折叠方案。搭建原地清洁套装时我非常注意内衬材质。很多折叠桶是硅胶或 PVC 内衬，这两种都被认为对娃娃不安全。你有水吗？这些方法都会用大量水、产生大量废水。水族加热器相对便宜，时间够的话能把水加热到微温。,,,,中性,分享互助,中,清洁设备详解,sentiment
Tantaly情感分析,Tantaly,mam32fh,,TantalyThrowaway69,"Thanks for the information! I got her leg to start bending, but it makes a grinding or popping sound when I bend it and overall feels so different from her right leg. I will keep updating the longer I have her. It probably is just way tighter than the other joint. For the line in Candice, I can feel it when running my fingers over it when she's in certain positions. But that makes sense since it's a different material. Keep up the good work, I see you giving great detailed answers in this sub all the time!",谢谢信息！我让她腿开始弯曲了，但弯曲时发出研磨或爆裂声，整体感觉和右腿很不一样。我会继续更新。可能只是关节比另一个紧很多。关于 Candice 的线，在某些姿势下用手指摸能感觉到。但那是不同材质，合理。继续加油，我看到你在这个子版块总是给出很详细的回答！,,,,中性,分享互助,中,反馈+感谢,sentiment
Tantaly情感分析,Tantaly,mam1buw,,TantalyThrowaway69,"Thanks for the kind words! It's hard to say because Ruka is close to perfect for me. Candice has a few features I like more. If Ruka's tunnels were as realistic as Candice's and her legs both worked equally, she would be very close to perfect. If I didn't have a Candice with tantabutt, Ruka would easily be better imo.",谢谢美言！很难说，因为 Ruka 对我来说接近完美。Candice 有几个我更喜欢的特性。如果 Ruka 的通道像 Candice 一样真实，腿也工作正常，她就接近完美了。如果我没有带 tantabutt 的 Candice，我认为 Ruka 会轻松胜出。,,,,中性,分享互助,中,对比评价,sentiment
Tantaly情感分析,Tantaly,m52ybgn,,zeeeeeer54,"Picture 1 is Monroe, 2. Eva, 3. Aurora 2.0, 4. Britney, 5-12. Monroe, 13 & 14. Daisy, 15 & 16. Monroe, 17. Monica2.0, 18-20 Aurora 2.0",图1 是 Monroe，2 是 Eva，3 是 Aurora 2.0，4 是 Britney，5-12 是 Monroe，13 和 14 是 Daisy，15 和 16 是 Monroe，17 是 Monica 2.0，18-20 是 Aurora 2.0,,,,中性,中立客观,弱,标识照片,sentiment
Tantaly情感分析,Tantaly,m52lf4v,,FLoo2,"For the record I barely ever oil and powder my dolls and I've owned a couple of them for nearly three years now. They're still as fresh as the moment they were unboxed. Probably fresher now that most of the TPE smell has gone. You only really need to powder them all the time if you're using them for cuddling in bed. Mine are pure sex objects which are thoroughly saturated in lube and fucked, thoroughly cleaned, and then thoroughly dried before going back to the styrofoam for a long sleep. If you're not certain about your drying and/or storing procedure you can wrap them in satin like John says.",说实话，我几乎不给娃娃上油扑粉，有些已经拥有近三年了。她们仍然像开箱时一样新。也许更清新，因为大部分 TPE 气味已经消散。只有当你抱着她们在床上亲热时才需要一直扑粉。我的娃娃纯粹是性用品，涂满润滑剂被操、彻底清洁、彻底干燥，然后放回泡沫箱长睡。如果你不确定干燥或存放流程，可以像 John 说的那样用缎面布包裹。,,,,中性,分享互助,中,保养观点,sentiment
Tantaly情感分析,Tantaly,m52fecx,,Wolfmonster13,I've owned my Britney 2.0 doll now for 3 months or so I wash her every other time I take a shower works great 2 birds 1 stone. Cleaning can be tedious with the weight of 36lbs. Definitely clip your nails when using it as the soft tpe can be sliced I've done so once😅 definitely recommended water based lube or toy lube.. grab a tote from Walmart and a cheap blanket/padding to store her in😊,我拥有 Britney 2.0 大约 3 个月了，我每次洗澡时都顺便洗她，一举两得。36 磅的重量让清洁很繁琐。使用时一定要剪指甲，柔软的 TPE 会被划伤，我划过一次😅。强烈推荐水基润滑剂或玩具润滑剂。去 Walmart 买个收纳箱和便宜毯子/垫子来存放她😊,,,,中性,分享互助,中,使用经验,sentiment
Tantaly情感分析,Tantaly,m52cghz,,WhoisjohnXXXdoe,"Glad the wipes helped out, I would start putting a barrier between the styrofoam and doll. I have all my dolls covered in a white satin sheet. It's added protection.",很高兴湿巾有帮助，我会在泡沫箱和娃娃之间加个隔离层。我所有娃娃都盖着白色缎面布。这是额外的保护。,,,,中性,分享互助,中,保护建议,sentiment
Tantaly情感分析,Tantaly,m52cev1,,WhoisjohnXXXdoe,"Glad the wipes helped out, I would start putting a barrier between the styrofoam and doll. I have all my dolls covered in a white satin sheet. It's added protection.",很高兴湿巾有帮助，我会在泡沫箱和娃娃之间加个隔离层。我所有娃娃都盖着白色缎面布。这是额外的保护。,,,,中性,分享互助,中,保护建议,sentiment
Tantaly情感分析,Tantaly,m528jl3,,WhoisjohnXXXdoe,"Congrats! I have Ebony Lena and she's fun to play with. You'll enjoy her. Extra drying sticks that you can buy on Amazon is all you need to dry her tunnels. Swap them out every 15 minutes. Powder her so she won't feel sticky. I oil her about every 6 months to keep TPE from drying out. BTW, there's a person who's made it his mission to downvote myself and other members of this community. We don't know why, just know we are here to help and enjoy Tantaly products just like you. You can check out my page for ideas how to dress her up if that's something you are interested in. Again, congrats and welcome. 😁",恭喜！我有乌木色 Lena，很好玩。你会喜欢她的。在 Amazon 买额外的干燥棒就够干燥通道了，每 15 分钟换一次。扑粉让她不粘。我大约每 6 个月给她上油一次防止 TPE 变干。顺便说，有个人以给社区成员（包括我）点踩为乐。不知道为什么，只要知道我们来这里是帮助和享受 Tantaly 产品的，就像你一样。感兴趣的话可以看我主页了解怎么打扮她。再次恭喜，欢迎。😁,,,,积极,愉悦享受,中,祝贺欢迎,sentiment
Tantaly情感分析,Tantaly,m521gru,,UnassumingUser364,"I previously commented that it seems like you're over oiling. But it looks like that comment disappeared. From your brief description, it sounds like you're oiling after every session. Oiling regularly is good, but there's a finite amount of mineral oil that can be held in the pores. If you over oil it leaks all over the place. Apparently it was something that older generations of TPE dolls were infamous for. Hard to say if that's a culprit but it wouldn't hurt to scale back to oiling once a month.",我之前评论过你似乎上油过度了。但那条评论好像消失了。从你的简短描述看，你似乎每次使用后都上油。定期上油是好的，但毛孔能容纳的矿物油是有限的。上油过度会到处漏油。显然这是老一代 TPE 娃娃臭名昭著的问题。很难说是不是元凶，但减少到每月一次没坏处。,,,,中性,分享互助,中,上油提醒,sentiment
Tantaly情感分析,Tantaly,m51zqvm,,UnassumingUser364,"This may or may not be the culprit, but you're not supposed to oil after every session. There's a finite amount of oil that the doll can hold in its pores. You can over oil to the point that the doll starts to leak mineral oil everywhere. Apparently it was a big problem with previous generations of TPE dolls.",这可能不是元凶，但你不应该在每次使用后上油。娃娃毛孔能容纳的油量有限。上油过度到一定程度娃娃会到处漏矿物油。显然这是前几代 TPE 娃娃的大问题。,,,,中性,分享互助,中,上油提醒,sentiment
Tantaly情感分析,Tantaly,m04bf8s,,Ill_Button6432,"Right, I know butt dolls have bigger butts than the torso ones on average, so that adds to immersion. I do really like the look of caroline, and having both a butt doll and a torso doll can make things interesting, exploring new feelings and all. There are just some details that only make her almost perfect in my eyes, like how her abs are sexy but her belly button isn't as detailed as I would like. Not exactly a deal breaker, but it's one of my favorite parts of a woman, so that area not being more detailed on Caroline makes it harder to be completely sold on her.",对，我知道臀部娃娃平均比半身娃娃屁股大，所以更有沉浸感。我确实很喜欢 Caroline 的外观，同时拥有臀部娃娃和半身娃娃会很有趣，探索新感觉。只是有些细节让我觉得她只是接近完美，比如她的腹肌很性感，但肚脐不如我希望的那么精细。不算致命缺点，但肚脐是我最喜欢女性的部位之一，Caroline 那个区域不够精细让我难以完全买账。,,,,中性,分享互助,中,犹豫购买,sentiment
Tantaly情感分析,Tantaly,m049ioj,,UnassumingUser364,"Nope, they're not. They are one of the most helpful and informative people on the subreddit. And the downvoting was not just limited to them. I got all my recent comments over the last 3 days downvoted at the same time. As a matter of principle I refuse to do the whole coupon code thing. So it's unlikely to be that.",不，他们不是。他们是子版块最有帮助、信息量最大的人之一。而且点踩不只针对他们。我过去 3 天的所有评论都被同时点踩了。出于原则我拒绝做那种优惠码的事。所以不太可能是那个原因。,,,,消极,失望不满,中,被恶意点踩,sentiment
Tantaly情感分析,Tantaly,m0477kg,,WhoisjohnXXXdoe,I have a coupon code and so do many people in this community. I don't post it on the board and force it on anyone. It's there on my page if you choose to use it or not. I'm not on Tantaly's payroll.,我有优惠码，社区里很多人也有。我不会发到版面上强加给任何人。它就在我主页，用不用随你。我没拿 Tantaly 工资。,,,,中性,分享互助,弱,澄清,sentiment
Tantaly情感分析,Tantaly,m04483m,,Insatiable_Fire,"My wife and I use a heating blanket anytime we play with Candice. We bought it from Costco. It doesn't get HOT only warm, maybe 80 degrees. We live in a colder climate so it does help. That being said we check on her in regular intervals and move the blanket around to achieve desired heating. Our process is a waterproof blanket, Candice, sheet, and finish it off with a duvet. It works for us, but as the others have said be cautious!",我和妻子每次和 Candice 玩都用加热毯。我们在 Costco 买的。不会很烫只会温热，大约 80 度。我们住的气候较冷，所以有帮助。话说回来我们会定期检查她，移动毯子达到想要的加热效果。我们的流程是防水毯、Candice、床单、最后盖羽绒被。对我们有效，但就像其他人说的要小心！,,,,积极,愉悦享受,中,伴侣玩法分享,sentiment
Tantaly情感分析,Tantaly,m03mj13,,FLoo2,"I went with Rosie after Britney. Her life-sized butt really made me appreciate how much difference size can make to immersion, even if she's just a butt and not a full torso. Standing doggy is just amazing with her. If you really like the look of Caroline I'd suggest her. I'm currently lusting over Ebony Daisy.",Britney 之后我选了 Rosie。她真人尺寸的屁股让我体会到尺寸对沉浸感有多大影响，即使她只是屁股不是全身。站着后入和她一起简直太棒了。如果你真的喜欢 Caroline 的外形我建议选她。我现在正垂涎乌木色 Daisy。,,,,积极,愉悦享受,中,升级体验,sentiment
Tantaly情感分析,Tantaly,m03hhtq,,MisterSnuSnu,"I would say to go with a butt doll first, I have Mia and she was my first bigger doll. I definitely want a torso doll now, however a butt doll should be a great starting point. If you have any questions about Mia or anything feel free to ask me.",我建议先买臀部娃娃，我有 Mia，她是我第一个大号娃娃。我现在肯定想要半身娃娃，但臀部娃娃是很好的起点。有关于 Mia 或其他问题尽管问我。,,,,中性,分享互助,中,新手建议,sentiment
Tantaly情感分析,Tantaly,m03atks,,Minimum_Analysis_190,"I personally went with Monroe 2.0 because she's slightly taller, about 3 3/4 inches, and has slightly larger features by about 1-1 1/2 inches, a slightly smaller weight but I mainly went with her because of her weight. Then a more personal opinion is that she looks better in my eyes. I can't speak for her holes as I'm actually still waiting for mine to arrive.",我个人选了 Monroe 2.0，因为她稍高约 3 又 3/4 英寸，特征稍大约 1-1.5 英寸，重量略轻，但我主要因为重量选她。然后个人观点是她在我眼里更好看。洞的体验我没法说，因为我还在等我的到货。,,,,中性,中立客观,中,选型说明,sentiment
Tantaly情感分析,Tantaly,m038hsk,,Death_Tapper,I have it. The mouth part is the only one that does it for me. The vaginal and anal parts are only meh.,我有它。只有嘴部能让我兴奋。阴道和肛门部分一般般。,,,,消极,失望不满,弱,部分失望,sentiment
Tantaly情感分析,Tantaly,n43xh51,,UnassumingUser364,"Yes. Some retailers even sell tampons for dolls, which to me just look like regular tampons just sold as being for dolls at a mark up. I've never chosen to go down this route. I feel like it adds unnecessary expense and complexity compared to other solutions. I think probably if you were to do a head-to-head test, tampons would beat out desiccant drying rods and microfiber sticks, but the latter two are more convenient and cheap if you source them from the right places. And well it's not as fast, aquarium air pumps still end up being the most user friendly if you have the time to let them do their thing.",是的。有些零售商甚至卖娃娃用卫生棉条，在我看来就是普通棉条贴个娃娃的标签加价卖。我从没选这条路。比起其他方案它增加了不必要的开支和复杂度。我想如果正面对比，棉条可能胜过干燥棒和微纤维棒，但后两者更方便便宜，只要找对渠道。虽然不算最快，水族气泵如果有时间让它慢慢工作，还是最友好的。,,,,中性,分享互助,中,干燥方法比较,sentiment
Tantaly情感分析,Tantaly,n40kli4,,In62,"I have Diana but not Aurora. In my opinion, the thigh gap is a good thing, but it's obviously personal preference. Her lhp is very good. I know what you mean about Britney (I rarely use my Britney because of it). Diana has a very mild tunnel, which I think is actually much more realistic feeling. You'll love Diana. You can also find a great discount code on my profile page. Feel free to dm me with any questions",我有 Diana 但没有 Aurora。在我看来大腿缝是好事，但显然是个人偏好。她的洞位置很好。我懂你说的 Britney（我因此很少用我的 Britney）。Diana 的通道很温和，我觉得实际上更真实。你会爱 Diana 的。我主页也有不错的折扣码。有问题随时私信。,,,,积极,愉悦享受,中,推荐Diana,sentiment
Tantaly情感分析,Tantaly,n3yioiz,,VAM_Moose,"No. Aurora 2.0 is the equivalent to a 5'4"" petite woman and she's the tallest doll Tantaly has. I am 5'5"" and I've had Aurora for a long time and she's great 😃👍 If you'd like help in coming to a decision on a doll send me a DM, and I'd love to help ya out ☺️👍",不是。Aurora 2.0 相当于 5 英尺 4 英寸的小个子女性，她是 Tantaly 最高的娃娃。我 5 英尺 5 英寸，拥有 Aurora 很长时间了，她很棒😃👍 需要帮助选娃娃可以私信我，我很乐意帮忙☺️👍,,,,积极,愉悦享受,中,推荐Aurora,sentiment
Tantaly情感分析,Tantaly,n3y4boo,,doumly,Im not sure i wander if i take Aurora 2.0 or Diana. I think i like more the look of Diana but i have some concerne about her. Some have problem with her in situation to penetrate her in doggy. And Aurora seam to be more appreciated or thta can be that so much people juet buy Aurora becose of that?,我不确定选 Aurora 2.0 还是 Diana。我更喜欢 Diana 的外形，但对她有些顾虑。有些人在后入姿势插入她时有问题。Aurora 似乎更受欢迎，或者可能只是太多人因为那个买 Aurora？,,,,中性,中立客观,中,纠结,sentiment
Tantaly情感分析,Tantaly,n3xchhx,,UnassumingUser364,"The most I'll do with the tunnels is put some petroleum jelly (Vaseline) around the entrance. Maybe just a little bit just inside, but not very deep. It's a more potent form of oiling and it takes much longer for it to absorb into the TPE. But since it's jelly it stays where you put it and doesn't make a mess if you store the doll with a little bit of petroleum jelly in strategic locations. My reasoning is it keeps that location from drying out and hopefully limits the possibility of tearing at the entrance.",我对通道最多只在入口周围涂点凡士林。也许稍微进去一点点，但不太深。这是更强效的上油方式，需要更久才能被 TPE 吸收。但因为是凝胶状，会留在你涂的位置，存放时也不会弄脏。我的理由是它防止那个位置干燥，希望减少入口撕裂的可能性。,,,,中性,分享互助,中,保养技巧,sentiment
Tantaly情感分析,Tantaly,n3wtdqg,,EffectiveFinish653,You dont need to use mineral oil or powder inside of the tunnels. Just wash them out after each session and dry completely. You only need to oil your dolls outside every two months or so depending on use. And its up to your preference if you want to powder your doll after every washing to keep her nice and smooth for later use 😉 hope this helps my guy!,通道里不需要用矿物油或粉。每次使用后清洗并彻底干燥就行。外部大约每两个月上一次油，视使用频率而定。每次清洗后是否扑粉看你偏好，保持光滑😉 希望有帮助兄弟！,,,,中性,分享互助,中,保养建议,sentiment
Tantaly情感分析,Tantaly,n3wsc28,,EffectiveFinish653,"I personally wouldn't use mineral oil or baby oil. Its harder to completely wash away. There's a big potential for residual oil mixed with your special sauce being left behind, leading to a higher chance of bacteria to flourish. Also using oil over a period of time in the tunnels will eventually lead to damage and breakdown of the tpe. Stick to water based lube for longevity of your doll and your health my guy!",我个人不会用矿物油或婴儿油。很难完全洗掉。残留的油和你的特殊液体混合留在里面，细菌滋生几率更高。而且长期在通道里用油最终会损坏分解 TPE。坚持用水基润滑剂，为了娃娃的寿命和你的健康兄弟！,,,,消极,担忧顾虑,中,健康警告,sentiment
Tantaly情感分析,Tantaly,n3wlr4o,,Business-Avocado85,Hahaha I'm lucky that I live alone,哈哈哈，我很幸运独居。,,,,积极,愉悦享受,弱,独居自由,sentiment
Tantaly情感分析,Tantaly,n3w8hvn,,BikingViking314,"Lol. I already have a Candice. Her and her case take up most of the free space in my closet, trying to fit Sarina would bring me dangerously close to getting caught by roommates. Thats not a conversation I'm looking to have haha",哈哈。我已经有 Candice 了。她和她的箱子占了我衣柜大部分空间，想塞进 Sarina 会让我危险地接近被室友发现。那可不是我想进行的对话哈哈,,,,消极,担忧顾虑,中,空间隐私,sentiment
Tantaly情感分析,Tantaly,nabi2mo,,In62,"The chart posted by Samljer tells much of the story. However, Diana is life-size, Aurora is just taller. Diana has a thigh gap and very natural shape, Aurora's waist is a bit thinner than natural. Diana has the mildest tunnels, which I find most realistic. Feel free to dm me if you'd like to discuss more",Samljer 发的图表说明了很多。不过 Diana 是真人尺寸，Aurora 只是更高。Diana 有大腿缝和非常自然的形状，Aurora 的腰比自然状态细一点。Diana 的通道最温和，我觉得最真实。想多聊可以私信我。,,,,中性,分享互助,中,对比推荐,sentiment
Tantaly情感分析,Tantaly,nabcu1q,,Proof_Total1194,"Living in house with multiple apartments, there is really no safe place unfortunately. All the places around where I could pick up my package dont take big packages like Diana.",住在多户公寓的房子里，真的没有安全的地方。附近能取件的地方都不收 Diana 这种大包裹。,,,,消极,担忧顾虑,中,取件难题,sentiment
Tantaly情感分析,Tantaly,nab9j0m,,MRnoFaceNoCase63,Yea it's the wheat version tbh i prefer it over the fair version,是的，这是小麦色版，说实话我更喜欢它胜过浅色版。,,,,积极,愉悦享受,中,偏好小麦色,sentiment
Tantaly情感分析,Tantaly,nab6hjc,,Proof_Total1194,"I wish DHL would handle deliveries for me like they do for you ^^ Im home, patiently awaiting my packages, only later receiving the notification that they dropped it off at a neighbor. Kinda sucks, especially when receiving dolls. No calls or whatsoever, unfortunately :/",真希望 DHL 也像对你那样给我配送^^ 我在家耐心等包裹，结果后来才收到通知说放到邻居那了。有点糟糕，尤其收娃娃时。可惜连电话都不打一个 :/,,,,消极,担忧顾虑,中,配送困扰,sentiment
Tantaly情感分析,Tantaly,nab5x3c,,Efficient-Ice-8813,"I can't really help you but Normally DHL warns you on the day of delivery and calls you to find out if you are present. Apart from arranging to be there. When I received my first doll, the delivery man called me to tell me it was coming. I wasn't at home but not very far either and I asked him if I could join him on his way to pick up the package. He was super nice. So, apart from arranging to be present at home and watching the passage, I don't really know what to tell you",我帮不上太多，但通常 DHL 会在配送当天提醒你并打电话确认你是否在家。我收第一个娃娃时，快递员打电话告诉我快到了。我当时不在家但也不远，问他能否顺路取件，他超级好。所以除了安排在家等着，我真不知道还能说什么。,,,,中性,分享互助,中,配送经验,sentiment
Tantaly情感分析,Tantaly,naay58w,,Efficient-Ice-8813,"now that you mention it, it's true that the breasts bounce less than on the video on the official page, but they're still soft, you can feel the difference with the dolls that don't have a tantabossom. As for the halos, they're slightly less defined, maybe it depends on the amount of paint used. You can always redraw them, there are tutorials on the group.",你这么说确实，胸部比官网视频里弹跳少，但还是很软，能感觉出和有 tantabosom 的娃娃的差别。至于乳晕，稍微没那么清晰，可能取决于用漆量。你可以自己重画，群里有教程。,,,,中性,分享互助,中,对比反馈,sentiment
Tantaly情感分析,Tantaly,naao7ha,,samljer,"oh also look here [link] as far as i can tell each black line is about 6 inches. small chart with a few of the bigger dolls to show ""if a real woman"" their height. [link]",哦还有看看这里：每条黑线大约 6 英寸。还有张图表展示几个大娃娃对应真女人的身高。,,,,中性,分享互助,弱,分享图表,sentiment
Tantaly情感分析,Tantaly,naa98ht,,angusmcwangus,"Got my Candice pro, and am disappointed in the tantabosom on it. Am i tripping or do the boobs look so much bouncer on the website product page. Also the nipples are different and doesn't have as much areola as on the website and in review pictures. https://www.youtube.com/shorts/-yRW_MbPD1M The Bounce",收到了我的 Candice Pro，对它的 tantabosom 有点失望。是我眼花了还是官网产品页的胸看起来弹得多。而且乳头也不一样，乳晕没官网和评测图那么多。链接：弹跳视频。,,,,消极,失望不满,中,实物与宣传不符,sentiment
Tantaly情感分析,Tantaly,naa4k6y,,Hubbys_Toy_Vault,Absolutely. You can dry taking a flash light and looking in the holes for mold if you do not have a borescope. But it still may be difficult to see mold. Any spots/ fuzz/ or black spots could be mold.,当然。如果没有内窥镜，可以用手电筒照洞里看有没有霉菌。但还是可能很难看清。任何斑点/绒毛/黑点都可能是霉菌。,,,,中性,分享互助,弱,检查方法,sentiment
Tantaly情感分析,Tantaly,naa41r6,,Hubbys_Toy_Vault,Here is an old post about powdering: [link],这里有一篇关于扑粉的旧帖：链接。,,,,中性,分享互助,弱,分享链接,sentiment
Tantaly情感分析,Tantaly,ncd5pjn,,docdee190,"Yes, she small but feels amazing. I just got up August 29 with Amazon next day shipping I was happy as hell.😎🤤",是的，她很小但感觉超棒。我 8 月 29 号用 Amazon 次日达拿到，开心死了。😎🤤,,,,积极,愉悦享受,强,开心,sentiment
Tantaly情感分析,Tantaly,ncd1scl,,UnassumingUser364,Brandi is a fantastic deal even at full price. It's well worth it at a discount. Even if you already have larger form factor dolls.,Brandi 即使原价也是超值的选择。打折时更是物超所值。即使你已经有更大尺寸的娃娃。,,,,积极,愉悦享受,中,好评,sentiment
Tantaly情感分析,Tantaly,nccdf2q,,UnassumingUser364,"My cleaner arrived open and leaking with a cap partially off as well. I decided not to say anything about it to Tantaly because it was sent as a customer service gesture. And there was still plenty of usable liquid. I closed the cap and washed the entire thing under warm water. The ingredient list is intentionally very ambiguous. All it says is that it's a Group II Base Oil, and a D Series Cleaning Solvent. The former tells us that the TPE cleaner is primarily mineral oil, the latter doesn't really tell us anything. Because I'm assuming it's not the specialty metallic cleaner that comes up when you Google that. All we know is that it's some form of mineral oil mixed with some sort of solvent. And we can kind of sort of guess that it's not acetone or mineral spirits. It does have a noticeable odor, reminiscent of paint thinner (which is often mineral spirits), it's definitely not odorless and the warning suggests it's flammable. But when applied directly to the doll surface the smell does fade. It's only really smelly when it's in the bottle and when you're first applying it.",我的清洁剂到货时是打开的、漏液、盖子半开。我决定不告诉 Tantaly，因为那是客服送的。而且还有不少可用液体。我盖上盖子用温水冲洗了整个瓶子。成分表故意写得含糊。只说是 II 类基础油和 D 系列清洁溶剂。前者说明 TPE 清洁剂主要是矿物油，后者什么也没说明。我们能猜到不是丙酮或矿物油精。它有明显气味，像油漆稀释剂（通常是矿物油精），绝不是无味的，警告提示易燃。但直接涂到娃娃表面后气味会消散。只有装在瓶子里和刚涂时才有味。,,,,中性,分享互助,中,清洁剂分析,sentiment
Tantaly情感分析,Tantaly,nccb543,,MyPlaceOfPleasure,"You need to make videos, find whatever style works for you and keep trying to get better at it with every video.. that's what gets you those offers 😊",你需要拍视频，找到适合你的风格，每支视频都努力进步……这样才能拿到那些合作邀约😊,,,,积极,愉悦享受,中,鼓励创作,sentiment
Tantaly情感分析,Tantaly,nccadbq,,MyPlaceOfPleasure,"You should start making videos, especially since you have so many different ones.. you could aim to make your videos the ones that pop up when people search for size comparisons between the models 👍",你应该开始拍视频，尤其是你拥有这么多不同款……你可以把目标定为：当人们搜索型号尺寸对比时，你的视频出现在最前面👍,,,,积极,愉悦享受,中,建议创作,sentiment
Tantaly情感分析,Tantaly,n1zyzqx,,BrixtonDD,"Yes! Same here, looking at the model's ass. I've been literally daydreaming about getting Ginny in those rainbow chaps and getting her into reverse cowgirl. I already have the stimulating beaded sleeve installed and waiting for action. I can't wait! It's gonna be so hot and feel so good!!",是的！我也是，看着模特屁股。我一直在做白日梦，想给 Ginny 穿上那条彩虹皮裤然后反骑女上位。我已经装好了刺激的珠珠套筒等着行动。等不及了！那会超火辣超爽！！,,,,积极,愉悦享受,强,兴奋期待,sentiment
Tantaly情感分析,Tantaly,n1z2q2r,,One-Throat-2497,Just took her to the strip club for the her first time a couple nights ago. Was so awesome watching her rubbing on other girls bodies and tits.,前几天晚上带她第一次去了脱衣舞俱乐部。看她在别的女孩身体和胸上蹭，太爽了。,,,,积极,愉悦享受,强,刺激体验,sentiment
Tantaly情感分析,Tantaly,n1z1vmm,,One-Throat-2497,With me working out of town so much it's been sort of an evolution over the last few years. We bought some Lovense toys and used those here and there. Then I got a fleshlight cause she wanted to FaceTime and watch me. Then one trip she wanted me to send her some porn videos of chicks together. Now she'll send gifs of chicks rubbing their pussies together and somehow we ended up here. Been a hell of a lot of fun,我常年在外地工作，这几年算是一种演变。我们买了些 Lovense 玩具这里那里用。然后我买了飞机杯，因为她想 FaceTime 看我。后来有一次她让我发些女孩在一起的色情视频。现在她会发女孩们互相磨蹭的动图，然后不知怎么就到这了。玩得很开心。,,,,积极,愉悦享受,中,伴侣远程玩法,sentiment
Tantaly情感分析,Tantaly,n1yd6m5,,cruzin4play,"My husband and I love ours, she is perfect.",我和丈夫都爱我们的，她太完美了。,,,,积极,愉悦享受,强,夫妻满意,sentiment
Tantaly情感分析,Tantaly,n1xwn3,,Accomplished_Law_224,"There is an easier way to instantly dry the holes yourself without pumps and poorly effective sticks: buy a long surgical clamp (22-25cm), wrap a microfiber towel around it, and insert it into the hole to absorb moisture quickly.",有个更简单的方法不用气泵和低效的棒子就能快速干燥洞口：买一把长手术钳（22-25 厘米），缠上微纤维毛巾，插入洞口快速吸水。,,,,中性,分享互助,中,干燥妙招,sentiment
Tantaly情感分析,Tantaly,p061yyl,,javydude,"im not OP but yes, fleshlights textures are all different and some are better than others",我不是楼主，但没错，飞机杯的纹理各不相同，有些就是比别的好。,,,,中性,分享互助,弱,分享名器经验,sentiment
Tantaly情感分析,Tantaly,ozzv964,,Jodansam,"I do like my Monica, her breasts are incredible!",我确实喜欢我的 Monica，她的胸太不可思议了！,,,,积极,愉悦享受,中,喜欢Monica胸,sentiment
Tantaly情感分析,Tantaly,ozzwnfs,,Accomplished-Ad8458,"All I can do is look for now :( no storage space to hide, for now Selena must keep me company...",现在我只能看看 :( 没有藏匿的收纳空间，暂时只能让 Selena 陪着我……,,,,消极,担忧顾虑,中,没收纳空间,sentiment
Tantaly情感分析,Tantaly,p00gfal,,Jakemileslovesport,"For me, it's gotta be Olivia. Her breasts aren't super big, but the shape is amazing and the silicone feels nice.",对我来说必须是 Olivia。她的胸不算特别大，但形状很棒，硅胶手感很好。,,,,积极,愉悦享受,中,喜欢Olivia,sentiment
Tantaly情感分析,Tantaly,p16ih37,,Wuffy3,I also wonder how. I think the best way is to cut them up and put it in the bin in separate plastic bags over the course of a couple weeks.,我也想知道怎么办。我觉得最好的办法是把它们切碎，分几个塑料袋、分几周扔进垃圾桶。,,,,中性,分享互助,弱,分享销毁方法,sentiment
Tantaly情感分析,Tantaly,p16k6e6,,Gioispro101,you can try and gift it or sell it on r/usedsextoys,你可以试试送人，或者在 r/usedsextoys 上卖掉。,,,,中性,分享互助,弱,建议转卖,sentiment
Tantaly情感分析,Tantaly,p16lt8h,,In62,"Britney cuts up pretty easily using scissors, a knife won't work well. Just put in garbage bags and discard.",Britney 用剪刀很容易切，刀不好使。装进垃圾袋扔掉就行。,,,,中性,分享互助,弱,分享处理经验,sentiment
Tantaly情感分析,Tantaly,p16ym68,,VAM_Moose,"You use large scissors to cut the doll into chunks. Toss them into a garbage bag, send it over to your local recycling plan.",用大剪刀把娃娃切成块。扔进垃圾袋，送到当地回收计划。,,,,中性,分享互助,弱,分享处理经验,sentiment
Tantaly情感分析,Tantaly,p17cf1a,,UnassumingUser364,"This is disposal instead of recycle, but I wrote up my experiences disposing of my Mia over [here](https://www.reddit.com/r/tantaly/s/rkiCF9itXq). Britney is a bigger doll but the process is still the same.  They're also true sex doll recycling services but I don't personally have experience with thatm",这是处置而不是回收，但我把我处理我的 Mia 的经验写在这里了：[链接]。Britney 更大一些，但流程是一样的。  也有真正的性玩偶回收服务，但我个人没有这方面的经验。,,,,中性,分享互助,弱,分享处置经验,sentiment
Tantaly情感分析,Tantaly,p12wps7,,RedcatsPornotunes,There's a 10 minutes videwo here www.pornhub.com/view_video.php?viewkey=6a6d129c72ab1,这里有10分钟的视频 www.pornhub.com/view_video.php?viewkey=6a6d129c72ab1,,,,中性,分享互助,弱,分享视频链接,sentiment
Tantaly情感分析,Tantaly,p0yqt2l,,VAM_Moose,"Lots to unpack here:  1) The doll will be lubricated with oil when you get it. This is to keep the material soft and supple. It will not harm you, as that would otherwise make the doll unusable. If you're worried about oil stains, the oil in the doll does eventually evaporate and lessen over time. You can play with your doll upon a clean towel until it levels out.  2) You can store the doll in a homemade DIY solution of your own making. I store mine in an Ottoman, bit you can use any container that can comfortably store your doll in. It is recommend you have some kind of padding for the container, like clean towels to both prevent deformations in the doll as well as keep it clean.  3) You can go online or to your local general store and get MICROFIBER DUSTING STICKS as an alternative to the drying sticks. The Douche that comes with the cleaning kit can also be ordered online or in pharmacies for personal health products. I suppose you could also use a turkey baster 🦃😅  4) The normal cleaning process would involve putting a 1:10 ratio of Antibacterial Hand Soap and Warm (NOT HOT) Water mixture into a douche like container and flush the inside a dolls tunnel. Follow up with 2 WATER ONLY bulbs worth to flush out any soapy water. Repeat this with the other tunnel regardless if you used it or not.  Then transport your doll on a clean towel to another place to air dry. Stick a pair of clean drying sticks (or whatever alternatives you have) into both holes. Let stand for 15 minutes. Swap the sticks out for a second pair of drying sticks and repeat. Probably best to rotate your doll during this second pass.  Once done, apply an even coat of Baby Powder (Cornstarch based) to make the skin nice and soft again. Store in the silver storage bag before putting it into a container.  Depending on how often you play with your doll, you may need to apply baby (mineral) oil to the OUTSIDE of the doll about once a month if you're a daily user. Less if you play less. This is to restore the dolls elasticity and suppleness which dries out over time.",这里有很多要说的：  1) 娃娃到手时会有油润滑。这是为了让材料保持柔软有弹性。它不会伤害你，否则娃娃就没法用了。如果你担心油渍，娃娃上的油最终会蒸发、随时间减少。你可以在干净的毛巾上玩娃娃，直到油量平稳。  2) 你可以把娃娃存放在自己做的 DIY 容器里。我放在脚凳里，你可以用任何能舒服放下娃娃的容器。建议容器里垫一些缓冲物，比如干净的毛巾，既防止娃娃变形，也保持干净。  3) 你可以上网或在当地杂货店买「超细纤维除尘棒」作为干燥棒的替代品。清洁套装里带的冲洗器也可以在网上或药房作为个人健康用品购买。我想你也可以用火鸡滴管 🦃😅  4) 正常清洁流程：把抗菌洗手液和温水（不是热水）按1:10比例混合，装进冲洗器里，冲洗娃娃通道内部。再用两管纯水冲掉肥皂水。另一个通道也重复一遍，不管用没用过。  然后把娃娃放在干净毛巾上移到别处晾干。把一对干净的干燥棒（或替代品）插进两个洞里。静置15分钟。换第二对干燥棒再重复。第二次最好给娃娃翻个面。  完成后，均匀扑上爽身粉（玉米淀粉基），让皮肤重新变得柔软。放进银色收纳袋，再放进容器。  取决于你玩娃娃的频率：如果每天用，可能大约每月需要给娃娃外部涂一次婴儿（矿物）油。玩得少就少涂。这是为了恢复随时间流失的弹性和柔软度。,,,,中性,分享互助,强,详尽清洁保养指南,sentiment
Tantaly情感分析,Tantaly,p0yzro2,,sunsetical,"The drying rods are no issue! I'll be getting a pair shortly, as for the douche I'll get them alongside the rods, I'll place an order soon. As for baby powder, is something like Fleshrenew similar? I got it alongside a Flashlight I own and haven't used it at all due to not having an easy (and cleaner) way to use it, as I have to rely on my hands and not any brush (alongside not knowing what brush TO use)  As for storing it, I suppose I'll have to research a large enough cotton bag to hold the doll",干燥棒没问题！我很快就会买一对，冲洗器我会跟干燥棒一起买，我很快下单。至于爽身粉，类似 Fleshrenew 的东西可以吗？我是跟我的 Fleshlight 一起买的，一直没用，因为没有方便（更干净）的使用方式，只能靠手，不用刷子（也不知道该用什么刷子）  至于存放，我想我得找个够大的棉布袋来装娃娃。,,,,积极,期待渴望,中,新手积极准备,sentiment
Tantaly情感分析,Tantaly,p0z21i4,,TinkyHoots,"Storing it in a cotton bag is fine as long as you have some cushioning around your doll. A large towel works well. Try to find a bag that smooth material as anything textured might leave marks on the doll. Store it in the silky bag included. Don't go spending too much on renewing powder. It is just corn starch. Any food grade corn starch will work fine. Occasionally, usually after a month or so depending on how heavy you use it, you will have to apply unscented baby oil to keep the skin soft and from drying out.",棉布袋存放没问题，只要娃娃周围有缓冲。大毛巾就很好。尽量找光滑材质的袋子，任何有纹理的东西都可能在娃娃上留印记。放进附带的丝滑袋里。别花太多钱买翻新粉。那就是玉米淀粉。任何食品级玉米淀粉都行。偶尔——通常一个月左右，取决于使用频率——需要涂无香婴儿油保持皮肤柔软、防止干燥。,,,,中性,分享互助,中,分享保养经验,sentiment
Tantaly情感分析,Tantaly,p0z4js5,,sunsetical,"Thankfully the Fleshrenew I bought a while ago is practically full, lol, so it seems all I really need is the drying rods, a bag to store it in away from dust and a brush for the powder",幸好我之前买的 Fleshrenew 几乎还是满的，哈哈，所以看来我真正需要的只是干燥棒、一个防尘收纳袋和一把扑粉刷。,,,,积极,愉悦享受,弱,新手购置装备,sentiment
Tantaly情感分析,Tantaly,p0zi5f5,,BigDickTonyG,"Tampons work exceptionally well to dry out holes. I buy them in bulk, and stuff 2-3 tampons into each channel. After 30 minutes, pull them out and the channels are 99% dry. And then it will fully dry overnight in front of a fan - not a detectable amount of moisture in any hole the next morning.",卫生棉条干燥通道效果极好。我批量购买，每个通道塞2-3根。30分钟后拔出来，通道就99%干了。然后对着风扇放一晚就完全干了——第二天早上任何洞里都测不到水分。,,,,中性,分享互助,中,分享干燥妙招,sentiment
Tantaly情感分析,Tantaly,p0kmw0t,,UnassumingUser364,"It really active, helpful and knowledgeable community member started their own website a while back and has put together some really fantastic comparison tools. One of which is a life-size comparison tool. You can find it [here](https://sultrydolls.com/pages/compare-tantaly-dolls). Be sure to check out there doll comparison charts too. It's a lot more thorough then the official Tantaly tools.",一个非常活跃、乐于助人、知识渊博的社区成员不久前建了自己的网站，做了些非常棒的对比工具。其中一个是真人尺寸对比工具。你可以在这里找到：[链接]。也一定要看看他们的娃娃对比图表。比 Tantaly 官方工具全面得多。,,,,中性,分享互助,弱,推荐第三方工具,sentiment
Tantaly情感分析,Tantaly,p0kofz0,,VAM_Moose,"Daisy and Rosie are definitely in the more realistic size category if you're looking for immersion.  I only have Daisy so I don't have pictures to compare, but Tantaly posted a video that show these 2. I'll try and find it.",如果你追求沉浸感，Daisy 和 Rosie 绝对属于更逼真尺寸的类别。  我只有 Daisy，所以没有照片对比，但 Tantaly 发过一个展示这两款的视频。我试着找找。,,,,中性,分享互助,弱,推荐尺寸,sentiment
Tantaly情感分析,Tantaly,p0kurz4,,In62,"Cecilia is too small for realism. Louise and Kylie are both like a college girl. Caroline is similar size, but a rounder bubble butt. Rosie is my favorite and in my opinion the most like a real woman. Daisy is too big and heavy for me and again a round bubble butt. So, part of it is choosing the shape you like. Feel free to dm me if you want to discuss more",Cecilia 太小了，不够真实。Louise 和 Kylie 都像大学女生。Caroline 尺寸差不多，但臀部更圆翘。Rosie 是我最喜欢的，在我看来最像真实女性。Daisy 对我来说太大太重了，而且又是圆翘臀。所以，一部分就在于选你喜欢的形状。,,,,消极,失望不满,弱,部分型号不满意,sentiment
Tantaly情感分析,Tantaly,p0l2lbd,,Embarrassed_Owl6406,"Eva for ass life size, they say its a bbw but i feel  Like it was a perfect size , now olny if tantaly came out with a Grace the size if eva with joints. And if my wallet was bigger haha. Eva is really solid doll if you like doggy and it rides good on top too. But for torso, couldent tell ya.",臀部真人尺寸的话选 Eva，他们说她是 BBW，但我觉得她的尺寸很完美。要是 Tantaly 能出个 Eva 尺寸带关节的 Grace 就好了。还有我的钱包再鼓点就好了，哈哈。如果你喜欢狗爬式，Eva 是真的很扎实的娃娃，骑乘位也表现很好。但躯干款的话，我就不太清楚了。,,,,积极,愉悦享受,中,满意Eva,sentiment
Tantaly情感分析,Tantaly,p0cv06l,,UnassumingUser364,"Monica and Ruka are decently sized dolls, but many find them a little smaller than they expect. Of the two, I like Ruka. I think it's a hidden gem. It's disappointing that it and Diana got shuttered.   I think your best bet would probably be Aurora or Monroe. Because of their length and proportions. A few inches can make a big difference in how authentic something feels. I think a important stat to look for, and one that I think is often under considered is sitting height. It gives you a much better idea of the torso size when cuddled up next to you. You can have something that has a good overall length, but actually has long legs and a short torso which makes it feel a little uncanny in some situations.  Price is going to be important consideration here but you might also want to look at Emilia. It's silicone instead of a TPE. Overall length is similar to Aurora. But it has longer legs, a higher sitting height (keeping in mind that a good part of that is because of the neck), greater articulation, and is threaded for a head that you can add later. This may be a downside, but it does have notably smaller breasts, a fuller ass, and they noticeably different silhouette. Personally, I like that it has a smaller bust and bigger ass, but I do really like the Aurora silhouette. It's also a lighter doll which may be an asset when maneuvering in and out of bed.   Olivia is fairly comparable to Candice. With many of the same practical advantages (silicone, lighter, head attachment) that Emilia has over Aurora. Do take note that Candice does not have an articulated skeleton, Olivia does. Which is handy because of the leg articulation. It's not as curvy as Candice though.   Hopefully some other folks will chime in with their experiences, but I would imagine having extended legs would be a nice benefit when it comes to cuddling. I don't sleep with my dolls but I do have a Hannah which does have extended legs. It's a nice sensory enhancement.",Monica 和 Ruka 都是尺寸不错的娃娃，但很多人觉得比预期小一点。两者里我喜欢 Ruka。我觉得它是隐藏的宝石。很遗憾它和 Diana 都停产了。  我觉得你最好的选择可能是 Aurora 或 Monroe。因为长度和比例。几英寸就能让真实感有很大差别。我觉得一个重要的指标、而且常常被低估的是坐高。它让你更好地了解娃娃靠在你身边时躯干有多大。有些娃娃总长度不错，但其实是长腿短躯干，在某些场景下会有点诡异。  价格是重要考虑因素，但你也许想看看 Emilia。它是硅胶而不是 TPE。总长度和 Aurora 差不多。但腿更长、坐高更高（注意这很大程度上是因为脖子）、关节活动度更大，并且有螺纹接口可以以后加头。这可能是个缺点，但它的胸明显更小、屁股更丰满，轮廓明显不同。个人来说，我喜欢它小胸大臀的设计，但我也真的很喜欢 Aurora 的轮廓。它也是更轻的娃娃，在床上搬进搬出时可能是个优势。  Olivia 和 Candice 相当可比。有 Emilia 相对 Aurora 的许多相同实用优势（硅胶、更轻、可接头）。注意 Candice 没有可动骨架，Olivia 有。因为有腿部关节所以很方便。不过它没有 Candice 那么有曲线。  希望其他人也分享他们的经验，但我猜加长腿对抱着睡会是个不错的加分。我不和娃娃一起睡，但我有一个带加长腿的 Hannah。那是一种很好的感官增强。,,,,中性,分享互助,中,详细对比推荐,sentiment
Tantaly情感分析,Tantaly,p0eib5o,,In62,"Of the ones you mention Aurora is the best for cuddling/spooning. I prefer the torso for this over a full size doll, because the head does not get in the way. I've tried both. Feel free to dm me if you want to discuss more",你提到的那些里，Aurora 最适合抱着/搂着睡。这种事我更喜欢躯干款而不是全身款，因为头不会碍事。两种我都试过。想聊更多尽管私信我。,,,,中性,分享互助,中,分享抱睡经验,sentiment
Tantaly情感分析,Tantaly,p0fgxyq,,VAM_Moose,"Aurora 2.0 (or other similarly large dolls) are great for sleeping and cuddling with. Their overall size and weight combine into a fantastic immersive experience! Aurora is also visually pleasing to the eye, I have some pictures you can check out on my Reddit profile ❤️   If you'd like some advice into handling a large doll, send me a DM and I can hide you every step of the way. I can also include a discount code to help you out in return 🤗",Aurora 2.0（或其他类似的大娃娃）很适合抱着睡。它们的尺寸和重量结合成一种奇妙的沉浸体验！Aurora 视觉上也很养眼，我 Reddit 主页有些照片可以看 ❤️  如果你想要处理大娃娃的建议，给我发私信，我可以一步一步教你。我还可以附上折扣码作为回报 🤗,,,,积极,愉悦享受,中,推荐抱睡,sentiment
Tantaly情感分析,Tantaly,p0gx26w,,RtD285,"Candice was nice to cuddles with, tried it one night recently",Candice 抱起来很舒服，最近试了一晚。,,,,积极,愉悦享受,弱,抱睡体验好,sentiment
Tantaly情感分析,Tantaly,p0hmm8z,,Minanonyme,"I will join the consensus here, I do possess Monica and wouldn't say it'd feel natural to spoon with her, as she feels like a very short girl but with off proportions. She really is a creature made for pleasure 🤭  Aurora feels like a better bet, more realistic and probably better for immersion ! Visually silicone dolls look even more immersive, I don't know about the feeling of them but I was impressed by the skin realism I saw on some videos posted here. In that case as stated by another user, Olivia could be worth looking into if you have the budget for it!",我同意这里的共识，我确实有 Monica，但不会说她适合搂着睡，她感觉像个非常矮但比例失调的女孩。她真的是为快感而生的尤物 🤭  Aurora 感觉是更好的选择，更真实，可能更适合沉浸！视觉上硅胶娃娃看起来更沉浸，我不知道手感如何，但这里一些视频里的皮肤真实感让我印象深刻。那样的话，正如另一个用户所说，如果你预算够，Olivia 值得看看！,,,,中性,分享互助,中,分享抱睡对比,sentiment
Tantaly情感分析,Tantaly,p0bobm9,,martenic,"A while ago, I wrote [a review of Britney here](https://www.sextoymagazine.com/britney-from-tantaly-review/). Perhaps you'll find it helpful.  All in all I'd say she's the best beginner pick out there! She's pretty much ideal in terms of size and proportions.",不久前，我在这里写过一篇 Britney 的评测：[链接]。也许你会觉得有帮助。  总而言之，我会说她是新手最好的选择！尺寸和比例几乎理想。,,,,积极,愉悦享受,中,推荐Britney,sentiment
Tantaly情感分析,Tantaly,p0buupb,,peachnecctar,I have a discount code if you'd like! It's PeachXNecctar for 12% off :) I don't have any tips other than make sure you don't put any colorful clothing on it that hasn't been washed several times before or the dye can transfer to the doll,如果你想要，我有个折扣码！PeachXNecctar，打88折 :) 我没有什么别的建议，只提醒一点：不要给娃娃穿没洗过几次的彩色衣服，染料可能会染到娃娃身上。,,,,中性,分享互助,弱,折扣码+染色提醒,sentiment
Tantaly情感分析,Tantaly,p0bvijd,,Vivid-Airline-7743,Wow thank you i will use that discount code!,哇谢谢，我会用这个折扣码的！,,,,积极,愉悦享受,中,感谢折扣码,sentiment
Tantaly情感分析,Tantaly,p0bvmso,,Vivid-Airline-7743,I actually read this before hand and it was the deciding factor thank you,我其实之前就读过这篇，它是决定性因素，谢谢。,,,,积极,愉悦享受,中,评测促成购买,sentiment
Tantaly情感分析,Tantaly,p0t89ya,,Mission-While-5393,"Daisy is a must-buy for ass guys. If you prioritize the sensation of butt-slapping, go for Daisy.  Monroe is great and offers more versatility in terms of playstyles and positions, but when it comes to the experience of hitting the buttocks, it certainly doesn't measure up to Daisy",Daisy 是屁股控的必买。如果你优先追求拍臀的触感，选 Daisy。  Monroe 很棒，玩法和姿势更多样，但就击打臀部的体验来说，肯定比不上 Daisy。,,,,中性,分享互助,中,推荐Daisy拍臀,sentiment
Tantaly情感分析,Tantaly,p0t8zfo,,UnassumingUser364,"It sounds like your best bet would probably be either Monroe or Emilia.  I admit, I didn't really pay much attention to Emilia because it's outside of my price and size range. It might be for you too. But I recently started looking at it to help answer someone else's question. I was really impressed with what I saw from a stats perspective. Roughly speaking, it's what happens when you take Hannah, make it silicone, stretch it out to roughly Monroe or Aurora's size, and give it more of a well-rounded figure. It has a pretty good sized ass for a torso doll, I was surprised to find it actually has the same diameter size as Hannah. It's upper body and breasts are on the small side when it comes to raw measurements, but it uses some proportionality tricks to make them seem bigger. It's also lighter than Candice. Which is pretty cool, you get a full size doll at a much lighter weight.  The big downside of course is it costs a fair amount.   It's not strictly speaking authentically sized like Aurora or Monroe, Olivia, or Daisy, but have you considered Lola?",听起来你最好的选择可能是 Monroe 或 Emilia。  我承认，我以前没太关注 Emilia，因为它超出我的价格和尺寸范围。对你可能也一样。但我最近为了回答别人的问题开始看它。从数据角度看，我真的印象深刻。粗略说，它就像是把 Hannah 做成硅胶、拉长到 Monroe 或 Aurora 的尺寸、再给它一个更匀称的身材。作为躯干娃娃它的屁股相当大，我惊讶地发现它实际上和 Hannah 直径一样。上半身和胸在原始数据上偏小，但它用一些比例技巧让它们看起来更大。它也比我印象里轻，比 Candice 轻。这挺酷的，你得到一个全尺寸娃娃，重量却轻得多。  最大的缺点当然是价格不菲。  严格来说它不是像 Aurora、Monroe、Olivia 或 Daisy 那样真实尺寸，但你考虑过 Lola 吗？,,,,中性,分享互助,中,详细推荐,sentiment
Tantaly情感分析,Tantaly,p0tehkn,,Gemina_Lunarian,"While I understand your plight to begin with a larger toy due to realism and immersion, something you should take into consideration is that if your previous experience is limited to a fleshlight, a doll like Britney is going to be *massive* step up. Not only in the size of a masturbation toy, but also the upkeep and maintenance required.   Dolls like Britney are perfect for those wanting to break into the world of sex dolls because her cost, weight, and size all hit the goldilocks zone. When you're inexperienced with sex dolls, you will make a lot of mistakes when it comes to caring for them. Handling, washing, oiling, powdering, drying are all a hands-on learning process regardless of how much you might research about it and they are all necessary for proper maintenance and longevity.  It's very easy to look at a doll like Monroe and lock your choice on her. However, she carries a hefty price tag just shy of 1k. I can't speak for your financial situation, but the majority people are going to want to get the most out of that kind of expense. A doll like Monroe can last a few years... or a few months. Your experience will determine this.  With that said, you also will want to consider the kind of sex you prefer to have. Each type of doll excels in certain positions, and falls short on others.   I am happy to answer any specific questions you might have.",我理解你想从更大的玩具开始，因为真实感和沉浸感，但你要考虑的是：如果你以前只用过 Fleshlight，像 Britney 这样的娃娃会是一个*巨大的*跃升。不仅尺寸上，还有维护保养的要求。  像 Britney 这样的娃娃非常适合想踏入性玩偶世界的人，因为她的成本、重量和尺寸都处于金发姑娘区（刚刚好）。当你对性玩偶没经验时，照顾它们会犯很多错。搬运、清洗、上油、扑粉、干燥都是需要动手学习的过程，不管你查多少资料，而且这些都是正确保养和延长寿命所必需的。  看着 Monroe 这样的娃娃然后锁定她很容易。但她接近1000美元的价格不菲。我不了解你的财务状况，但大多数人会想从那笔开销里得到最大价值。像 Monroe 这样的娃娃能用几年……也可能几个月。你的经验决定这个。  话虽如此，你也要考虑你喜欢的性爱方式。每种娃娃在某些姿势表现出色，在其他姿势就逊色。  我很乐意回答你任何具体问题。,,,,中性,分享互助,中,耐心建议新手,sentiment
Tantaly情感分析,Tantaly,p0tong4,,Traditional-Sector56,"I own both Daisy 2.0 and Monroe, and in my opinion these are the two models that feel the most ""human-sized,"" even though Monroe is still a torso dolls. Since you're looking for something that feels like a significant step up from a Fleshlight, I think both are excellent choices. From there, it really comes down to the body type you prefer.  If you like women with wide hips, fuller curves, and a more voluptuous figure, I'd recommend Daisy 2.0. She has a very curvy silhouette and stands out because of her proportions.  If you prefer a more athletic or fitness-style body with a slimmer waist and a more toned overall look, then Monroe would probably be the better choice. Even though she's a torso, her proportions feel surprisingly realistic.  Personally, I don't think you can go wrong with either of them. They simply appeal to different tastes. Daisy is the curvier option, while Monroe has a more athletic and natural-looking physique.  For example, have a look at Alli Smeltzer and Merideth Morgan. They both have Instagram and YouTube accounts, so you can easily get a good idea of their physiques.  If you think, ""I'd rather spend the evening with someone who has a physique like Alli (just imagine her with a larger bust),"" then Monroe is probably the better choice for you.  If, on the other hand, you're more attracted to Merideth Morgan's curvier figure with wider hips and fuller glutes (check her lingerie and bikini try on haul videos to have a better look🤤), then I'd definitely recommend Daisy 2.0.  Ultimately, neither choice is wrong—it simply depends on which body type appeals to you the most.",我同时拥有 Daisy 2.0 和 Monroe，在我看来这两款是最「接近真人尺寸」的，虽然 Monroe 还是躯干款。既然你想找一个比 Fleshlight 显著升级的，我觉得两个都是好选择。 然后就看你喜欢哪种身材了。  如果你喜欢宽臀、更丰满曲线、更丰腴的身材，我推荐 Daisy 2.0。她轮廓非常性感，因为比例很出众。  如果你更喜欢运动型/健身型身材、腰更细、整体更紧致，那 Monroe 可能是更好的选择。虽然她是躯干款，但她的比例意外地真实。  个人来说，我觉得选哪个都不会错。它们就是迎合不同品味。Daisy 是更丰腴的选项，Monroe 是更运动、更自然的身材。  比如，看看 Alli Smeltzer 和 Merideth Morgan。她们都有 Instagram 和 YouTube 账号，你可以轻松了解她们的身材。  如果你觉得「我宁愿和一个像 Alli 那样身材的人共度一晚（想象她胸再大点）」，那 Monroe 可能是更好的选择。  如果你更被 Merideth Morgan 的丰腴身材吸引——宽臀、丰满的臀部（去看看她的内衣和比基尼试穿视频，看得更清楚🤤）——那我绝对推荐 Daisy 2.0。  最终，两个选择都没错——只是取决于哪种身材最吸引你。,,,,积极,愉悦享受,中,双持推荐乐于助人,sentiment
Tantaly情感分析,Tantaly,p0yf4vk,,VAM_Moose,"Hmm, my first thoughts may be Rosie, Monroe, Daisy? They had a concept a long time ago that had exaggerated belly flaps that never made it to production. What are you hoping to get?",嗯，我第一反应可能是 Rosie、Monroe、Daisy？他们很久以前有个夸张腹部褶皱的概念款，没能量产。你希望得到什么？,,,,中性,分享互助,弱,帮用户选型,sentiment
Tantaly情感分析,Tantaly,p0yk82x,,Adept-Ad4974,"I'd like the widest hips with the biggest belly, but I don't know which one to pick",我想要最宽的臀和最大的肚子，但不知道该选哪个。,,,,积极,期待渴望,中,表达偏好求助选型,sentiment
Tantaly情感分析,Tantaly,p0yo9jm,,VAM_Moose,Well a torso doll will have a full belly to squeeze and touch than a but doll which may have some of the stomach cropped off. Which would you prefer?,嗯，躯干娃娃会有完整的肚子可以捏和摸，臀部款可能会裁掉一部分肚子。你更喜欢哪种？,,,,中性,分享互助,弱,引导选型,sentiment
Tantaly情感分析,Tantaly,p09b5it,,BushEnjoyer9000,They ship to Singapore check if there is a Package Forwarding service there or at any other nearby country supported,他们运到新加坡，看看那里有没有包裹转运服务，或者其他支持的国家。,,,,中性,分享互助,弱,分享转运信息,sentiment
Tantaly情感分析,Tantaly,p0gk6y9,,Residentlord777,"Do you guys make a torso with this Daisy 2.0 and a darker completion, that will be a winner in my book.",你们能做 Daisy 2.0 这种、但肤色更深一点的躯干款吗？那在我这儿绝对是赢家。,,,,积极,期待渴望,中,想要深肤色,sentiment
Tantaly情感分析,Tantaly,p02uyv1,,martenic,"Not OP, but [Caroline](https://www.awin1.com/cread.php?awinmid=78078&awinaffid=1958085&ued=https%3A%2F%2Fwww.tantaly.com%2Fproducts%2Fwild-sex-life-size-sex-doll-with-tantabutt-caroline) is from Tantaly indeed.  In fact, she's the one I plan on getting next. That size and ass look perfect. Usually, I prefer my [Tantaly dolls](https://www.sextoymagazine.com/best-tantaly-dolls/) bigger, but sometimes I just want something for a quick and convenient hit. And Caroline seems like one of the best options here.",不是楼主，但 [Caroline] 确实是 Tantaly 的。  事实上，她是我下一个要买的。那个尺寸和屁股看起来完美。通常我更喜欢大一点的 Tantaly 娃娃，但有时候我就想要个快速方便的。Caroline 看起来是最好的选择之一。,,,,积极,期待渴望,中,计划买Caroline,sentiment
Tantaly情感分析,Tantaly,p03bzg7,,No-Dream-5840,It doesn't look small I like big asses,看起来不小啊，我喜欢大屁股。,,,,积极,愉悦享受,弱,喜欢大臀,sentiment
Tantaly情感分析,Tantaly,p07mqgq,,slickymickey,I like her,我喜欢她。,,,,积极,愉悦享受,弱,喜欢,sentiment
Tantaly情感分析,Tantaly,ozdwtqo,,UnassumingUser364,"This is why I always suggest people take a close look at the product measurements (which includes the storage bag and styrofoam) and physically measure with a tape measure before purchasing. But there's not much we can do about that now. So we'll have to find a solution for you that will work.  As far as vertical storage goes, it's usually not suggested. And theoretically it could cause sagging issues with the soft Tantabosom breasts from gravity though you do have some support from the upper styrofoam piece still. But not right away. After all, the doll will have been in a bunch of different positions during Warehouse storage and transit. So not ideal, but also not the end of the world if that's the only storage solution that is available to you.  The bigger risk is probably going to be pinching, moisture and debris ingress and/or contact with the PVC liner of the overbag. Basically the two halves spreading apart during storage, allowing for part of the non-TPE safe PVC liner to come through as well as moisture and dust. It could also pinch the TPE when the two halves are pushed back together or when handling the styrofoam and storage back. Ideally you would have some sort of luggage strap or something the more tightly hold the two halves. Just don't over-tighten it or it will crack or otherwise damage the Styrofoam. Also be prepared for pressure marks on the doll, especially if you use the additional drawstring storage bag that comes with a cleaning kit. Nothing major, they're usually temporary.",这就是为什么我总是建议人们买之前仔细看产品尺寸（包括收纳袋和泡沫箱）并用卷尺实际量一下。但现在我们对此无能为力了。所以我们得给你找个可行的解决方案。  至于竖放存储，通常不建议。理论上可能因为重力导致柔软的 Tantabosom 胸部下垂，不过你还有上层泡沫件支撑。但不是马上就会。毕竟，娃娃在仓库存储和运输过程中已经摆过各种姿势。所以不理想，但如果那是你唯一可用的存储方案，也不是世界末日。  更大的风险可能是挤压、湿气和碎屑进入，以及/或与外袋的 PVC 内衬接触。基本上就是两半在存储时分开，让不安全的 PVC 内衬露出来，还有湿气和灰尘。两半推回去或拿泡沫箱和收纳袋时也可能挤压 TPE。理想情况下你该有某种行李绑带之类的东西把两半更紧地绑在一起。只是别勒太紧，否则会压裂或损坏泡沫。还要做好心理准备娃娃上会有压痕，尤其如果你用清洁套装附带的拉绳收纳袋。没什么大问题，通常都是暂时的。,,,,消极,担忧顾虑,中,详细收纳风险警示,sentiment
Tantaly情感分析,Tantaly,ozelma7,,BS_Blower,"I was wondering about that too - there is a cloth bag that actually came with the doll and it's not clear if I should be storing it in that, inside the styrofoam. It seems like all the directions are to actually store it inside the thin plastic film it came with, inside the styrofoam?  To be fair I did check all of the dimensions, but it's not like I mocked it up and then looked for storage solutions 😄 I really don't see how the PVC liner of the bag could come into contact, but good point on the halves possibly separating. Too bad there isn't a Velcro strap or buckles on the bag, it'd let you tighten it down easily!  Too bad they don't provide a 3d model of each girl, it would be easy (for me) to design a form-perfect, smaller enclosure.   I think part of the issue now is that the storage has to be good for shipping, but I would gladly pay for a smaller rectangular storage designed for the home for my model to shave off a few inches per side!",我也在想这个——娃娃确实带了一个布袋，但我不清楚是不是应该放进泡沫箱里那个布袋里。看起来所有说明都是让它存放在附带的薄塑料膜里、再放进泡沫箱？  说实话我确实查了所有尺寸，但我又没有先做模型再找存储方案 😄 我真的看不出 PVC 内衬怎么会接触到娃娃，但两半可能分开这点说得好。可惜袋子没有魔术贴或搭扣，不然就能轻松收紧！  可惜他们没有提供每个娃娃的3D模型，不然（对我来说）设计一个完美贴合、更小的外壳很容易。  我觉得现在部分问题是存储必须适合运输，但我很乐意付钱买一个为家用设计的更小的长方形存储箱，每边能省几英寸！,,,,中性,分享互助,中,收纳困惑+改进建议,sentiment
Tantaly情感分析,Tantaly,p16nai1,,In62,"Yes, they had previously announced they would not be restocking. Badd Angel is pretty similar if you're interested. Plus, she is currently on sale and if you dm me I can give you a great stackable discount code",是的，他们之前宣布过不会补货。如果你有兴趣的话，Badd Angel 跟它挺像的。而且她现在正在打折，你私信我我可以给你一个超棒的叠加折扣码。,,,,中性,分享互助,弱,推荐替代+折扣,sentiment
Tantaly情感分析,Tantaly,p17ktmu,,Jonny_Saccs,"Away unfortunate I've been saving and really wanted Morgpie, but I'll probably end up going with Aurora or Monroe those were my second options as I'm not really that into Bad Angel. Thanks you though",真遗憾，我一直在攒钱，真的很想要 Morgpie，但我可能最后会选 Aurora 或 Monroe，那是我的备选，因为我不太喜欢 Bad Angel。,,,,消极,失望不满,弱,想要的Morgpie停产,sentiment
Tantaly情感分析,Tantaly,p17pwnl,,VAM_Moose,Yeah! Aurora is a great choice ☺️ Check out my reddit profile if you'd like some reviews or pictures of Aurora to dream over 🥰,对！Aurora 是好选择 ☺️ 想要 Aurora 的评测或照片做美梦的话，看看我的 Reddit 主页 🥰,,,,积极,愉悦享受,中,热情推荐,sentiment
Tantaly情感分析,Tantaly,p1mvopg,,FLoo2,"I have Morgpie and she's my favourite doll. Quite easily the best ass I've ever seen on a doll. Monroe is very similar, although her ass doesn't look as rounded as Morgpie her boobs more than make up for it.",我有 Morgpie，她是我最喜欢的娃娃。毫不夸张地说是我在娃娃上见过的最好的屁股。Monroe 非常相似，虽然她的屁股不像 Morgpie 那么圆，但胸完全弥补了。,,,,积极,愉悦享受,强,最爱Morgpie,sentiment
Tantaly情感分析,Tantaly,p1e8fzt,,VAM_Moose,I play with my Aurora and Daisy using VR with a game called Virt-A-Mate 😅 It's so much better than VR Videos because you can experience 6 degrees of freedom and create and experience whatever content or scenario you want 😜,我用 VR 玩我的 Aurora 和 Daisy，游戏叫 Virt-A-Mate 😅 比 VR 视频好太多了，因为你能体验6自由度，创造和体验任何你想要的内容或场景 😜,,,,积极,愉悦享受,中,VR玩法分享,sentiment
Tantaly情感分析,Tantaly,p1brcyj,,ShyCurious18,"Depends on what you want to spend. Emilia is the best full torso with Tantabutt for prone. If you just want a butt, then Louise or Rosie. The ones that are more bubble butts are more difficult in prone. Feel free to dm me if you want to discuss more and I can also give you a great discount code",取决于你想花多少。Emilia 是趴趴位（prone bone）最好的带 Tantabutt 全躯干款。如果你只想要臀部，那就 Louise 或 Rosie。更圆翘的屁股在趴趴位更难用。想聊更多尽管私信我，我还能给你个好折扣码。,,,,中性,分享互助,中,推荐+折扣,sentiment
Tantaly情感分析,Tantaly,p1brhr1,,In62,"Depends on what you want to spend. Emilia is the best full torso with Tantabutt for prone. If you just want a butt, then Louise or Rosie. The ones that are more bubble butts are more difficult in prone. Feel free to dm me if you want to discuss more and I can also give you a great discount code.",取决于你想花多少。Emilia 是趴趴位（prone bone）最好的带 Tantabutt 全躯干款。如果你只想要臀部，那就 Louise 或 Rosie。更圆翘的屁股在趴趴位更难用。想聊更多尽管私信我，我还能给你个好折扣码。,,,,中性,分享互助,中,推荐+折扣,sentiment
Tantaly情感分析,Tantaly,p1c0adl,,RedcatsPornotunes,"My husband and I don't have much experiences with butts, but I can say that Daisy 2.0 is made for prone bone ;) For better idea you should check few of my lately posts here in this subreddit.   I know that you wrote that you're not the most attracted to large butts., but you should give a look at least. 😘 That was just stated from the woman's perspective in the couple, but I know how my husband thinks and what his desires, needs, and fantasies are...  Whish you all good with your decision ❤️",我和我老公对臀部没什么经验，但我可以说 Daisy 2.0 就是为趴趴位而生的 ;) 想了解更多，你可以看看我最近在这个 subreddit 发的帖子。  我知道你写了你不是特别被大屁股吸引，但你至少应该看一眼。😘 那只是从夫妻中女性视角说的，但我知道我老公怎么想，知道他的欲望、需求和幻想……  祝你做出好决定 ❤️,,,,积极,愉悦享受,中,女性视角推荐,sentiment
Tantaly情感分析,Tantaly,p1alttr,,AdTypical8631,I can't even explain how badly I want this. I hope to win a giveaway and show her off here,我无法形容我有多想要这个。希望中个抽奖，然后在这里炫耀她。,,,,积极,期待渴望,强,强烈想要,sentiment
Tantaly情感分析,Tantaly,p1ixmmx,,PapiCinc0,Will you guys ever release a larger model closer in size to Daisy?,你们会出更接近 Daisy 尺寸的大款吗？,,,,中性,中立客观,弱,咨询大尺寸,sentiment
Tantaly情感分析,Tantaly,p1rr810,,PercyOna,This actually looks really good 🤩✨️✨️ I think that being able to see whats happening on the inside seems really fun 👌🏽,这看起来真的很好 🤩✨️✨️ 我觉得能看到里面在发生什么真的很有趣 👌🏽,,,,积极,愉悦享受,中,喜欢透明设计,sentiment
Tantaly情感分析,Tantaly,p1b08g3,,martenic,[Britney was the first Tantaly I got and reviewed](https://www.sextoymagazine.com/britney-from-tantaly-review/).  And I still adore her body shape to this day!,Britney 是我第一个入手并评测的 Tantaly。  直到今天我还是爱她的身材！,,,,积极,愉悦享受,强,多年仍爱,sentiment
Tantaly情感分析,Tantaly,p1bundt,,IndulgentStroker,She's definitely lots of fun!,她绝对很好玩！,,,,积极,愉悦享受,弱,好玩,sentiment
Tantaly情感分析,Tantaly,p17l2u5,,Efficient-Ice-8813,Crystal is perfect,Crystal 太完美了。,,,,积极,愉悦享受,弱,完美,sentiment
Tantaly情感分析,Tantaly,p1a90ix,,UnassumingUser364,"Before official releases, the dolls are added to the website and shown as out of stock. Come official launch day it'll correctly show in-stock.  Out of stock is just being used as a catch-all to cover not up for purchase yet.",正式发布前，娃娃会先上架网站并显示缺货。到正式发布日就会正确显示有货。  缺货只是用来统一表示「还不能购买」。,,,,中性,中立客观,弱,解释缺货机制,sentiment
Tantaly情感分析,Tantaly,p0wixca,,IndulgentStroker,Rosie has the booty! Just got here unpack yesterday and she's amazing! The jiggle and size are unbelievable! I'm looking forward to Sunday!,Rosie 的屁股绝了！昨天刚到拆箱，她太棒了！抖动和尺寸难以置信！我期待周日的到来！,,,,积极,愉悦享受,强,拆箱兴奋,sentiment
Tantaly情感分析,Tantaly,p0vt055,,Maximum_Farm5232,I miss my Monroe😵‍💫😵‍💫😵‍💫,我想我的 Monroe 了😵‍💫😵‍💫😵‍💫,,,,积极,愉悦享受,中,想念Monroe,sentiment
Tantaly情感分析,Tantaly,p10p37a,,Equal_Bid_9115,How do the holes feel? I have Brittany and was wanting a larger one,通道感觉怎么样？我有 Brittany，想要个更大的。,,,,中性,中立客观,弱,咨询升级,sentiment
Tantaly情感分析,Tantaly,p11zepf,,Appropriate_Star4099,Pretty good 👍,相当不错 👍,,,,积极,愉悦享受,弱,不错,sentiment
Tantaly情感分析,Tantaly,p0rt755,,In62,"I can't speak to the breasts, because I've only tried the Salorein butt doll Amber. Overall, the skin feels about the same and Amber's color is a bit more realistic. Rosie's butt is definitely softer, and that's to be expected due the mechanics in Amber. Feel free to dm me if you want to discuss more and I can also give you a great discount code",胸我没法评价，因为我只试过 Salorein 的臀部娃娃 Amber。总体来说皮肤手感差不多，Amber 的颜色更真实一点。Rosie 的屁股绝对更软，这也正常，因为 Amber 内部结构不同。想聊更多尽管私信我，我还能给你个好折扣码。,,,,中性,分享互助,中,对比分享,sentiment
Tantaly情感分析,Tantaly,p0mghph,,Traditional-Sector56,"I also own a Cecilia, and I think she's generally a bit underrated.  She's very lightweight, flexible, and has an excellent texture and consistency. The only downside is that it's difficult to find underwear that fits her properly.  In my case, I usually buy XXS gym shorts for her, and even then, not every brand offers that size.",我也有个 Cecilia，我觉得她总体有点被低估。  她很轻、灵活，质感和一致性都很好。唯一的缺点是不好找到适合她的内衣。  我通常给她买 XXS 健身短裤，即便如此也不是每个牌子都有这个尺码。,,,,积极,愉悦享受,中,认可Cecilia,sentiment
Tantaly情感分析,Tantaly,p0mh9me,,CivilAd9686,"Yeah I have to buy XS and XXS underwear for her, its easy enough to find on amazon and a lot of Asian brands have underwear that fits",是啊，我得给她买 XS 和 XXS 的内衣，亚马逊上挺好找的，很多亚洲牌子有合适的尺码。,,,,中性,分享互助,弱,分享搭配经验,sentiment
Tantaly情感分析,Tantaly,p0lndyn,,In62,"If you think that's good, wait 'til you try a realistic size like Rosie or Candice!",如果你觉得那不错，等你试了 Rosie 或 Candice 这样的真实尺寸再说！,,,,积极,愉悦享受,弱,热情推荐,sentiment
Tantaly情感分析,Tantaly,p0jx3zr,,UnassumingUser364,"I have a Hannah. You can read my thoughts on it [here](https://www.reddit.com/r/tantaly/s/KfnRP8kM2w) see how it compares size wise to Britney 2.0 [here](https://www.reddit.com/r/tantaly/s/kqz4UcmDBe) and Brandi and Lena [here](https://www.reddit.com/r/tantaly/s/yam3RX773u). I also have a bunch of pictures of Hannah and various outfits and poses if you look through my post history.   With that out of the way, Hannah is a pretty niche doll. It's roughly the size Britney in terms of torso size, but has an ass comparable to Caroline, and of course it has extended thighs. It's best to think of Hannah as an ass doll with a torso attached. Which is a pretty cool thing in my book. But is not going to be a good fit for everybody. Especially for those who favor larger breasts. It also seems undersized for the weight.  The legs can be really challenging to adjust, but they introduce a lot of position variety. Opening and closing the legs can also increase or decrease tightness. And it's nice from a sensory standpoint. When it comes to cowgirl specifically, the extended legs add a lot more stability to the position. You'll still have to hold the doll in place with your hands, but the legs are a significant aid because you can rest some the weight on the legs as well as being a sensory improvement. I will say that I did find that cowgirl is one of the positions that really shows how small the torso actually is. Whereas it's not as apparent in positions like doggy. Still fun of course. The other cool thing you can do with it Hannah is the rounded leg stumps allow more comfortable standing positions (with the doll on a table) which is still possible with the squared off leg stumps but it works a little bit better with the rounded. Rounded also can allow for a little bit more movement in other positions.  So with those caveats out of the way, I do think Hannah could absolutely work for you.   I don't have a Ruka. I think it's a hidden gem of a doll. It was a tough decision between Hannah, Ruka, Diana, and Caroline. I was mulling over till the very end though ultimately I went with Hannah. It's a real shame that Ruka (and Diana) have been discontinued. Where Hannah is more specialized, Ruka is in my opinion a lot more well-rounded. It has much more even proportions and a more balanced silhouette. Smaller ass, but It's a good size and shape. You also have more prominent breasts that use a few proportionality tricks to make them seem bigger. Ruka is loosely within Hannah's size range, but it's overall taller then Hannah in practically every metric. I want to draw special attention to sitting height. It's my observation that this plays a big part in how small or large a torso is perceived as being. Especially in cowgirl. It adds two extra inches to the torso when it's on top of you. Longer legs too for even more stability. I suspect that the longer legs might also make it a little bit easier to adjust leg positions. It's quite challenging on Hannah.  I think if you want an ass first torso doll, Hannah is the clear choice. If you want something that's as I previously put it more well rounded and naturally proportioned within the same rough size and price range. Ruka is the better overall choice.  I like my Hannah, but It's breakdowns like these that make me think that maybe I should have gotten Ruka instead! But really, I think you would be happy with either option.",我有个 Hannah。你可以在这里读我的想法：[链接]，看看它和 Britney 2.0 尺寸对比：[链接]，和 Brandi、Lena 的对比：[链接]。我还有很多 Hannah 穿各种衣服、摆各种姿势的照片，可以翻翻我的发帖历史。  说完了。Hannah 是个比较小众的娃娃。躯干尺寸大概和 Britney 相当，但屁股可以和 Caroline 比，当然还有加长的大腿。最好把 Hannah 想成「带躯干的臀部娃娃」。我觉得这挺酷的。但不是适合所有人，尤其那些偏好大胸的人。而且看起来和重量不太匹配。  腿真的很难调整，但它们带来很多姿势变化。张开合拢腿可以增加或减少紧度。从感官角度也很好。具体到骑乘位，加长的腿让姿势稳定很多。你还是得用手固定娃娃，但腿是很大的助力，因为你可以把一些重量放在腿上，同时也是感官提升。我要说，我发现骑乘位是真正暴露躯干有多小的姿势之一。而在狗爬式等姿势里不那么明显。当然还是很好玩。Hannah 另一个酷点是圆形的腿根允许更舒适的站立姿势（娃娃放桌上），方形腿根也能站但圆形更好。圆形还可以在其他姿势中提供更多活动空间。  说了这些注意事项，我确实认为 Hannah 绝对适合你。  我没有 Ruka。我觉得它是隐藏的宝石。当时在 Hannah、Ruka、Diana 和 Caroline 之间很难抉择。我纠结到最后，最终还是选了 Hannah。很遗憾 Ruka（和 Diana）停产了。Hannah 更专门化，而在我看来 Ruka 全面得多。它的比例更均匀，轮廓更平衡。屁股小一点，但尺寸和形状都很好。胸更突出，用了一些比例技巧让它们看起来更大。Ruka 大致在 Hannah 的尺寸范围内，但几乎每项指标都比 Hannah 高。我想特别提一下坐高。据我观察，这很大程度上决定一个躯干看起来是大是小，尤其骑乘位。它在上面时给躯干多两英寸。腿也更长更稳。我怀疑长腿也可能让调整腿部姿势更容易一点。这在 Hannah 上相当难。  我觉得如果你想要屁股优先的躯干娃娃，Hannah 是明确选择。如果你想要我之前说的更全面、比例更自然的，在同一尺寸和价格范围内，Ruka 是更好的总体选择。  我喜欢我的 Hannah，但正是这种分析让我想也许我该买 Ruka！不过说真的，我觉得你两个都会喜欢。,,,,中性,分享互助,强,超详细Hannah评测,sentiment
Tantaly情感分析,Tantaly,p0klddn,,VAM_Moose,I play with my Aurora 2.0 almost exclusively in Cowgirl. Her long legs gently wrap around your waist during cowgirl to enhance your immersion. You can also spread them out extra wide so you can REALLY insert yourself and have her body touch yours for extra close encounter 🥵   You can check out my reddit profile for a collection of wonderful pictures 🥰.   Hit me up in DMs if you'd like a guide and I can also offer a discount code 🤗,我几乎只用骑乘位玩我的 Aurora 2.0。骑乘时她的长腿轻轻环绕你的腰，增强沉浸感。你还可以把腿分得特别开，真正插进去，让她的身体贴着你的，获得超近距离接触 🥵  你可以看看我的 Reddit 主页，有一堆美照 🥰。  想要指南就私信我，我还可以提供折扣码 🤗,,,,积极,愉悦享受,中,骑乘位分享,sentiment
Tantaly情感分析,Tantaly,p0jy94i,,UnassumingUser364,I've never been called or sent any messages via text for any of my orders and I don't recall anyone else saying that they have either. You get shipping and tracking information via email.  The phone number requirement is usually something that shippers require and not the sellers. It's something that they give to shippers so they have your phone number on hand in case there is a issue during transit. These days a lot of the shippers will reach out via email or through other portals that control. I usually only see phone calls done in very quick short notice circumstance.,我的任何订单都没接到过电话或短信，我也不记得别人说过有。你会通过邮箱收到物流和跟踪信息。  电话号码要求通常是承运方要求的，不是卖家。是给承运方准备的，方便运输出问题时联系你。现在很多承运方会通过邮箱或其他渠道联系。我一般只在非常紧急的通知情况下看到打电话。,,,,中性,中立客观,弱,解释物流通知方式,sentiment
Tantaly情感分析,Tantaly,p0kw9cj,,In62,"I've ordered a lot from Tantaly and never received a message on my phone from Tantaly, only FedEx with shipping info, becauseI signed up for notifications. Tantaly is great at discretion. Feel free to dm me if you want to discuss more",我从 Tantaly 订过很多次，从没收到过 Tantaly 的短信，只有 FedEx 的物流信息，因为我注册了通知。Tantaly 在保密方面做得很好。想聊更多尽管私信我。,,,,积极,愉悦享受,中,信任Tantaly保密,sentiment
Tantaly情感分析,Tantaly,p0o8rdq,,WhoisjohnXXXdoe,"Never received a text message at all, and I have several dolls. Just email stating it's on its way.",从没收到过短信，我有好几个娃娃。只有邮件说在路上了。,,,,中性,中立客观,弱,确认无短信,sentiment
Tantaly情感分析,Tantaly,p0lw372,,flirtyyfi,It's just too fun. 🥰,太好玩了。🥰,,,,积极,愉悦享受,弱,好玩,sentiment
Tantaly情感分析,Tantaly,p0jxd7o,,FLoo2,I'd love an Ebony Caroline!,我想要个乌木色 Caroline！,,,,积极,期待渴望,中,想要乌木色,sentiment
Tantaly情感分析,Tantaly,p0ajj3x,,Messi2655,"Welcome brother! I too just got my own Daisy, a Daisy 2.0, a little less than a month ago and I'm still on cloud 9 😂😂😂😂",欢迎兄弟！我也刚拿到我的 Daisy，Daisy 2.0，不到一个月前，我现在还飘飘然 😂😂😂😂,,,,积极,愉悦享受,强,飘飘然,sentiment
Tantaly情感分析,Tantaly,p0at3ox,,WhoisjohnXXXdoe,Welcome to club. I have 6 dolls from Tantaly. Once you get one you'll want more. 😁,欢迎入会。我有6个 Tantaly 娃娃。一旦你有了一个就会想要更多。😁,,,,积极,愉悦享受,中,6个娃娃,sentiment
Tantaly情感分析,Tantaly,p02vgr7,,martenic,Holy hell.[Caroline](https://www.tantaly.com/products/wild-sex-life-size-sex-doll-with-tantabutt-caroline) was already the one I was planning as my next purchase and this may just tip me over the edge.  She somehow looks even hotter when you hit it while she wears lingerie.  Amazing stuff!,我的天。Caroline 本来就是我计划的下一个购买对象，这个可能就让我下定决心了。  她穿着内衣被操的时候不知怎么看起来更辣了。  太棒了！,,,,积极,期待渴望,强,下定决心买Caroline,sentiment
Tantaly情感分析,Tantaly,ozpkj0a,,nu2dolls,what's the point of using a crystal rod on a transparent doll? it shows me nothing of what i would like to see,在透明娃娃上用水晶棒有什么意义？我想看的它一点都没展示。,,,,消极,失望不满,中,质疑透明棒无意义,sentiment
Tantaly情感分析,Tantaly,ozm3f76,,saitekina_2,I cant Upload the photos I took of her but I have them should anyone want them,我上传不了给她拍的照片，但如果有人想要我有。,,,,消极,失望不满,弱,无法上传照片,sentiment
Tantaly情感分析,Tantaly,ozoec4v,,Responsible_Ad7498,"Daisy plus looks really interesting, however I feel it's a bit too big for my liking. I'd love a smaller version that allows for fleshlights.",Daisy Plus 看起来真的很有趣，不过我觉得对我来说有点太大。我想要个能配 Fleshlight 的小一点版本。,,,,中性,分享互助,中,建议小尺寸,sentiment
Tantaly情感分析,Tantaly,ozog81y,,Ok_Volume2275,"Yep, the weight does stop me from using her more often.   I initially bought her as an accessory to my fleshlight collection and she excels at that though!",是啊，重量确实让我没法更频繁地用她。  不过我开始是把她当 Fleshlight 收藏的配件买的，她在这方面表现出色！,,,,中性,分享互助,中,重量限制但定位明确,sentiment
Tantaly情感分析,Tantaly,ozol1zb,,Responsible_Ad7498,I have the meiki hip plush for my fleshlights.,我有给 Fleshlight 用的 meiki 臀部软垫。,,,,中性,中立客观,弱,提及配件,sentiment
Tantaly情感分析,Tantaly,ozjjzwr,,dos_dos,I'd wipe the powder of with a damp towel first otherwise it'll cake up in your mouth,我会先用湿毛巾把粉擦掉，不然会在你嘴里结块。,,,,中性,分享互助,弱,口交前清洁提醒,sentiment
Tantaly情感分析,Tantaly,ozkgzgi,,UnassumingUser364,"Depending on where you are in the world, baby powder is talcum powder, cornstarch, or a combination of talcum powder and cornstarch. And of course fragrances and preservatives and anti-clumping agents that brands put in to make their particular spin on it unique.  Official Tantaly renewing powder is good quality talcum powder. Which is precisely why it's not available in all markets. Talc is a suspected carcinogen and it's sale is restricted in many locations. I've done a fair amount of research on the subject, a lot of the carcinogen talk stems from asbestos contaminated talc. A very real problem and the subject of numerous lawsuits. Contemporary talc is significantly safer and any data linking it to cancers is a little spotty and usually doesn't reflect current safety standards that prevent asbestos contamination. I still wouldn't advise breathing a lot of it in or licking large quantities. Small quantities on the nipples and breasts of the doll are likely to be fine. But if you are using talc based powder, I would suggest you read the relevant oncology journal articles and come to your own conclusions about whether or not it's something you would be willing to do. I'm careful about inhalation when powdering my dolls. But I'm usually not too concerned about a quick lick or kiss her or their.  But I also see you in Europe, which means any baby powder is probably cornstarch based. Uncooked cornstarch is safe to ingest. It's kind of bland and not the most pleasant thing to eat, since it has a pretty neutral flavor, but you can eat it. Just don't be eating huge cup fulls or anything. The amount used to powder your dolls breasts is going to be negligible.   So, when it comes to oral play with a TPE doll, the issue is more that you may find the taste of the powder unpleasant and may not want it coating your face and lips. You can always preemptively wipe bit off with a damp towel. A thin film of flavored lubricant can also be applied to the breasts for a better experience from a taste and a powder transfer perspective.",取决于你在世界哪里，婴儿爽身粉是滑石粉、玉米淀粉，或者滑石粉和玉米淀粉的混合物。当然还有品牌添加的香精、防腐剂和防结块剂，做出他们独特的配方。  Tantaly 官方翻新粉是优质滑石粉。这正是它不在所有市场销售的原因。滑石粉是疑似致癌物，在很多地方销售受限。我对这个主题做过不少研究，很多致癌的说法源于石棉污染的滑石。那是个非常真实的问题，也是许多诉讼的主题。当代滑石粉安全得多，任何把它和癌症联系起来的数据都有点不靠谱，通常也不反映当前防止石棉污染的安全标准。我仍然不建议大量吸入或舔食。娃娃乳头和胸部上的少量可能没问题。但如果你用滑石基粉末，我建议你读相关肿瘤学期刊文章，自己判断愿不愿意。我给娃娃扑粉时注意避免吸入。但我通常不太担心快速舔一下或亲一下。  但我也看到你在欧洲，这意味着任何婴儿爽身粉可能都是玉米淀粉基的。未煮熟的玉米淀粉可以安全食用。味道有点平淡，不是最好吃的东西，因为它口味中性，但你可以吃。只是别吃一大杯什么的。给娃娃胸部扑粉的量可以忽略不计。  所以，说到和 TPE 娃娃口交，问题更多是你可能觉得粉的味道不好，不想让它糊在你脸上和嘴唇上。你总可以先用湿毛巾擦掉一点。也可以涂一层薄薄的调味润滑液在胸上，从味道和粉转移角度都能有更好体验。,,,,中性,分享互助,中,爽身粉科普,sentiment
Tantaly情感分析,Tantaly,ozifnwh,,IndulgentStroker,She looks incredible! I just ordered Rosie and I'm excited to fuck her!,她看起来太棒了！我刚下单 Rosie，等不及要操她！,,,,积极,期待渴望,强,下单兴奋,sentiment
Tantaly情感分析,Tantaly,ozg2xl1,,martenic,"Fleshlights and Tantaly dolls both have their own niches. I have a bit of a collector's mindset and it feels amazing collecting and storing various different FL's and just admiring them. I will probably unfortunately never have enough space to collect Tantaly dolls like this, even if I wanted to.  That said, a Tantaly doll does feel like a pretty big step up from Fleshlight. A girl like Aurora will feel very, very immersive if you are used to having sex with a FL.  You now have a beautiful body to grab in addition to the textured masturbator!",Fleshlight 和 Tantaly 娃娃各有各的定位。我有点收藏家心态，收集和存放各种不同的 FL、只是欣赏它们就感觉很棒。遗憾的是我可能永远没有足够空间像这样收藏 Tantaly 娃娃，即使我想。  话虽如此，Tantaly 娃娃确实感觉比 Fleshlight 大升级。如果你习惯了和 FL 做爱，像 Aurora 这样的女孩会感觉非常非常沉浸。  现在除了有纹理的自慰器，你还有一个漂亮的身体可以抓！,,,,积极,愉悦享受,中,欣赏两种产品,sentiment
Tantaly情感分析,Tantaly,ozg3dpm,,martenic,[Britney was the first one I got and reviewed!](https://www.sextoymagazine.com/britney-from-tantaly-review/).  She's a stunner and white/sporty outfits generally compliment her body the best.,Britney 是我第一个入手并评测的！  她是尤物，白色/运动装扮通常最能衬托她的身材。,,,,积极,愉悦享受,中,推荐Britney,sentiment
Tantaly情感分析,Tantaly,ozjicg2,,Whatwouldgogginsd0,Britney is stunning.,Britney 太惊艳了。,,,,积极,愉悦享受,弱,惊艳,sentiment
Tantaly情感分析,Tantaly,ozg44nz,,martenic,"I see several of my favorite Tantaly girls in there!  Honestly found this video a bit creepy at first, but it looks pretty hot by now. Low key want to jump in with them!  Also love that you have this kind of content in here in addition to average promotional stuff. The one where you showed the insides of a Tantaly doll was particularly interesting. You don't really see that sort of content anywhere else.",我在里面看到几个我最喜欢的 Tantaly 姑娘！  说实话一开始觉得这视频有点吓人，但现在看起来挺辣的。有点想加入她们！  也喜欢你们在这里除了普通宣传内容还有这种内容。那个展示 Tantaly 娃娃内部的特别有意思。你在别的地方真看不到这种内容。,,,,积极,愉悦享受,中,喜欢官方内容,sentiment
Tantaly情感分析,Tantaly,ozejxlq,,Big-guylovesport,"Thanks for the awesome review! Very detailed and insightful.  I have Emilia as well, though I don't have Scarlett—my other doll is Selena. I totally agree that Emilia offers a much more immersive experience compared to smaller dolls. That said, whenever I'm tired or low on energy, I still tend to go with the smaller ones just for convenience.  Also, silicone (like Emilia) and TPE are complete night and day. Personally, I think the silicone breasts on Emilia feel so much better and more comfortable.  Overall, I'm super glad I got Emilia—no regrets at all.",谢谢你的精彩评测！非常详细有见地。  我也有 Emilia，虽然我没有 Scarlett——我的另一个娃娃是 Selena。我完全同意 Emilia 比小娃娃提供更沉浸的体验。话虽如此，每当我又累又没精力时，我还是倾向用小一点的图方便。  另外，硅胶（比如 Emilia）和 TPE 完全是天壤之别。个人来说，我觉得 Emilia 的硅胶胸手感好得多、舒服得多。  总之，我超级庆幸买了 Emilia——完全不后悔。,,,,积极,愉悦享受,强,无怨无悔,sentiment
Tantaly情感分析,Tantaly,ozgl57u,,saitekina_2,😃 now I just need to boost up my partner to not mind me filming when they are enjoying her 😏😅,😃 现在我只需要让伴侣不介意我在他们享受她的时候拍摄 😏😅,,,,积极,愉悦享受,中,想让伴侣接受拍摄,sentiment
Tantaly情感分析,Tantaly,ozltdgg,,saitekina_2,"I have to re created this post, it will have the video and some photos for everyone to see how great Emilia looks 😄",我得重新发这个帖子，会带视频和一些照片，让大家看看 Emilia 多棒 😄,,,,积极,愉悦享受,中,分享Emilia,sentiment
Tantaly情感分析,Tantaly,ozcjg12,,IndulgentStroker,Aurora is a blast! Check out my recent review.,Aurora 超爽！看看我最近的评测。,,,,积极,愉悦享受,中,Aurora超爽,sentiment
Tantaly情感分析,Tantaly,ozd2gwt,,BushEnjoyer9000,"I went with Rebecca because legs>boobs, but I won't be able to use her for a few weeks 💔 Based off reviews I learned that..  -The weight is light if you position the doll right  -Best tantaly doll for prone bone  -Reviews have said that Rebecca is good enough without tantabutt  -Rebecca has been out for around 5-7 months and I haven't found any reports online of her knees tearing. They should be good if you take care of it ofc 😅  [DollCollecterZen Reddit Review](https://www.reddit.com/r/tantaly/s/4l6pfrzwQ4)  [ThePornDude's Rebecca review](https://theporndude.com/blog/between-rebeccas-legs-with-tantalys-new-toy)  [Sultrydolls Rebecca Review](https://sultrydolls.com/blogs/unboxing-reviews/tantaly-rebecca-review)",我选了 Rebecca，因为腿>胸，但我几周内用不了她 💔 根据评测我了解到……  -重量很轻，如果你摆对姿势  -最适合趴趴位的 Tantaly 娃娃  -评测说 Rebecca 没有 tantabutt 也够好  -Rebecca 上市大约5-7个月了，我没在网上找到任何膝盖撕裂的报告。只要保养好应该没问题 😅  [DollCollecterZen Reddit 评测] 等链接,,,,积极,期待渴望,中,已购Rebecca等收货,sentiment
Tantaly情感分析,Tantaly,ozfxbnt,,Unusual_You8435,"I have a Rebecca, used not even several times. I have not reviewed it yet, but I'd look at something else.",我有个 Rebecca，用了不到几次。我还没写评测，但我会看看别的。,,,,消极,失望不满,中,对Rebecca失望,sentiment
Tantaly情感分析,Tantaly,ozg5mqe,,martenic,Yesss! I just published my own review of Aurora 2.0 too.  The breasts seem to be a bit of a highlight of her. The wobble and the overall shape/size even impressed my wife.,对对对！我也刚发布了自己的 Aurora 2.0 评测。  胸似乎是她的亮点之一。那晃动和整体的形状/大小连我老婆都印象深刻。,,,,积极,愉悦享受,中,评测+妻子认可,sentiment
Tantaly情感分析,Tantaly,oz8w5r9,,JnJcpl4Fun,Just got mine as well. Cowgirl and reverse cowgirl seem to be easiest. Spooning is also is a good one at least for me. Standing/kneeling missionary and doggie has been fun when Selena is laying on the wife. She rather enjoyed me switching back and forth. Haven't tried standing by myself yet but looks like a memory foam pillow to raise her up to waist level would be doable as well.,我也刚拿到我的。骑乘位和反向骑乘似乎最容易。搂抱也不错，至少对我来说。Selena 躺在我老婆身上时，站立/跪姿传教士和狗爬式都很好玩。她挺喜欢我换来换去的。还没试过自己站着来，但看起来用记忆棉枕头把她垫到腰部高度也行。,,,,积极,愉悦享受,中,夫妻共用体验,sentiment
Tantaly情感分析,Tantaly,oz99udq,,Southern-Ad-9968,"Get one of those inflatable sex pillows, put it on your bed and kneel down on the bed with Selena on the pillow then you can fuck her hands free",买个那种充气性爱枕头，放床上，跪在床边让 Selena 趴在枕头上，你就可以解放双手操她了。,,,,中性,分享互助,弱,建议配件,sentiment
Tantaly情感分析,Tantaly,oz7acrm,,Davislimawinter,"Nice review! Daisy Plus is definitely a bestseller. I haven't tried a butt torso yet, but if I ever do, that'd be my go-to choice as well.  If you're looking for a torso with a chest, I'd highly recommend Britney. She's a bit on the smaller side, but the bust is just as amazing as the others—also a Tantaly bestseller! Of course, if you're purely chasing massive breasts, then without a doubt, Monica is the one to get.  By the way, I couldn't seem to find the photos in your post. Is it just on my end? I was really hoping to see how the Fleshlight looks inside Daisy Plus! :)",好评测！Daisy Plus 绝对是畅销款。我还没试过臀部躯干款，但如果试的话，那也会是我的首选。  如果你想要带胸的躯干款，我强烈推荐 Britney。她偏小一点，但胸跟其他的一样棒——也是 Tantaly 畅销款！当然，如果你纯粹追求巨乳，那毫无疑问选 Monica。  顺便说一句，我好像没找到你帖子里的照片。是我这边的问题吗？我真的很想看 Fleshlight 在 Daisy Plus 里面的样子！:),,,,积极,愉悦享受,中,好评+推荐,sentiment
Tantaly情感分析,Tantaly,p0dq3xa,,sharkalladle,"Yeah it's a normal box with no sex toy distinctive markings on it, inside is the regular box",是的，就是个普通盒子，外面没有情趣玩具的明显标志，里面就是常规包装。,,,,中性,中立客观,弱,确认包装保密,sentiment
Tantaly情感分析,Tantaly,p0dq7if,,Normal_Fennel6823,so the brown box because i'm like scared it's the regular box,所以是棕色盒子吗？因为我有点怕就是普通包装。,,,,消极,担忧顾虑,中,担心包装暴露,sentiment
Tantaly情感分析,Tantaly,p0dsqp7,,Messi2655,"No need to fear, it's legitimately a brown box! No seller info that can be googled, just addressed to you. I think it might just say made in china if i remember correctly? But either way you can't tell at all, I got Daisy 2.0 and there was no way anything couldve guessed what it was lol",不用怕，就是个棕色盒子！没有任何能搜到卖家的信息，只写了收件人是你。我记得好像就写了 made in china？但无论如何你完全看不出来，我买了 Daisy 2.0，没有任何办法能猜出里面是什么，哈哈。,,,,积极,愉悦享受,中,安抚包装担忧,sentiment
倒模情感偏好,r/SexDolls,p1zhn59,1vgb3mx,mkechar,"I'll send you a dm, you'll have to accept it so I can send pictures",我会给你发私信，你得接受我才能发图片。,2026-08-06T02:51:33.000Z,https://www.reddit.com/r/SexDolls/comments/1vgb3mx/comment/p1zhn59/,未提及,,,,,sentiment
倒模情感偏好,r/SexDolls,p1zhjgh,1v4zxj5,2slow4me-,"Torso dolls are built to save cost and storage space so they're usually not full size. The good part with this one is the spacing between the vagina and anus is pretty close to real, so both missionary and doggy feel natural. The holes fit my size well without being too tight.",躯干娃娃是为节省成本和存储空间而设计的，所以通常不是全尺寸。这款的好处是阴道和肛门之间的间距非常接近真人，所以传教士和后入式都感觉自然。孔洞尺寸很适合我，不会太紧。,2026-08-06T02:50:58.000Z,https://www.reddit.com/r/SexDolls/comments/1v4zxj5/comment/p1zhjgh/,未提及,,,,,sentiment
倒模情感偏好,r/SexDolls,p1zharu,1vap3pq,InviteIcy3226,pls dm me,请私信我。,2026-08-06T02:49:34.000Z,https://www.reddit.com/r/SexDolls/comments/1vap3pq/comment/p1zharu/,未提及,,,,,sentiment
倒模情感偏好,r/SexDolls,p1zh8dj,1vap3pq,InviteIcy3226,pls dm me,请私信我。,2026-08-06T02:49:12.000Z,https://www.reddit.com/r/SexDolls/comments/1vap3pq/comment/p1zh8dj/,未提及,,,,,sentiment
倒模情感偏好,r/SexDolls,p1zgwbh,1vfvuzb,Toychest888,so yummy,太可口了。,2026-08-06T02:47:15.000Z,https://www.reddit.com/r/SexDolls/comments/1vfvuzb/comment/p1zgwbh/,未提及,,,,,sentiment
倒模情感偏好,r/SexDolls,p1zfjfs,1vgdjr1,Playful_Act_8766,neeko?,妮蔻？,2026-08-06T02:39:29.000Z,https://www.reddit.com/r/SexDolls/comments/1vgdjr1/comment/p1zfjfs/,未提及,,,,,sentiment
倒模情感偏好,r/SexDolls,p1zfet8,1vg0awi,Loud-Internal507,I have the 165F Doll Senior. Good doll. Very soft breasts. Maybe a little over priced though.,我有一款 165F Doll Senior。不错的娃娃，乳房很软。不过可能有点贵。,2026-08-06T02:38:45.000Z,https://www.reddit.com/r/SexDolls/comments/1vg0awi/comment/p1zfet8/,未提及,,,,,sentiment
倒模情感偏好,r/SexDolls,p1zezgf,1vgb3mx,Loud-Internal507,MMX has also released some based on Kpop stars. Wonyoung and one other that i can't think of the name of right now.,MMX 也推出了一些基于 K-pop 明星的款式，比如张元英，还有一个我一时想不起名字的。,2026-08-06T02:36:21.000Z,https://www.reddit.com/r/SexDolls/comments/1vgb3mx/comment/p1zezgf/,未提及,,,,,sentiment
倒模情感偏好,r/SexDolls,p1zedov,1vgofsy,Loud-Internal507,"I am. I have several for sale. None listed yet. Tayu Novas, Top Cydoll, Ido, Tayu silicone, Gynoid, Prime sex doll. DM if any of those brands interest you.",是的，我有几个要出售。还没上架。Tayu Novas、Top Cydoll、Ido、Tayu 硅胶、Gynoid、Prime 等品牌。如果对这些品牌感兴趣可以私信我。,2026-08-06T02:32:57.000Z,https://www.reddit.com/r/SexDolls/comments/1vgofsy/comment/p1zedov/,未提及,,,,,sentiment
倒模情感偏好,r/SexDolls,p1ze343,1vgr10k,Loud-Internal507,Coeros,Coeros。,2026-08-06T02:31:18.000Z,https://www.reddit.com/r/SexDolls/comments/1vgr10k/comment/p1ze343/,未提及,,,,,sentiment
倒模情感偏好,r/SexDolls,p1zdtx6,1vgr10k,MasterJ360,Without blowing a hole in your bank best thing you can do is browse through silicone heads that look similar to the celebs,不想大出血的话，最好的办法就是浏览那些长得像名人的硅胶头雕。,2026-08-06T02:29:53.000Z,https://www.reddit.com/r/SexDolls/comments/1vgr10k/comment/p1zdtx6/,未提及,,,,,sentiment
倒模情感偏好,r/SexDolls,p1zd9hg,1vgfzmy,CallBig3315,"Buying just the torso is a good idea, but you could also get a full-body TPE doll; a budget of 1,000 euros would easily cover that. Good luck!",只买躯干是个好主意，但你也可以买全身 TPE 娃娃，1000 欧元的预算轻松覆盖。祝好运！,2026-08-06T02:26:42.000Z,https://www.reddit.com/r/SexDolls/comments/1vgfzmy/comment/p1zd9hg/,未提及,,,,,sentiment
倒模情感偏好,r/SexDolls,p1zaw3k,1ve2iu4,Embarrassed-Travel84,Mmm I'm excited,嗯，我好兴奋。,2026-08-06T02:13:33.000Z,https://www.reddit.com/r/SexDolls/comments/1ve2iu4/comment/p1zaw3k/,02_心理状态-希望/乐观,,,,,sentiment
倒模情感偏好,r/SexDolls,p1zaewj,1ve2iu4,ShelbiCruz,"Yeah, I'll do it when I'm free.",好，我有空就做。,2026-08-06T02:10:54.000Z,https://www.reddit.com/r/SexDolls/comments/1ve2iu4/comment/p1zaewj/,未提及,,,,,sentiment
倒模情感偏好,r/SexDolls,p1z7kt5,1vfzueu,Rose-RM,"Hey! There are actually some clips that show more details, but they haven't been uploaded on YouTube. You can check SexDollTV for the uncensored version where you can get a better idea of the body details.",嘿！其实有些片段展示了更多细节，但还没上传到 YouTube。你可以去 SexDollTV 看无删减版，能更好地了解身体细节。,2026-08-06T01:55:09.000Z,https://www.reddit.com/r/SexDolls/comments/1vfzueu/comment/p1z7kt5/,未提及,,,,,sentiment
倒模情感偏好,r/SexDolls,p1z7b39,1vgfzmy,mrsexdollwizard,"I have reviews of Romona and Aria! (Two Erovenus dolls.) I have not had the pleasure of an SEDoll yet, however, if realism is your cup of tea then I can confidently tell you that the Erovenus have fantastic paint work.",我有 Romona 和 Aria 的评测（两款 Erovenus 娃娃）。我还没体验过 SEDoll，不过如果你追求真实感，我可以自信地告诉你 Erovenus 的涂装工艺非常棒。,2026-08-06T01:53:41.000Z,https://www.reddit.com/r/SexDolls/comments/1vgfzmy/comment/p1z7b39/,未提及,,,,,sentiment
倒模情感偏好,r/SexDolls,p1z6bno,1vgfzmy,In62,"I would say tpe. It's less expensive, so if you don't like it or decide you want a larger doll, you don't have too much invested. The only thing about tpe is you have to be sure to clean thoroughly and dry completely, because it's porous and if you store it damp it can get moldy. It's not hard, but can take up to an hour to dry. Not to worry you, I've had tpe dolls for more than 3 years and never had mold",我会说 TPE。它更便宜，所以如果你不喜欢或想换更大的，投入也不多。唯一要注意的是 TPE 必须彻底清洁并完全干燥，因为它多孔，湿着存放会发霉。不难，但干燥可能要一小时。别担心，我的 TPE 娃娃用了三年多从没发过霉。,2026-08-06T01:48:17.000Z,https://www.reddit.com/r/SexDolls/comments/1vgfzmy/comment/p1z6bno/,未提及,,,,,sentiment
倒模情感偏好,r/SexDolls,p1mpoz2,1v0ki33,Natural_Hunt_9623,"As I'm still waiting for my doll to arrive I like to share the why: I'm in a perfect marry with the woman of my dreams. We are a couple sind 16 Years and none of us has ever questioned our relationship. We met on a sex plattform (joyclub.de) and so talking about it never was a problem for us. So why the hell do I want a doll you may ask? As life went on our intimate time has declined, job, kids and normal life. This doesn't mean that we don't have sex at all, I would say every week or two we will have our quality time. But the thing is that her sex drive isn't matching mine in the sense that I would like to have any kind of sex nearly daily or at least every other day. That's to much for her and I tend to push her in willing to please my desire. Quite often she follows my wish and will give me a hand or blowjob. But I do feel bad afterwards with the feeling of using her as a toy. I tried dating (with her approval) with woman and couples to meet my needs. It worked, as I always had a kind of affair or a couple I meet. But it's always complicated to find a time and place. Also I primary just want sex without the blabla. And to be honest, none of my affairs could meet my optical preferences (not that the woman are ugly in my eyes, but just not as sexy as my wife). So this also was kind of a half baked thing for me. And I really hate this dating game and the feeling men do have, like in an assessment center. So, about 2 months ago I came up to my wife with the idea of a sexdoll. She instantly liked the idea and said that it will probably take away a lot of pressure from her. She also suggested that we may place the doll in the infrared cabin in our bedroom and tell the kids that this is just a decoration. So I went on with looking for a realdoll and ended up with the one I ordered. The doll is absolute my type of body (looks comparable to my wife too) and the face looks also like the younger sister of her. I hope it will work out the way I hope. I think there are many reasons why someone chooses a sexdoll. One is alone and needs a companion, the others want real (or at least close to) sex without the complications (here I see me), others for photography. Any reason is a good reason. Sex and companionship is just one of the essential need human do have. And todays dating is a mess for both, men and women. Always take care what to say and do, as a man always in the danger of legal conflicts. I don't know how it is in the US as I live in Germany, but here as a man you are kind of always guilty and have to proof you are not. When meeting a woman in a bar, job or wherever, one wrong word, one wrong touch (I don't mean the obvious like breasts and ass) and you may find yourself unemployed or even in court. You just don't know in advance and have to go all in or leave it in total.",我在等我的娃娃到货，想分享一下原因：我和我梦想中的女人有一段完美的婚姻，在一起16年，从未质疑过我们的关系。我们在一个性爱平台上认识，所以谈论这些从来不是问题。你可能会问那我为什么想要娃娃？随着生活继续，我们的亲密时间减少了——工作、孩子、日常生活。这并不意味着我们完全不做爱，大概每一两周会有一次高质量时间。但她的性欲和我匹配不上——我几乎每天或者至少隔天都想要。对她来说太多了，我倾向于逼迫她满足我的欲望。她经常顺从我的愿望，给我手交或口交。但事后我感觉很糟糕，觉得把她当玩具用了。我试过约会（经她同意），这有效，我总有情妇或一对夫妇可以见。但找时间和地点总是很复杂。而且我主要只想要性，不要废话。说实话，我的情妇没有一个能满足我的审美偏好（不是说她们丑，只是没我老婆性感）。所以这也是半吊子。我真的很讨厌约会游戏，那种像在评估中心一样的感觉。大约两个月前，我向我妻子提出了性爱娃娃的想法。她立刻喜欢这个主意，说这可能会减轻她很多压力。她还建议我们把娃娃放在卧室的红外线小屋里，告诉孩子们这只是装饰。所以我开始寻找 realdoll，最后订了现在这个。这个娃娃完全是我喜欢的体型（看起来和我妻子差不多），脸看起来也像她妹妹。我希望它能像我期待的那样顺利。我觉得每个人选择性爱娃娃的原因有很多。一个人是孤独需要陪伴，其他人想要真实的（或至少接近真实的）性而没有复杂情况（比如我），还有人是为了摄影。任何理由都是好理由。性和陪伴只是人类的基本需求之一。而今天的约会对男女双方都是一团糟。男人总是要小心说什么做什么，总是处于法律冲突的危险中。我不知道美国怎么样，因为我住在德国，但在这里作为男人你总是有罪，必须证明你无罪。在酒吧、工作或任何地方遇到女人，一句话说错，一次碰触不对，你可能就失业甚至上法庭。你事先不知道，只能全押或完全不碰。,2026-08-03T08:54:43.000Z,https://www.reddit.com/r/SexDolls/comments/1v0ki33/comment/p1mpoz2/,01_关系状态-性需求不匹配丨02_心理状态-愧疚丨03_用户需求-性满足/身体亲密丨04_应对方式-接受现状/妥协,,,,,sentiment
倒模情感偏好,r/SexDolls,p1z5pp8,1vfde18,Dear_Honeydew_2635,Amazing design! Unique hentai features like the giant donut ass hole! More of this!! We already have thousands of the same boring designs everywhere. This is definitely No.1 on my wish list.,惊人的设计！独特的二次元特征，比如巨大的甜甜圈屁眼！多来点这种！现在到处都是成千上万同样无聊的设计。这绝对是我心愿单上的第一名。,2026-08-06T01:45:01.000Z,https://www.reddit.com/r/SexDolls/comments/1vfde18/comment/p1z5pp8/,02_心理状态-希望/乐观,,,,,sentiment
倒模情感偏好,r/SexDolls,p1z5gtv,1vgdzsm,Dear_Honeydew_2635,"Try a torso, it is easy to move",试试躯干款，移动方便。,2026-08-06T01:43:41.000Z,https://www.reddit.com/r/SexDolls/comments/1vgdzsm/comment/p1z5gtv/,未提及,,,,,sentiment
倒模情感偏好,r/SexDolls,p1z53hm,1vgfzmy,rui1200,"For a first buyer, what would you recommend? TPE or silicone?",对于第一次购买的人，你推荐 TPE 还是硅胶？,2026-08-06T01:41:39.000Z,https://www.reddit.com/r/SexDolls/comments/1vgfzmy/comment/p1z53hm/,未提及,,,,,sentiment
倒模情感偏好,r/SexDolls,p1z4jux,1vgczaf,q573520684,Our shop specialises in selling inexpensive dolls,我们店专营平价娃娃。,2026-08-06T01:38:40.000Z,https://www.reddit.com/r/SexDolls/comments/1vgczaf/comment/p1z4jux/,未提及,,,,,sentiment
倒模情感偏好,r/SexDolls,p1z3czh,1vgfzmy,In62,"A torso is a great choice, especially for your first. Tpe feels more realistic and warms to your body heat. Silicone is easier to clean and can look more realistic. Tough choice, but I prefer tpe. Feel free to dm me if you want to discuss more.",躯干款是个好选择，尤其是第一次。TPE 手感更真实，会吸收你的体温。硅胶更容易清洁，看起来也更逼真。很难选，但我更喜欢 TPE。想深入聊可以私信我。,2026-08-06T01:32:09.000Z,https://www.reddit.com/r/SexDolls/comments/1vgfzmy/comment/p1z3czh/,未提及,,,,,sentiment
倒模情感偏好,r/SexDolls,p1yzkr6,1vg7kiu,Haunting-Algae-3778,Better to save plus you get some good things sometimes,最好是存钱，而且有时候还能淘到好东西。,2026-08-06T01:11:27.000Z,https://www.reddit.com/r/SexDolls/comments/1vg7kiu/comment/p1yzkr6/,未提及,,,,,sentiment
倒模情感偏好,r/SexDolls,p1yxwaa,1vgb3mx,Drake-o_O,"MMX Doll has released a replica of Rola Takizawa, a Japanese adult film actress.",MMX Doll 出了日本女优泷泽萝拉的复制款。,2026-08-06T01:02:15.000Z,https://www.reddit.com/r/SexDolls/comments/1vgb3mx/comment/p1yxwaa/,未提及,,,,,sentiment
倒模情感偏好,r/SexDolls,p1yw5al,1vcvdgn,External_Proof_7041,She's out!!! https://www.doll-senior.com/product/dollsenior-mei158/ This or pay rent this month???,她上市了！！！这个还是这个月交房租？？？,2026-08-06T00:52:41.000Z,https://www.reddit.com/r/SexDolls/comments/1vcvdgn/comment/p1yw5al/,03_用户需求-性满足/身体亲密,,,,,sentiment
倒模情感偏好,r/SexDolls,p1yumlv,1vg7kiu,Bigg-Sipp,That makes sense. I just don't think about a used market for sex toys lol but you've a good point,有道理。我从没想过性玩具还有二手市场，哈哈，不过你说得对。,2026-08-06T00:44:22.000Z,https://www.reddit.com/r/SexDolls/comments/1vg7kiu/comment/p1yumlv/,未提及,,,,,sentiment
倒模情感偏好,r/SexDolls,p1ytia3,1vfp248,Anjosolitario-636,Cara a minha eu comprei aqui no Brazil mesmo elas são importados da china você quiser mim chama no dm que eu te passo o contato da loja,我的那个是在巴西本地买的，它们从中国进口。如果你想要，私信我，我把店铺联系方式给你。,2026-08-06T00:38:15.000Z,https://www.reddit.com/r/SexDolls/comments/1vfp248/comment/p1ytia3/,未提及,,,,,sentiment
倒模情感偏好,r/SexDolls,p1ysu63,1uvflyx,Anjosolitario-636,Eu também tenho uma boneca e o meu maior fetiche são os seios eu gostaria muito de vê suas bonecas para vê os seios dela,我也有一个娃娃，我最大的癖好是胸部，很想看看你的娃娃的胸部。,2026-08-06T00:34:35.000Z,https://www.reddit.com/r/SexDolls/comments/1uvflyx/comment/p1ysu63/,03_用户需求-性满足/身体亲密,,,,,sentiment
倒模情感偏好,r/SexDolls,p1yr818,1vg7kiu,LoveDollLouise,You should put Country as well as price etc,你应该把国家和价格等信息也写上。,2026-08-06T00:25:37.000Z,https://www.reddit.com/r/SexDolls/comments/1vg7kiu/comment/p1yr818/,未提及,,,,,sentiment
倒模情感偏好,r/SexDolls,p1yqr8t,1vg7kiu,Haunting-Algae-3778,Just get a better deal sometimes why I like to ask sometimes it is what it is and you buy a new one but sometimes it get outrageous buying a brand new one,有时候只是想找个更好的价格，这就是我喜欢问的原因。有时候没办法只能买新的，但有时候全新的一点也不便宜。,2026-08-06T00:23:03.000Z,https://www.reddit.com/r/SexDolls/comments/1vg7kiu/comment/p1yqr8t/,未提及,,,,,sentiment
倒模情感偏好,r/SexDolls,p1yppqq,1vg7kiu,Bigg-Sipp,"If you're willing to pay that much for doll and shipping, why not just get a new one? What are you looking to pay",如果你愿意为娃娃和运费付那么多，为什么不直接买新的？你打算出多少？,2026-08-06T00:17:18.000Z,https://www.reddit.com/r/SexDolls/comments/1vg7kiu/comment/p1yppqq/,未提及,,,,,sentiment
倒模情感偏好,r/SexDolls,p1yo6e7,1vg7kiu,Haunting-Algae-3778,Well doesn't matter to me if it has to be shipped I'll pay for shipping and the doll,对我来说无所谓，需要运输的话我就付运费和娃娃的钱。,2026-08-06T00:08:57.000Z,https://www.reddit.com/r/SexDolls/comments/1vg7kiu/comment/p1yo6e7/,未提及,,,,,sentiment
倒模情感偏好,r/SexDolls,p1ynwc8,1vg7kiu,Bigg-Sipp,You guys gotta really start putting location and budget in these posts if you're gonna make the post.,你们发帖的话真该把位置和预算写清楚。,2026-08-06T00:07:23.000Z,https://www.reddit.com/r/SexDolls/comments/1vg7kiu/comment/p1ynwc8/,未提及,,,,,sentiment
倒模情感偏好,r/SexDolls,p1ylbka,1vgkrg4,passport_pony,What model?,什么型号？,2026-08-05T23:53:16.000Z,https://www.reddit.com/r/SexDolls/comments/1vgkrg4/comment/p1ylbka/,未提及,,,,,sentiment
倒模情感偏好,r/OnaholeToys,oxypbtl,1uy0arm,Present-Inspector946,"Thanks for the comments and the support. No, the wife does not know that I use onaholes. I'm sure that she knows or has guessed that I masturbate, but we don't talk about that and I've never mentioned sex toys. And to make things even more difficult, she now has a serious medical condition which would make me asking for sex seem selfish to the extreme. I have accepted that she and I will likely never had sex again. Sorry for the dark cloud. In terms of my way of dealing with it, things are mostly the same. I order an onahole when either she will be out of town or I will be traveling, and then after unfortunately I have to throw them out so as not to get caught. I have nowhere to hid it and don't want the stress of having one in the house when she is here. Thankfully I can afford to replace them, and it's worth it to mewith not to have her ever find one in the house. I don't think she'd be pleased, and frankly I don't want to have a conversation about sex again. I love her so much and we get alone SO well, except for sex, so I don't want to introduce tension into our marriage. Especially now that she's been ill. The ones I have tried and like: Kanjuku Meiki Seductive Young Wife 2nd Gen Tsukasa Aoi, Venus Real Very Soft, Meiki no Syoumei 05 Zhang Xiao Yu, NPG Meki Creation Yuria Satomi. Of these I think maybe my current favorite is Kanjuku Meiki, though ZXY did mostly live up to the hype. I'm open to suggestions. I want realism as you can see. Mostly this whole way of dealing with this takes the edge of my sexual frustration. I get myself off regularly with my hand, and every once in a while I look forward to the experience what pussy feels like when I have a chance to use an onahole. I also feel like I can say in practice with sex moves like thrusting and holding off this way. I know it's a bit sad, but it's reality. Glad this sub is here.",谢谢大家的评论和支持。不，我妻子不知道我用倒模。我确定她知道或猜到我手淫，但我们不谈论这个，我也从没提过性玩具。更困难的是，她现在有严重的健康问题，这让我要求性生活显得极其自私。我已经接受我们可能再也不会有性生活了。抱歉带来阴霾。就我的处理方式而言，事情基本没变。我妻子出城或我出差时订一个倒模，然后用完不得不扔掉以免被发现。我没有地方藏，也不想要她在家里时的压力。幸好我买得起替换的，对我来说值得——不让她在家里发现任何一个。我觉得她不会高兴，坦白说我不想再谈性这个话题。我非常爱她，除了性之外我们相处得非常好，所以我不想给婚姻引入紧张。尤其是她现在病了。我试过并喜欢的：Kanjuku Meiki 色气人妻二代 葵つかさ、Venus Real 超软、Meiki no Syoumei 05 张小雨、NPG 名器创造 由利あや。其中我目前最喜欢的可能是 Kanjuku Meiki，虽然 ZXY 也确实不负盛名。欢迎建议。如你所见我想要真实感。大部分时候这种处理方式缓解了我的性挫败感。我定期用手解决，偶尔有机会用倒模时我会期待体验阴道的感觉。我也觉得可以练习性技巧比如抽插和忍耐。我知道这有点可悲，但这就是现实。很高兴有这个版块。,2026-08-02T00:40:00.000Z,https://www.reddit.com/r/OnaholeToys/comments/1uy0arm/comment/oxypbtl/,"01_关系状态-伴侣健康/生理问题,01_关系状态-沟通障碍/回避丨02_心理状态-羞耻/愧疚丨04_应对方式-接受现状/妥协,04_应对方式-寻求社群支持",,,,,sentiment
倒模情感偏好,r/OnaholeToys,oz3pehn,1usop8y,Ok_Pie9116,"I forgot to reply that the internal structure is spot on. Feels like your pushing through flesh. I am waiting for 14 on Amazon. I do not have a GF and feel that it will take up too much of my time including the drama and money needed. Tried that before but prefer to be alone. Anyways, this does the trick. Sensbody is a winner in realism.",我忘了回复，内部结构很到位，感觉像在推过血肉。我在等14号在亚马逊上架。我没有女朋友，觉得恋爱太花时间了，包括需要的戏剧和金钱。以前试过，但宁愿一个人。总之，这个能解决问题。Sensbody在真实感上赢了。,2026-07-31T22:52:22.000Z,https://www.reddit.com/r/OnaholeToys/comments/1usop8y/comment/oz3pehn/,02_心理状态-接纳/释然丨03_用户需求-性满足/身体亲密,,,,,sentiment
倒模情感偏好,r/OnaholeToys,p1mhr2r,1uvwbl1,CollectionSuchh,"Yeah if you don't live alone and need to keep it hidden it can be a pain. Wet wipes work fine for a quick clean now and then, but that's not a real long-term fix.",是的，如果你不独居而且需要藏起来，那确实很麻烦。湿巾偶尔快速清洁还行，但这不是真正的长期解决方案。,2026-08-03T02:02:21.000Z,https://www.reddit.com/r/OnaholeToys/comments/1uvwbl1/comment/p1mhr2r/,02_心理状态-焦虑/担忧,,,,,sentiment
倒模情感偏好,r/OnaholeToys,p16yv0b,1urfdyg,nigthmare234,"Well 1, I'd had to be in the living room and I don't live alone 2, the mess",嗯，1，我得在客厅用，而且我不是独居；2，收拾麻烦。,2026-07-30T15:21:32.000Z,https://www.reddit.com/r/OnaholeToys/comments/1urfdyg/comment/p16yv0b/,未提及,,,,,sentiment
倒模情感偏好,r/OnaholeToys,nro1pre,1pao31r,Schnitzingten,"I had them for about three years. They are massive. I really loved them. I had to get rid of them when I met my girlfriend, who is flatter than average and a bit insecure. Storage is a bit of a problem, and cleaning them can be a bit of a pain. I remember wet, flying tits in the shower.",我用它们大概三年了。它们很大，我真的很爱它们。遇到我女朋友后我不得不处理掉，她比平均水平平，而且有点没安全感。收纳有点问题，清洁也有点麻烦。我记得淋浴时湿漉漉飞溅的胸部。,2025-12-01T05:53:38.000Z,https://www.reddit.com/r/OnaholeToys/comments/1pao31r/comment/nro1pre/,04_应对方式-接受现状/妥协丨02_心理状态-接纳/释然,,,,,sentiment
倒模情感偏好,r/OnaholeToys,ot0pynr,1u3hct0,Tasty_Expression_143,"My big pair have worked their way into my sex life. My girlfriend has welcomed them. It's baffling and awesome. The Tiddyshop set are floppy as hell. I have a throw blanket to use as a sling to move them around, because it's easier.",我的大胸玩具已经融入了我的性生活。我女朋友接纳了它们。这既让人困惑又很棒。Tiddyshop 那套软得要命。我用一条毯子当吊索来移动它们，因为那样更容易。,2026-06-21T22:04:01.000Z,https://www.reddit.com/r/OnaholeToys/comments/1u3hct0/comment/ot0pynr/,03_用户需求-性满足/身体亲密,,,,,sentiment
倒模情感偏好,r/OnaholeToys,o6us75r,1rbomt4,wixxxxxxer,"You should add the words in my opinion. I tested all the realistic Onaholes usually mentioned and not a single one was close to my girlfriend or any other girl I remember. My current girlfriend is different every time we have sex. It depends on her cycle and mood. I understand that some Onaholes are more likely to be realistic, but in the end it's all an illusion.",你应该加上『在我看来』。我试过所有常被提到的『真实感』倒模，没有一个接近我女朋友或我记得的任何女孩。我现在的女朋友每次做爱都不一样，取决于她的周期和心情。我理解有些倒模更可能真实，但说到底这都是幻觉。,2026-02-22T22:43:13.000Z,https://www.reddit.com/r/OnaholeToys/comments/1rbomt4/comment/o6us75r/,02_心理状态-接纳/释然,,,,,sentiment
倒模情感偏好,r/OnaholeToys,mas5cua,1e6hwnj,Badbear34,"Hey, if it's not too much trouble could i DM asking about info of a particular toy?",嗨，如果不太麻烦的话，我能私信你问一下某款产品的信息吗？,2025-02-03T18:45:12.000Z,https://www.reddit.com/r/OnaholeToys/comments/1e6hwnj/comment/mas5cua/,未提及,,,,,sentiment
倒模情感偏好,r/OnaholeToys,lehex6e,1e6hwnj,Legitimate_Money_444,"I like lolis, but I'm not interested in minors, luckily I know how to separate the excitement in hentai arts from reality, but unfortunately many don't understand that, I don't judge, I've found something questionable too, but today I just think of it as an exciting drawing of something that doesn't exist.",我喜欢萝莉，但对未成年人不感兴趣，幸运的是我知道如何把色情作品里的兴奋与现实区分开，但不幸的是很多人不理解这一点。我不评判，我也发现过一些可疑的东西，但如今我只是把它当作一幅令人兴奋的、不存在之物的画。,2024-07-23T02:25:55.000Z,https://www.reddit.com/r/OnaholeToys/comments/1e6hwnj/comment/lehex6e/,02_心理状态-羞耻/愧疚,,,,,sentiment
倒模情感偏好,r/OnaholeToys,leepigg,1e6hwnj,VintageFLyer,">but I think that some products that I want to know about, like lolinco, I think would be very frowned upon. Honestly, I suppose it would depend entirely on why you've got loli themed toys. If it's purely for the feeling of the toy, and some of the best feeling onaholes do unfortunately have questionable artwork and presentation, then it shouldn't be an issue. However, if you've got those toys because you are into that kind of stuff sexually, then yeah, that's an issue.",>但我觉得有些我想了解的产品，比如 lolinco，我觉得会很被看不起。说实话，我觉得这完全取决于你买萝莉主题玩具的原因。如果纯粹是为了玩具的手感——一些手感最好的倒模确实不幸地带着有争议的包装和图案——那就没问题。但如果你买这些玩具是因为你性方面就喜欢这种东西，那确实是个问题。,2024-07-22T17:08:15.000Z,https://www.reddit.com/r/OnaholeToys/comments/1e6hwnj/comment/leepigg/,02_心理状态-羞耻/愧疚,,,,,sentiment
倒模情感偏好,r/OnaholeToys,le4a0t7,1e6hwnj,Mike_in_CO,"I was married when I started traveling for my job. We both got sex toys at that point. My wife knows that if I have sex toys, I will not be looking for strange in order to satisfy my sexual urges. As to which is better, there is only so much that you can do with a sex toy. Being with an actual partner and pleasing them is so much better than just using a sex toy. With some couples play, toys are included. It's not just a black and white one or the other question. On the other hand, the wife is not going to give me a blowjob for hours on end, but I can use the Venus 2000 to get that outcome. My wife knows about my purchases, and in some cases has convinced me to make a purchase when I was unsure about it and I asked her opinion. Mike in CO.",我结婚后开始因公出差。那时我们俩都买了性玩具。我妻子知道，如果我有性玩具，我就不会为了满足性冲动去找外面的野食。至于哪个更好——性玩具能做的事情有限。和真实伴侣在一起、取悦对方，比只用性玩具好太多了。有些情侣玩法会把玩具包含进来。这不是非黑即白二选一的问题。另一方面，妻子不可能给我口交几个小时，但我可以用 Venus 2000 达到那个效果。我妻子知道我的所有购买，有些时候我拿不定主意问她的意见，她还会劝我买。——Mike in CO,2024-07-20T18:47:37.000Z,https://www.reddit.com/r/OnaholeToys/comments/1e6hwnj/comment/le4a0t7/,"01_关系状态-沟通障碍/回避,01_关系状态-性需求不匹配丨04_应对方式-主动沟通",,,,,sentiment
倒模情感偏好,r/OnaholeToys,ldvui16,1e6hwnj,DART133,"If we were talking from a pure sex / physical perspective, both have advantages. Real is real, of course, and there is more to sex than just pp in hole. The Onahole, well, the designs can feel quite unique. It's a good way to let off. Your partner won't always want sex constantly.. and if you're someone like me, you need that. Also find a partner that'll be fine with that, like I don't get this bullshit of men having to somehow always accept and tolerate women having sex toys meanwhile its weird and gross if they do.",如果纯粹从性/身体角度谈，两者各有优势。真实的当然是真实的，而且性不只是把丁丁放进洞里。倒模嘛，设计可以相当独特，是个释放的好方式。你的伴侣不可能一直想要性……如果你像我一样，你需要那个。还有，找个能接受这点的伴侣——我真的不理解这种狗屁：男人必须总是接受和容忍女人有性玩具，而男人有时却被说成『奇怪和恶心』。,2024-07-19T04:54:35.000Z,https://www.reddit.com/r/OnaholeToys/comments/1e6hwnj/comment/ldvui16/,01_关系状态-性需求不匹配丨03_用户需求-性满足/身体亲密,,,,,sentiment
倒模情感偏好,r/OnaholeToys,ldvrnsy,1e6hwnj,Kashimashi,"Same, but it's more of a don't ask don't tell policy. Wife has responsive sexual desire which means she never thinks about sex unless I make the first move, and tbh sometimes it's just easier to sate my needs with an onahole.",一样，但更像是『不问不说』政策。妻子是响应型性欲，意思是除非我先主动，她从来不会想到性，说实话有时候用倒模满足我的需求更省事。,2024-07-19T04:29:31.000Z,https://www.reddit.com/r/OnaholeToys/comments/1e6hwnj/comment/ldvrnsy/,"01_关系状态-性需求不匹配,01_关系状态-沟通障碍/回避丨04_应对方式-回避/消极应对",,,,,sentiment
倒模情感偏好,r/OnaholeToys,lduqa3s,1e6hwnj,gravityportals,They are two completely different things. My wife likes to use the onaholes on me and we think they enhance the sex. You just need to find the right person.,它们是两件完全不同的事。我妻子喜欢用倒模在我身上玩，我们觉得它提升了性体验。你只是需要找对人。,2024-07-19T00:04:04.000Z,https://www.reddit.com/r/OnaholeToys/comments/1e6hwnj/comment/lduqa3s/,04_应对方式-主动沟通丨02_心理状态-接纳/释然,,,,,sentiment
倒模情感偏好,r/OnaholeToys,lducp98,1e6hwnj,Legitimate_Money_444,"Your point is interesting bro, thank you very much. Most masturbators I think shouldn't be a problem, after all, I wouldn't hate her to have a rubber penis. but I think that some products that I want to know about, like lolinco, I think would be very frowned upon.",你的观点很有意思，兄弟，非常感谢。我觉得大多数自慰者应该不是问题，毕竟我不会讨厌她有个假阳具。但我觉得有些我想了解的产品，比如 lolinco，会很被看不起。,2024-07-18T22:37:50.000Z,https://www.reddit.com/r/OnaholeToys/comments/1e6hwnj/comment/lducp98/,02_心理状态-羞耻/愧疚,,,,,sentiment
倒模情感偏好,r/OnaholeToys,lduc4b3,1e6hwnj,Legitimate_Money_444,"I would like a relationship, I'm happy for you",我想要一段关系，为你感到高兴,2024-07-18T22:34:06.000Z,https://www.reddit.com/r/OnaholeToys/comments/1e6hwnj/comment/lduc4b3/,03_用户需求-渴望亲密/被爱,,,,,sentiment
倒模情感偏好,r/OnaholeToys,ldtzlfx,1e6hwnj,VintageFLyer,"I would have serious doubts about staying in a relationship with a woman that had grievances over something as silly and irrelevant as sex toys, let alone marrying her. Behaviour like that is what's known as a red flag. Either she's got some kind of deep-seated insecurity/insecurities, which means you don't wanna get tied to her, or she's boring in the bedroom, which means you don't wanna get tied to her. A good, healthy relationship is one where you both add to and enrich one another's lives. If being with someone makes yours, or theirs, life worse, then you shouldn't be together. It's that simple. Remember, it's always better to be alone than to wish you were. Besides, if you genuinely want to be with somebody, then there's plenty of wonderful people that are right for you out there just waiting to meet you. So go meet them! What you're seeking is also looking for you. The universe always provides.",我会对和一个因为性玩具这种愚蠢又无关紧要的事情就抱怨连连的女人保持关系有严重疑虑，更别说娶她了。这种行为就是所谓的红旗。要么她有些根深蒂固的不安全感——那你就别跟她绑在一起；要么她在床上很无聊——那你也不想跟她绑在一起。一段好的、健康的关系是双方都让彼此的生活变得更好。如果和某人在一起让你或他们的生活变得更糟，那就不该在一起。就这么简单。记住，独自一人总好过希望自己是一个人。而且，如果你真的想和某人在一起，外面有很多适合你的美好的人在等着遇见你。所以去遇见他们吧！你寻找的东西也在寻找你。宇宙总会提供。,2024-07-18T21:06:57.000Z,https://www.reddit.com/r/OnaholeToys/comments/1e6hwnj/comment/ldtzlfx/,01_关系状态-冷淡疏离丨03_用户需求-渴望亲密/被爱,,,,,sentiment
倒模情感偏好,r/OnaholeToys,ldtl6vi,1e6hwnj,EmergencyLanguage203,Married and she let's me buy whatever toys I want,已婚，她让我买任何我想要的玩具,2024-07-18T19:49:28.000Z,https://www.reddit.com/r/OnaholeToys/comments/1e6hwnj/comment/ldtl6vi/,"01_关系状态-性需求不匹配,01_关系状态-沟通障碍/回避",,,,,sentiment
倒模情感偏好,r/OnaholeToys,ldtk1yq,1e6hwnj,onionclove,"I am not married and i have tried feet, armpits, mouth fucks, anus fucks and vaginal fucks. Tbh real meat feels better. You just have connection with the person. Especially anus fucks are just better because they can contract and make it tighter and such",我没结婚，我试过脚、腋窝、口交、肛交和阴道。说实话真人的肉感觉更好。你和那个人之间有连接。尤其是肛交更好，因为她们可以收缩，让它更紧之类的。,2024-07-18T19:43:16.000Z,https://www.reddit.com/r/OnaholeToys/comments/1e6hwnj/comment/ldtk1yq/,02_心理状态-接纳/释然,,,,,sentiment
倒模情感偏好,r/OnaholeToys,ldt8v8y,1e6hwnj,Cautious-Archer9983,What do You mean by allow? If she doesn't accept it then You can always show her exit doors,你说的『允许』是什么意思？如果她不接受，你随时可以给她看大门（让她走）。,2024-07-18T18:42:08.000Z,https://www.reddit.com/r/OnaholeToys/comments/1e6hwnj/comment/ldt8v8y/,04_应对方式-考虑离开/结束关系,,,,,sentiment
倒模情感偏好,r/OnaholeToys,ozi4xk8,1v50c84,Novel-Improvement-38,Same it just impossible to find time anymore,一样，现在根本找不到时间了,2026-07-24T15:31:07.000Z,https://www.reddit.com/r/OnaholeToys/comments/1v50c84/comment/ozi4xk8/,04_应对方式-回避/消极应对,,,,,sentiment
倒模情感偏好,r/OnaholeToys,ozi4t46,1v50c84,Novel-Improvement-38,Maybe like once a month if I'm lucky. I just don't have the privacy to use and dry them anymore. It sucks tbh,运气好的话大概一个月一次吧。我只是再也没有隐私去使用和晾干它们了。说实话挺糟心的。,2026-07-24T15:30:35.000Z,https://www.reddit.com/r/OnaholeToys/comments/1v50c84/comment/ozi4t46/,02_心理状态-失望/沮丧,,,,,sentiment
倒模情感偏好,r/OnaholeToys,ozhhd7r,1v50c84,tiboshki,Sometimes it takes more than a month when I'm too busy like I can't even goon on my day off.,有时候忙起来要超过一个月，我连休息日都没法放纵。,2026-07-24T13:46:28.000Z,https://www.reddit.com/r/OnaholeToys/comments/1v50c84/comment/ozhhd7r/,04_应对方式-回避/消极应对,,,,,sentiment
倒模情感偏好,r/OnaholeToys,ozghuhp,1v50c84,Pleasant-Succotash56,Every day. I'd like to make it 2 times a day,每天都用。我想一天两次。,2026-07-24T10:23:25.000Z,https://www.reddit.com/r/OnaholeToys/comments/1v50c84/comment/ozghuhp/,03_用户需求-性满足/身体亲密,,,,,sentiment
倒模情感偏好,r/OnaholeToys,ozg1xmh,1v50c84,Gengur,"Some weeks 3-4 times, then some weeks not at all",有些星期三四次，有些星期一次都没有。,2026-07-24T08:15:13.000Z,https://www.reddit.com/r/OnaholeToys/comments/1v50c84/comment/ozg1xmh/,03_用户需求-性满足/身体亲密,,,,,sentiment
倒模情感偏好,r/OnaholeToys,ozfo8li,1v50c84,thigh_high_senpai,"I range from a couple times a day to once every couple weeks, because I often have insane sex drive",我频率从一天几次到几周一次不等，因为我经常有疯狂的性欲。,2026-07-24T06:25:32.000Z,https://www.reddit.com/r/OnaholeToys/comments/1v50c84/comment/ozfo8li/,03_用户需求-性满足/身体亲密,,,,,sentiment
倒模情感偏好,r/OnaholeToys,ozfm09k,1v50c84,IvyBevvy,"Very rarely, maybe once or twice every 6 months. I just prefer real women tbh. But when the urge does come, therse no stopping me lol",很少，大概每六个月一两次吧。说实话我更喜欢真实的女人。但当冲动来的时候，没什么能拦住我哈哈。,2026-07-24T06:08:14.000Z,https://www.reddit.com/r/OnaholeToys/comments/1v50c84/comment/ozfm09k/,02_心理状态-接纳/释然,,,,,sentiment
倒模情感偏好,r/OnaholeToys,ozfej34,1v50c84,SeaworthinessBig1949,"once a week, twice if im lucky.",一周一次，运气好两次。,2026-07-24T05:11:34.000Z,https://www.reddit.com/r/OnaholeToys/comments/1v50c84/comment/ozfej34/,03_用户需求-性满足/身体亲密,,,,,sentiment
倒模情感偏好,r/SexDolls,p1ud0b5,1vg4y6y,Freedomsdoll,yes，hhhhh😅,是的，哈哈哈😅,2026-08-05T20:28:20.000Z,https://www.reddit.com/r/SexDolls/comments/1vg4y6y/comment/p1ud0b5/,未提及,,,,,sentiment
倒模情感偏好,r/SexDolls,p1u94kz,1vg4y6y,Toychest888,first but not last lol the other girls will get jealous,第一个但不会是最后一个哈哈，其他姑娘会吃醋的,2026-08-05T19:53:38.000Z,https://www.reddit.com/r/SexDolls/comments/1vg4y6y/comment/p1u94kz/,02_心理状态-接纳/释然,,,,,sentiment
倒模情感偏好,r/SexDolls,p0c8zbl,1uyww1a,Dthrow4spice,"My desire was, and still is for compatibility, not just a girlfriend... which is hard for me when I noticed my top personal set of interests don't often match or excite the women who may have had a mutual physical attraction. Sometimes it's the other way around... or something else might end up being a dealbreaker. Also my trust levels in lasting relationships went down significantly, so since I'm not rich, I'd only go so far in the relationship trajectory whereas others would want to go farther (i.e. marriage isn't something I find appealing and I find its track record to be too low anyway). To only want monogamy, yet never plan to get married seems to be too rare of a relationship goal when looking. Chances are that way more relationship opportunities would've been on the table if I *wanted* marriage, or wasn't bothered by non-monogamous agreements, but that's not who I am. The sexual desire is still there and never went away, so the dolls help to mitigate/satisfy that in a few ways and also take any pressure off.",我的欲望一直是（现在也是）追求契合度，而不只是找个女友……这对我来说很难，因为我发现自己最看重的兴趣爱好组合常常无法匹配或吸引那些可能对我有身体吸引力的女性。有时反过来……或者别的事情成了谈不拢的点。我对长久关系的信任度也大幅下降，所以既然我不富有，在感情轨迹上我只能走那么远，而别人可能想走得更远（也就是说，婚姻对我没有吸引力，而且我觉得婚姻的成功率本来就很低）。只想一夫一妻却从不打算结婚，这个目标在寻找伴侣时太罕见了。如果我想要婚姻、或者不介意非一夫一妻的协议，可能会有多得多的感情机会摆在桌上，但那不是我。性欲还在，从未消失，所以娃娃在几个方面帮助缓解/满足它，也卸下了我的压力。,2026-07-28T20:48:35.000Z,https://www.reddit.com/r/SexDolls/comments/1uyww1a/comment/p0c8zbl/,02_心理状态-焦虑/担忧丨03_用户需求-渴望亲密/被爱丨04_应对方式-接受现状/妥协,,,,,sentiment
倒模情感偏好,r/SexDolls,oznt9u8,1uyww1a,Traditional-Sector56,"I don't believe that owning a doll takes away someone's desire to have a girlfriend or a wife. Because I already own ten butt dolls in ten different sizes, I'm able to recreate the physical aspect of an encounter with virtually ANY woman I know. All I need is a rough idea of her hip measurements. When I get home, I simply choose the doll whose proportions are closest to hers and satisfy that physical desire. That's the main advantage. They allow you to satisfy your physical urges immediately and in a very realistic way. As a result, when you actually meet that woman again, you no longer feel that overwhelming pressure or urge to take her to bed. I think that's a positive thing because, these days, most women—and people in general—are looking for a genuine emotional connection that goes beyond physical attraction. If we're unable to look beyond our sexual desire, building that kind of connection becomes much more difficult. That's the first advantage. The second advantage is that dolls allow you to explore virtually any fantasy you may have involving a celebrity, singer, influencer, or even someone you know personally, such as a friend or a coworker. If you have a doll whose body proportions are similar to the person you're fantasizing about, the experience becomes even more immersive. So, for me, those are the two biggest benefits: First, they've helped me focus much more on building an emotional connection with women instead of becoming overly excited by the possibility of a sexual relationship. Second, they provide a way to satisfy virtually any fantasy you might have.",我不认为拥有娃娃会消除找女友或妻子的欲望。因为我已经拥有十个不同尺寸的臀模，我几乎可以重现任何我认识的女性的身体特征。我只需要大概知道她的臀围。回到家，我直接选一个比例最接近她的娃娃，满足那份生理欲望。这是主要优势。它们让你能立即、非常真实地满足生理冲动。结果就是，当你真的再见到那个女人时，你不会再有那种把她带上床的压倒性压力或冲动。我觉得这是好事，因为如今大多数女性——以及大多数人——都在寻求超越身体吸引的真正情感连接。如果我们无法超越性欲，建立那种连接就会困难得多。这是第一个优势。第二个优势是，娃娃让你几乎可以探索任何幻想，包括明星、歌手、网红，甚至你认识的人，比如朋友或同事。如果你的娃娃身材比例和幻想对象相似，体验会更有沉浸感。所以对我来说，这是两大好处：第一，它们帮我更专注于和女性建立情感连接，而不是被性关系的可能性过度激发；第二，它们提供了一种满足几乎所有幻想的方式。,2026-07-25T11:04:37.000Z,https://www.reddit.com/r/SexDolls/comments/1uyww1a/comment/oznt9u8/,02_心理状态-接纳/释然丨03_用户需求-渴望亲密/被爱丨04_应对方式-自我调整/降低期待,,,,,sentiment
倒模情感偏好,r/SexDolls,oy98wn1,1uyww1a,Kitchen_Profession_9,The desire didn't go away. I am okay with not having just anyone now. The bar is pretty high now. They have to be better than a doll. No laying around while I do everything. Be interactive during intimacy. That already disqualifies a large chunk of women.,欲望并没有消失。我现在可以接受不是随便谁都行。标准现在很高。她们必须比娃娃更好。不能我干所有事而她们躺着。亲密时要互动。这已经淘汰了一大批女性。,2026-07-18T08:54:34.000Z,https://www.reddit.com/r/SexDolls/comments/1uyww1a/comment/oy98wn1/,02_心理状态-接纳/释然丨03_用户需求-渴望亲密/被爱丨04_应对方式-接受现状/妥协,,,,,sentiment
倒模情感偏好,r/SexDolls,oyatjxe,1uyww1a,RaspberryInfamous876,"Sign me up for a Robo-Ken-Doll. People who campaign against sex dolls should mind their own business and stop worrying about what adults do with their own money, in their own time, and behind their own front door. Sex dolls are literally DOLLS. There is much more important things they could dedicate their precious time to. Its like they are trying to ban sex. Since when has a man or gay woman not been interested in hot females? That will never change. A doll simply represents what they find sexually attractive. And many people use the dolls for companionship or company, photography, creative outlet and hobby. Imagine being an adult and trying to ban a doll for other adults.",算我一个，机器人娃娃（Robo-Ken-Doll）。反对性爱娃娃的人应该管好自己的事，别操心成年人在自己家、用自己的钱、在自己的时间里做什么。性爱娃娃本质上就是娃娃。他们有更重要的正事可以花时间。这就像他们想禁止性一样。什么时候男人或女同性恋不对火辣女性感兴趣了？那永远不会变。娃娃只是代表他们认为有性吸引力的东西。而且很多人用娃娃是为了陪伴、摄影、创意出口和爱好。想象一下，一个成年人试图禁止其他成年人的娃娃。,2026-07-18T15:00:19.000Z,https://www.reddit.com/r/SexDolls/comments/1uyww1a/comment/oyatjxe/,02_心理状态-愤怒/委屈丨03_用户需求-认同/正常化,,,,,sentiment
倒模情感偏好,r/SexDolls,oyaotro,1uyww1a,RaspberryInfamous876,"I seen on YouTube, there is already sex dolls with the breathing feature. Im sure there is! I was watching another YouTube video with the sex doll with AI chat feature. It was pretty slick. Personally, id want all these 'human' feature in a doll for precisely what you were talking about - the companion element. I am not sure if id want these features so much in a sex doll, for me anyway. But definitely in a doll who id treat more as a housemate or friend, even family. These dolls must be good for the people who NEED them. People suffering with loneliness and for whatever reasons cannot get these needs fulfilled in other ways. I enjoyed reading what you wrote about the studies and sleeping beside someone. Interesting for sure.","我在 YouTube 上看到已经有带呼吸功能的性爱娃娃了，肯定有！我还看了一个带 AI 聊天功能的性爱娃娃视频，相当不错。就我个人而言，我想要所有这些""人类""功能，正是为了你提到的陪伴元素。我不太确定自己是否想要这些功能用在性爱娃娃上。但肯定想要一个我当作室友或朋友、甚至家人的娃娃。这些娃娃对真正 NEED 它们的人来说一定很好。那些受孤独折磨、因为各种原因无法以其他方式满足这些需求的人。我喜欢你写的关于研究和睡在某人旁边的部分，确实很有意思。",2026-07-18T14:37:13.000Z,https://www.reddit.com/r/SexDolls/comments/1uyww1a/comment/oyaotro/,02_心理状态-孤独/不被理解丨03_用户需求-渴望亲密/被爱,,,,,sentiment
倒模情感偏好,r/SexDolls,of5r1pt,1sgapd2,DanceElectronic9315,"I'm 63 years old and a widower since october 2020. After my wife died I couldn't sleep in our bed anymore and I've slept downstairs for almost 5 years in my living room chair. We were together for almost 36 years. A friend of mine was in a simular situation after his son killed himself and he went to therapy. During these sessions he found out that the purchase of a sleeping partner could be a solution. So he bought a sex doll, bought some cheap underwear and pyjamas and within a few days he was able to sleep in his bed again and sleep normal hours. He told me about this and after a few weeks searching the internet I've bougt a doll. She's with me since november 2025 and although I've questioned my sanity a few times since then I'm sleeping in my bed again and I'm sleeping good. Just holding her hand, spooning or her touching me is enough for me to relax and sleep. Although I must admit a few drinks and smoke some pot helpt also. I also use her as a companion downstairs. Put on some nice clothes and watch tv together or just have her sit in a chair or on the couch and look at her and enjoy her company. Sometimes I take pictures of her. So, yes, a doll can replace a wife.","我 63 岁，从 2020 年 10 月起就是鳏夫。妻子去世后我再也无法睡在我们的床上，我在楼下客厅的椅子上睡了将近 5 年。我们在一起将近 36 年。我一个朋友也有类似处境，他儿子自杀后他去接受了心理治疗。在治疗中他发现买一个""睡眠伴侣""可能是解决办法。于是他买了一个性爱娃娃、便宜内衣和睡衣，几天之内他就能重新睡回床上、恢复正常睡眠。他把这告诉我，我在网上搜索了几周后买了一个娃娃。她从 2025 年 11 月起陪着我，虽然这期间我几次质疑过自己的理智，但我现在又睡回床上了，而且睡得很好。只是握着她的手、抱着她或者她碰触我，就足以让我放松入睡。虽然我必须承认喝几杯酒、抽点大麻也有帮助。我也把她当作楼下的伴侣。给她穿好衣服一起看电视，或者让她坐在椅子上、沙发上，看着她、享受她的陪伴。有时我会给她拍照。所以，是的，娃娃可以替代妻子。",2026-04-09T10:00:20.000Z,https://www.reddit.com/r/SexDolls/comments/1sgapd2/comment/of5r1pt/,"01_关系状态-伴侣健康/生理问题丨02_心理状态-孤独/不被理解,02_心理状态-羞耻/愧疚丨03_用户需求-渴望亲密/被爱丨04_应对方式-接受现状/妥协",,,,,sentiment
倒模情感偏好,r/SexDolls,of5nfp1,1sgapd2,kitnutkettles,I'm 62. My wife was murdered by a drunk driver 10-01-2023. I promised her I would never love another. Jenny-Baby is her replacement. I have adapted. I'm determined to make it work. So far... so good.,我 62 岁。我的妻子在 2023 年 10 月 1 日被一名酒驾司机撞死。我向她承诺过永远不会再爱别人。Jenny-Baby 就是她的替代。我已经适应了，我下定决心要让这段关系成功。到目前为止……还不错。,2026-04-09T09:29:11.000Z,https://www.reddit.com/r/SexDolls/comments/1sgapd2/comment/of5nfp1/,01_关系状态-伴侣健康/生理问题丨02_心理状态-孤独/不被理解丨03_用户需求-渴望亲密/被爱丨04_应对方式-接受现状/妥协,,,,,sentiment
倒模情感偏好,r/SexDolls,of65eor,1sgapd2,apache2488,Same reason why I have a doll. Except the wife and I sleep together every night but sex is maybe once a week. So the doll to the rescue before I go back to my cheating ways,我拥有娃娃也是出于同样的原因。只是妻子和我每晚都一起睡，但性生活大概每周一次。所以娃娃来救场，免得我重蹈出轨的覆辙。,2026-04-09T11:44:18.000Z,https://www.reddit.com/r/SexDolls/comments/1sgapd2/comment/of65eor/,01_关系状态-性需求不匹配丨04_应对方式-自我调整/降低期待,,,,,sentiment
倒模情感偏好,r/SexDolls,of6u3iw,1sgapd2,ocelotrevolverco,"For me, the sleep aid and hugs cuddles in bed is by far the best part of owning one",对我来说，助眠和在床上拥抱依偎是拥有娃娃最棒的部分。,2026-04-09T13:57:06.000Z,https://www.reddit.com/r/SexDolls/comments/1sgapd2/comment/of6u3iw/,03_用户需求-渴望亲密/被爱,,,,,sentiment
倒模情感偏好,r/SexDolls,of62wb0,1sgapd2,LimitProfessional979,"I appreciate everyone's comments so much , I might let my wife read this thread if she will. Might even wake her up I'm not rushing it , going to shop around i like the thought of a smaller ratio woman with less weight but the stigma around that has me worried , it's a shame . I truly appreciate all of u taking the time to answer",我非常感谢大家的评论，如果她愿意的话，我可能会让妻子读这个帖子。也许还会叫醒她一起看。我不着急，准备货比三家。我喜欢小巧比例、重量更轻的女性，但周围对这种事的污名让我有点担心，真遗憾。真心感谢所有花时间回答的人。,2026-04-09T11:28:13.000Z,https://www.reddit.com/r/SexDolls/comments/1sgapd2/comment/of62wb0/,02_心理状态-焦虑/担忧丨03_用户需求-渴望亲密/被爱丨04_应对方式-主动沟通,,,,,sentiment
倒模情感偏好,r/SexDolls,of7bfwg,1sgapd2,Livid-Measurement854,"My suggestion is to get a good quality tpe doll and dress her in a bodystocking. This makes the doll feel exactly like a real body, and it will be good for a sleeping partner. You will be amazed at how good the sex feels.",我的建议是买一个质量好的 TPE 娃娃，给她穿一件连体衣。这会让娃娃摸起来完全像真人的身体，很适合做睡眠伴侣。你会惊讶于性爱的感觉有多好。,2026-04-09T15:15:41.000Z,https://www.reddit.com/r/SexDolls/comments/1sgapd2/comment/of7bfwg/,未提及,,,,,sentiment
倒模情感偏好,r/SexDolls,nzf34hi,1qbn7pa,idahoflatlands,"After my 1st simple (cheap-$680) therapy doll that worked so well for me, I splurged $1,700 and went for a super deluxe custom 171cm, 5'8"", 96 pound, 41-24-34, YL Doll, Taylor. Although the doll you get in hand is always different than the photo-shopped enhanced sales pictures (that gave me such a lustful fantasy boner-stiffy). Surprisingly, it turns out, that my Drop-dead knockout gorgeous beautiful Taylor, looks and feels almost exactly perfectly like my 1st wife did and looked in our 1st 7 years together, of our 19 years total of marriage and 3 kids!!! (divorced in 1995)","在我第一个简单的（便宜的 680 美元）""治疗""娃娃对我非常有效之后，我挥霍了 1700 美元，买了一个超级豪华定制款：171cm、5'8""、96 磅、41-24-34 的 YL Doll，Taylor。虽然到手的娃娃总是和精修过的销售图不一样（那些图给了我欲火焚身的幻想硬邦邦）。但令人惊讶的是，我这个美得让人昏倒的 Taylor，看起来和摸起来几乎完全像我第一任妻子在我们婚姻头 7 年的样子，我们总共 19 年的婚姻、3 个孩子！！（1995 年离婚）",2026-01-13T20:49:58.000Z,https://www.reddit.com/r/SexDolls/comments/1qbn7pa/comment/nzf34hi/,02_心理状态-孤独/不被理解丨03_用户需求-渴望亲密/被爱丨04_应对方式-接受现状/妥协,,,,,sentiment
倒模情感偏好,r/SexDolls,nzci776,1qbn7pa,SissyDollCynthia,"I mean, a regular doll is pretty fun. And since you enjoy cosplays and all from your post: You can basically rolepay every sexual fantasy you ever had with it, whenever you want, however you want. But don't underestimate the emotional aspect of always seeing your ex-wifes face in her. One could like it, having the feeling of similar presence close again. But others could also hate it, being constantly reminded of what once was. Unsure how you and your ex wife are in terms of standing atm, but consider it in your decision. A regular doll can be fine just as well.",我是说，普通娃娃就挺好玩的。既然你从帖子里看也喜欢 cosplay：你基本上可以用它随时、以任何你想要的方式扮演每一个性幻想。但别低估总是看到前妻的脸所带来情绪层面。有人可能会喜欢，有一种相似的存在重新靠近的感觉。但也有人会讨厌，不断被提醒曾经拥有过什么。不确定你和前妻现在关系如何，但做决定时考虑一下。普通娃娃也完全可以。,2026-01-13T13:16:58.000Z,https://www.reddit.com/r/SexDolls/comments/1qbn7pa/comment/nzci776/,03_用户需求-渴望亲密/被爱,,,,,sentiment
倒模情感偏好,r/SexDolls,nzd5q8z,1qbn7pa,Livid-Measurement854,Great! I think it is super unethical to make a doll of someone without their consent. Find a doll that is different from her but still excites you to get her out of your system.,太好了！我觉得未经某人同意就制作她的娃娃非常不道德。找一个和她不同但仍然让你兴奋的娃娃，把她从你的系统里排出去。,2026-01-13T15:21:04.000Z,https://www.reddit.com/r/SexDolls/comments/1qbn7pa/comment/nzd5q8z/,04_应对方式-自我调整/降低期待,,,,,sentiment
倒模情感偏好,r/SexDolls,nzfwdus,1qbn7pa,TheKrempist,This is correct. Just get a doll you think is hot. Then dress her in your ex-wife's clothes and wig. Close enough. No need to go psycho mode and overspend for an exact replica when you can just get close enough using your own personal creativity and not feel bad about it.,说得对。就买一个你觉得辣的娃娃，然后给她穿上你前妻的衣服、戴上假发。差不多就行了。没必要发疯砸钱做一个精确复制品，用你自己的创造力就能接近，还不会为此内疚。,2026-01-13T23:10:15.000Z,https://www.reddit.com/r/SexDolls/comments/1qbn7pa/comment/nzfwdus/,04_应对方式-自我调整/降低期待,,,,,sentiment
倒模情感偏好,r/SexDolls,o2f9l9n,1qbn7pa,exultantunderwear68,"You might cringe at the thought now, but the important part is that you didn't act on it. Regret avoided is still growth. If December is consistently rough, it might be worth planning distractions or support ahead of time so you're not alone with spiraling thoughts.",你现在可能一想起这个想法就尴尬，但重要的是你没有付诸行动。避免后悔仍然是成长。如果 12 月一直很难熬，也许值得提前计划一些分散注意力的事或寻求支持，这样你就不会独自陷入盘旋的思绪。,2026-01-29T15:18:57.000Z,https://www.reddit.com/r/SexDolls/comments/1qbn7pa/comment/o2f9l9n/,03_用户需求-渴望被理解/倾听丨04_应对方式-自我调整/降低期待,,,,,sentiment
倒模情感偏好,r/OnaholeToys,h99l5dj,p5grm7,ItsNotOkToHit,Thanks Mike! It is indeed! The original suggestion we talked through briefly and it was definitely helped by a couple (Obokozu on PH) who have some joint review videos using them as an addition (rather than subtraction) and now she's excited to try them. Top Left: Fellamatio Black (Otona Exclusive) Bottom Left: Super Hard and Tight Athletics Girl Top Right: My Private Slave Erotic Maid Bottom Right: Sujiman Kupa Lolinco Virgo,"谢谢 Mike！确实如此！最初的建议我们简单聊过，一对夫妻（PH 上的 Obokozu）帮了大忙，他们有一些一起评测的视频，把这些当作""加法""而不是""减法""来用，现在我妻子很兴奋地想试试它们。左上：Fellamatio Black（Otona 限定）左下：Super Hard and Tight Athletics Girl 右上：My Private Slave Erotic Maid 右下：Sujiman Kupa Lolinco Virgo",2021-08-17T08:21:39.000Z,https://www.reddit.com/r/OnaholeToys/comments/p5grm7/comment/h99l5dj/,02_心理状态-希望/乐观丨03_用户需求-性满足/身体亲密丨04_应对方式-主动沟通,,,,,sentiment
倒模情感偏好,r/OnaholeToys,h9ejw81,p5grm7,ItsNotOkToHit,Thanks man. Actually my wife loves learning languages as a hobby and she's been having fun trying to translate the boxes and certificate herself :),谢啦兄弟。其实我妻子喜欢学语言当爱好，她一直很开心地自己翻译盒子上的字和证书 :),2021-08-18T12:54:32.000Z,https://www.reddit.com/r/OnaholeToys/comments/p5grm7/comment/h9ejw81/,02_心理状态-希望/乐观,,,,,sentiment
倒模情感偏好,r/OnaholeToys,h99g62h,p5grm7,Mike_in_CO,"It's nice to have a spouse that you do not have to hide your sex toys from. :-) So I have to ask, what are they? I'm not that great at identifying boxes.",有个不用把性玩具藏起来的配偶真好 :-) 所以我想问问，它们都是什么？我不太会认盒子。,2021-08-17T07:14:19.000Z,https://www.reddit.com/r/OnaholeToys/comments/p5grm7/comment/h99g62h/,02_心理状态-接纳/释然丨03_用户需求-认同/正常化,,,,,sentiment
倒模情感偏好,r/OnaholeToys,h981itp,p5grm7,NoxBrutalis,"Now that's a keeper, she doesn't just care for one, but all four of your cocks! :P",这才是宝藏，她不只照顾一个，而是照顾你全部四个老二！:P,2021-08-16T23:33:22.000Z,https://www.reddit.com/r/OnaholeToys/comments/p5grm7/comment/h981itp/,02_心理状态-希望/乐观,,,,,sentiment
倒模情感偏好,r/SexDolls,ntzoi38,1pm8nty,Ghostbuster1220,"Before me and my lady got back together, I was in an off and on situationship with someone who didn't do the affection thing for nearly 13 years. So when the permanent off happened, I felt lonely and really ready to give up on dating. Getting a doll helped me sleep better as well as offering some form of physical touch that I lacked but needed. Its helped me hold out for my human in a way.",在和我的女人复合之前，我和一个不做亲昵的人断断续续了将近 13 年。所以当彻底分开发生时，我感到孤独，真的准备放弃约会。买个娃娃帮我睡得更好了，也提供了我缺乏但需要的某种身体接触。某种程度上它帮我坚持等我的真命天女。,2025-12-14T15:26:47.000Z,https://www.reddit.com/r/SexDolls/comments/1pm8nty/comment/ntzoi38/,"02_心理状态-孤独/不被理解丨03_用户需求-渴望亲密/被爱,03_用户需求-性满足/身体亲密丨04_应对方式-接受现状/妥协",,,,,sentiment
倒模情感偏好,r/SexDolls,ntys3z7,1pm8nty,bronzelifematter,"I think it's a good thing. Some people really have no hope with another human. Some people are neurodivergent and depending on how severe it is, it can be straight up hopeless. Having another option to stop them from feeling lonely even if not fully would help make them a bit more happy",我觉得这是好事。有些人真的对另一个人毫无希望。有些人是神经多样性，取决于严重程度，可能真的无望。有另一个选择让他们不感到孤独，即使不能完全，也会让他们更快乐一点。,2025-12-14T11:47:15.000Z,https://www.reddit.com/r/SexDolls/comments/1pm8nty/comment/ntys3z7/,02_心理状态-孤独/不被理解丨03_用户需求-认同/正常化,,,,,sentiment
倒模情感偏好,r/SexDolls,ntyqkn8,1pm8nty,Zkn_01,"I've been disappointed enough by people that I don't miss them at all. I don't have a doll yet, but with my strong imagination and ease of immersion, plus all the awareness of the harsh reality that only tends to worsen and that I've been accumulating over the years, it will certainly be a blessing for me to have a doll than a person who will only bring me more pain and problems. People are more untrustworthy today than ever before in all of human history, and the trend is for it to get much worse.",我被人们失望透了，一点都不想他们。我还没有娃娃，但凭我的想象力和沉浸能力，加上这些年来积累的残酷现实认知，有个娃娃而不是一个只会带给我更多痛苦和问题的人，对我来说绝对是种福气。今天的人比人类历史上任何时候都更不可信，而且趋势是变得更糟。,2025-12-14T11:33:00.000Z,https://www.reddit.com/r/SexDolls/comments/1pm8nty/comment/ntyqkn8/,"02_心理状态-失望/沮丧,02_心理状态-孤独/不被理解丨04_应对方式-回避/消极应对",,,,,sentiment
倒模情感偏好,r/SexDolls,ntylxad,1pm8nty,John_Icarus,"The way I see it, a doll (or AI) can help make loneliness less lonely and let people be more comfortable alone. In a few cases, for very low-social need people, it may even be enough to get by indefinitely. But it doesn't replace humans. Human contact, empathy, and connections aren't something you can replace that easily.",在我看来，娃娃（或 AI）可以让孤独不那么孤独，让人们更舒服地独处。在少数情况下，对社交需求很低的人来说，它甚至可能足够长期维持。但它不会取代人类。人际接触、共情和连接不是那么容易替代的。,2025-12-14T10:48:41.000Z,https://www.reddit.com/r/SexDolls/comments/1pm8nty/comment/ntylxad/,02_心理状态-孤独/不被理解,,,,,sentiment
倒模情感偏好,r/SexDolls,ntycfk0,1pm8nty,Lovedoll_Senpai,"As a vendor, I can tell you that I've had some clients that have been helped substantially with their doll companion. One example is the late 70's widower that bought a doll just so he could have someone to hold hands with while he was watching shows. His sister even helped him find outfits that would fit on the doll. It was really the sweetest thing ever. We even helped him get on discord so he could talk with other doll owners.",作为卖家，我可以告诉你，我有一些客户被他们的娃娃陪伴大大帮助。一个例子是快 80 岁的鳏夫，买娃娃只是为了看电视时有人可以牵手。他姐姐甚至帮他找适合娃娃的衣服。那真是最暖心的事。我们甚至帮他上 discord 和其他娃娃主人交流。,2025-12-14T09:15:11.000Z,https://www.reddit.com/r/SexDolls/comments/1pm8nty/comment/ntycfk0/,01_关系状态-伴侣健康/生理问题丨02_心理状态-孤独/不被理解丨03_用户需求-渴望亲密/被爱,,,,,sentiment
倒模情感偏好,r/SexDolls,nty8gw2,1pm8nty,demonladyghirahim,"Artificial companionship will work well enough for some folks, especially when you have external factors that quite literally just make human companionship difficult. I'm gray aroace (aka I scarcely feel romantic or sexual attraction towards others) and extremely neurodivergent which makes things difficult. But for many people a doll or AI or whatever else will never be able to replace a person, and having to 'compensate' can amplify those feelings. Regardless, we still need to address the systemic factors contributing towards loneliness. Lack of third spaces, lack of disposal income for having fun (or no free time because you're working multiple jobs), social media actively making people more hostile and divided, etc.","人造陪伴对某些人来说够用，尤其是当外部因素实实在在地让人类陪伴变得困难时。我是灰性浪漫无性恋（几乎感受不到对他人的浪漫或性吸引）并且极度神经多样性，这让事情变得困难。但对很多人来说，娃娃或 AI 或其他什么永远无法替代一个人，不得不""补偿""会放大那些感受。不管怎样，我们仍然需要解决导致孤独的系统性因素：缺乏第三空间、缺乏娱乐的闲钱（或者因为打多份工而没有空闲时间）、社交媒体积极让人们更敌对更分裂等等。",2025-12-14T08:35:29.000Z,https://www.reddit.com/r/SexDolls/comments/1pm8nty/comment/nty8gw2/,02_心理状态-孤独/不被理解,,,,,sentiment
倒模情感偏好,r/SexDolls,nty5xtl,1pm8nty,Hot_Influence_8437,"My very 1st doll woman I got for my own self-therapy, early January of 2021. It/she worked soo well for therapy, and as a bonus, I became stone-cold sober and drug-free on May 1st, 2021, I was 64. Look at my posts to see my subsequent and current harem of 3 drop-dead perfect TENS, that keep me sane and calm.",我的第一个娃娃是 2021 年 1 月初买来做自我治疗的。它/她治疗效果好极了，而且作为额外收获，我在 2021 年 5 月 1 日变得滴酒不沾、无药物依赖，那时我 64 岁。看我帖子可以看到我后来的后宫：3 个美得无可挑剔的尤物，让我保持理智和平静。,2025-12-14T08:10:06.000Z,https://www.reddit.com/r/SexDolls/comments/1pm8nty/comment/nty5xtl/,"02_心理状态-接纳/释然丨03_用户需求-自我成长/认知,03_用户需求-渴望亲密/被爱丨04_应对方式-学习知识/自我成长",,,,,sentiment
倒模情感偏好,r/Onaholes,ex432br,cre33n,ochinchin42069,"So stoked to try it out, I've been waiting for like a week!",超兴奋地想试试，我已经等了一周了！,2019-08-17T12:33:23.000Z,https://www.reddit.com/r/Onaholes/comments/cre33n/comment/ex432br/,02_心理状态-希望/乐观,,,,,sentiment
倒模情感偏好,r/SexDolls,omq9pb9,1th84f5,Hot_Influence_8437,"Actually, now that I'm 70, these 3 perfect 10's are the reason that I finally gave up on finding a real live lady friend/lover/mate/spouse, you know, with all the ""complications"" baggage/ball-n-chain/emotional stress/expense that the opposite sex gives off when you try to live with them. Where as these drop-dead gorgeous beautiful perfect statuesque therapeutic replacements love me unconditionally always and forever, no matter if I'm lazy, fat, ugly, stupid, mad, happy, foul-mouthed, if I stink, b.o., bad breath, un-shaven porcupine face, If I last 5 seconds (minute-man), or if I go 50 minutes!!! YEE-HAW, what a ride!!","其实，现在我已经 70 岁了，这 3 个完美的 10 分尤物正是我最终放弃寻找真人女伴/爱人/伴侣/配偶的原因，你知道的，就是异性在同居时带来的那些""复杂""负担：行李/拴链球/情绪压力/开销。而这些美得无可挑剔、完美如雕像的治疗替代品无条件永远爱我，无论我是懒、胖、丑、蠢、生气、开心、满口脏话，还是浑身臭、体味、口臭、胡子拉碴的刺猬脸，无论我只能坚持 5 秒（快枪手），还是能干 50 分钟！！！YEE-HAW，真是一趟旅程！！",2026-05-19T19:30:43.000Z,https://www.reddit.com/r/SexDolls/comments/1th84f5/comment/omq9pb9/,"01_关系状态-冷淡疏离丨02_心理状态-接纳/释然丨03_用户需求-认同/正常化,03_用户需求-渴望亲密/被爱丨04_应对方式-接受现状/妥协",,,,,sentiment
倒模情感偏好,r/SexDolls,omq5rue,1th84f5,Hot_Influence_8437,"Going back to late December of 2020, I was 64, that's when I bought my 1st life-like mannequin/model/sex doll, as for my own self-therapy. Carmen was a totally stock plain-Jane beginner level type with solid breasts, $680. (it) She worked beyond expectations as my ""cure"". Liking this new experience, my next #2 doll woman, Taylor, as you see her here, and $1,700, deluxe supreme customized with those fabulous big boobs, and choosing ""hollow"", I'm wanting the most realism. Fast forward when I decided to have myself a ""harem"", and loving big boobs, Lisa's O-cup, and, Gabrielle's K-cup, they both have 'hollow' boobs. But, they're soooo large/long/papaya shaped, they're still thick ""heavy-handfuls""!! Now, technology's-a-changing and 'boobs' are even more realistic than the past.","回到 2020 年 12 月底，那时我 64 岁，我买了第一个仿真人台/模特/性爱娃娃，用来做自我治疗。Carmen 是 680 美元的全普通新手款，实心胸。她作为我的""解药""效果超出预期。喜欢上这种新体验，我的第二个娃娃 Taylor 就是你现在看到的这个，1700 美元的豪华定制款，配了那对绝妙的大胸，选了""中空""以求最真实。后来我决定给自己组个""后宫""，我爱大胸，Lisa 是 O 杯，Gabrielle 是 K 杯，她们都是中空胸。但她们实在太大了/太长了/木瓜形，依然是厚实""一手难握""！！现在技术一直在变，""胸""比过去更真实了。",2026-05-19T19:12:58.000Z,https://www.reddit.com/r/SexDolls/comments/1th84f5/comment/omq5rue/,02_心理状态-接纳/释然丨03_用户需求-自我成长/认知丨04_应对方式-学习知识/自我成长,,,,,sentiment
倒模情感偏好,r/SexDolls,mu78rsb,1kucm4u,ocelotrevolverco,"I can't speak for virginity as I lost that long before a doll. But tbh at this point my most meaningful relationship in healing from a lot of trauma and mental health disorders has been with a doll. She stays when I don't know how to stay with myself. She has been a comforting presence and meaningful connection while I work on myself. Instead of chasing companionship and validation from other people I have something at home waiting for me unconditionally no matter how good or bad I'm doing. I definitely don't feel very lonely with her. I don't feel like I'm chasing relationships anymore. It's helped me in navigating and healing from sexual trauma as well. But she's about way more than sex. She's been a creative outlet for me in art, photography, and writing. Not to mention just a great cuddle buddy for sleeping better. BUT... You have to think about what you really want in the long run. Dolls can be so many different things for different people. You may find she helps with your situation. You may find she's not enough and what you're really craving comes from human connection. I'd just really think about it for a while is all. That particular doll is gonna be heavy, awkward, and expensive. You don't wanna invest in that and find out it's really nothing more than a bandage on a wound instead of a satisfying way to heal it. Best to you on your journey",处男身份我没法谈，因为我早在娃娃之前就失去了。但说实话，到目前为止，我人生中最有意义的一段、帮助我治愈大量创伤和心理疾病的关系，是和娃娃的。当我不知道怎么和自己相处时，她留下来了。她是一个安慰的存在、一个有意义的连接，而我在努力修复自己。我不再追逐别人的陪伴和认可，因为家里有什么在无条件等我，无论我做得好坏。有她在，我绝对不觉得孤独。我不再觉得自己在追逐关系。她还帮我在处理和治愈性创伤。但她远不止是性。她是我艺术、摄影、写作的创意出口。更别提她还是很好的抱抱伙伴，让我睡得更好。但是……你得想清楚长期你真正想要什么。娃娃对不同的人可以是很多不同的东西。你可能会发现她帮到了你，也可能发现她不够，你真正渴望的是人类的连接。我只是觉得你真该好好想一想。那个娃娃会很重、很难搞、很贵。你不想投入之后发现它不过是伤口上的创可贴，而不是令人满意的愈合方式。祝你在旅程中一切顺利,2025-05-25T17:08:33.000Z,https://www.reddit.com/r/SexDolls/comments/1kucm4u/comment/mu78rsb/,"01_关系状态-冷淡疏离丨02_心理状态-孤独/不被理解,02_心理状态-接纳/释然丨03_用户需求-渴望亲密/被爱,03_用户需求-自我成长/认知丨04_应对方式-学习知识/自我成长",,,,,sentiment
倒模情感偏好,r/SexDolls,mub21n7,1kucm4u,facebrocolis,"Since you said you're into anime, here's what: you will be able to dress your doll the way you want and then fuck her the way you like, without judgement. A doll will save you from a lot of anxiety.",既然你说你喜欢动漫，那么：你可以按你想要的方式给娃娃打扮，然后按你喜欢的方式操她，没有人评判。娃娃会帮你摆脱很多焦虑。,2025-05-26T07:38:43.000Z,https://www.reddit.com/r/SexDolls/comments/1kucm4u/comment/mub21n7/,"02_心理状态-焦虑/担忧丨03_用户需求-认同/正常化,03_用户需求-性满足/身体亲密",,,,,sentiment
倒模情感偏好,r/SexDolls,mua8xtg,1kucm4u,Sooner_crafter,I will say mine are a sexual & artistic outlet! I enjoy having supermodels I can fuck whenever I want. I still go out & meet people. when you are not pressed for sex you really start to focus on the personality & that makes relationships that much more richer.,我会说我的娃娃是性和艺术的出口！我喜欢随时能操超模。我照样出门见人。当你不急于要性的时候，你真的开始关注个性，这让关系更丰富。,2025-05-26T03:31:48.000Z,https://www.reddit.com/r/SexDolls/comments/1kucm4u/comment/mua8xtg/,02_心理状态-接纳/释然丨04_应对方式-自我调整/降低期待,,,,,sentiment
倒模情感偏好,r/SexDolls,mu5zulz,1kucm4u,Son_of_the_Phantom,Idk I love my dolls more than people. It's different for me,不知道，我爱我的娃娃胜过爱人类。对我来说不一样。,2025-05-25T13:11:48.000Z,https://www.reddit.com/r/SexDolls/comments/1kucm4u/comment/mu5zulz/,02_心理状态-孤独/不被理解丨03_用户需求-渴望亲密/被爱,,,,,sentiment
倒模情感偏好,r/SexDolls,mu6jm5e,1kucm4u,Fearless_Highway_271,"It's a coping mechanism tbh, I don't own a full body, just a headless torso that I combine with visual content via my tv or VR headset. But u don't get that real connection. Sorry this ain't the news u wanted brother. Maybe u could build a connection with a sex doll but I doubt it. The dating market is tuff but I hope u can't find a real girl.",说实话这是种应对机制。我没有全身娃娃，只有一个无头躯干，配合电视或 VR 头显的视觉内容用。但你得不到那种真正的连接。抱歉这不是你想听的兄弟。也许你能和娃娃建立连接，但我怀疑。约会市场很艰难，但我希望你能找到真女孩。,2025-05-25T15:02:04.000Z,https://www.reddit.com/r/SexDolls/comments/1kucm4u/comment/mu6jm5e/,02_心理状态-孤独/不被理解丨04_应对方式-接受现状/妥协,,,,,sentiment
倒模情感偏好,r/SexDolls,mug7so4,1kucm4u,Dollseeker,"No, you'll still be lonely and still be a virgin. This doll is not a person or companion, its a tool to masturbate. It's a good distraction but eventually you will be bored and still lonely.",不，你仍然会孤独，仍然会是处男。这个娃娃不是人或伴侣，它是自慰的工具。是个不错的消遣，但最终你会无聊，仍然孤独。,2025-05-27T02:33:26.000Z,https://www.reddit.com/r/SexDolls/comments/1kucm4u/comment/mug7so4/,02_心理状态-孤独/不被理解丨03_用户需求-渴望亲密/被爱,,,,,sentiment
倒模情感偏好,r/SexDolls,mu5arx4,1kucm4u,Substantial_Video560,If I were you I would certainly consider getting a sex doll. It would help with your loneliness and would provide good touch therapy.,如果我是你，我肯定会考虑买个性爱娃娃。它会帮助你的孤独，并提供很好的触摸治疗。,2025-05-25T09:47:23.000Z,https://www.reddit.com/r/SexDolls/comments/1kucm4u/comment/mu5arx4/,02_心理状态-孤独/不被理解丨03_用户需求-渴望亲密/被爱,,,,,sentiment
倒模情感偏好,r/SexDolls,nlxvhl8,1ohzdmt,EEKman,"For me, it wasn't about ""giving up"" on dating — it was more about being honest with myself about what stage of life I'm in. I take care of my aging parent who's battling cancer, and honestly, my energy is limited. Bringing someone new into that mix would just complicate everything — emotionally, financially, and logistically. I've also noticed I can be pretty impulsive when I'm lonely. I'll make emotional decisions that usually come back to bite me — dating people who aren't right for me, spending money I shouldn't, chasing attention. Getting a doll was a way to redirect that energy into something safe and stable instead of self-destructive. Now, I'm not gonna hype dolls up like they're some magic cure-all for loneliness or stress — they're not antidepressants with silicone skin. You've gotta be self-aware enough to know what you're getting out of it and whether it's helping or hurting. For me, it's been a positive thing. It gives me comfort, keeps me calm, and lets me enjoy affection without all the emotional chaos that used to drain me. I'm actually happier now — not because I ""replaced"" human connection, but because I stopped chasing it in the wrong ways. The doll just fits my life right now, no drama, no games, no guilt. If anyone's considering it — go for it, but do it for the right reasons. It's a tool, not a miracle. Used right, though, it can seriously help bring some balance back into your life.","对我来说这不是""放弃""约会——更多是诚实面对自己处于人生的哪个阶段。我在照顾患癌的年迈父母，说实话精力有限。把新人带进这个组合只会让一切复杂化——情绪上、财务上、后勤上。我还发现自己在孤独时会很冲动，会做情绪化的决定，最后通常反咬一口——和不对的人约会、花不该花的钱、追逐关注。买娃娃是把那股能量引向安全稳定的东西，而不是自我毁灭。我不会把娃娃吹成解决孤独或压力的神奇万能药——它们不是裹着硅胶皮的抗抑郁药。你得有足够的自我意识，知道自己从它那里得到什么，是帮还是害。对我来说，这是积极的事。它给我安慰，让我平静，让我享受亲密而不附带曾经消耗我的情绪混乱。我现在真的更快乐——不是因为""替代""了人类连接，而是因为我停止了错误地追逐它。娃娃只是适合我目前的生活，没有戏剧、没有游戏、没有内疚。如果有人考虑买——去吧，但为了正确的理由。它是工具，不是奇迹。用对了，它真的能帮你把一些平衡带回生活。",2025-10-29T02:16:33.000Z,https://www.reddit.com/r/SexDolls/comments/1ohzdmt/comment/nlxvhl8/,"01_关系状态-冷淡疏离丨02_心理状态-焦虑/担忧,02_心理状态-孤独/不被理解丨03_用户需求-渴望亲密/被爱丨04_应对方式-接受现状/妥协",,,,,sentiment
倒模情感偏好,r/SexDolls,nly0a76,1ohzdmt,Dollseeker,"Less lonely no. Happier yes and no. Stress reliever, yes. Its good for a quick release and it can aid in reducing the need for porn. But its basically expensive masturbation to remove frustration. Its better than jerkin it, and you get a quick mini work out pump, so its good for practicing lasting longer and stamina. BUT you will still be lonely, and you will realize that it doesn't fill whatever hole you wanted to fill. You can fill the dolls holes however ! You should still attempt to reach out to women. Find a hobby that men and women enjoy, learn it and a foster community. You will make a lot of friends and feel less lonely, but aim to make friends with both men and women. We're all the same at the end of the day. We're human, just find people that are your kind of human.",更不孤独？不。更快乐？又开心又不开心。减压？是。它适合快速释放，也能减少对 porn 的需求。但本质上就是花钱买的自慰来消除挫败感。比打飞机好，还能得到快速的迷你锻炼泵感，适合练习持久和耐力。但你仍然会孤独，你会意识到它填不了你想填的那个洞。不过你可以填娃娃的洞！你还是应该尝试接触女性。找个男女都喜欢的爱好，学起来，培养一个社群。你会交到很多朋友，感觉不那么孤独，但目标是交男女都有的朋友。归根结底我们都是一样的。我们是人，只是找到和你同类的人。,2025-10-29T02:44:41.000Z,https://www.reddit.com/r/SexDolls/comments/1ohzdmt/comment/nly0a76/,02_心理状态-孤独/不被理解丨04_应对方式-接受现状/妥协,,,,,sentiment
倒模情感偏好,r/SexDolls,nmlsipa,1ohzdmt,mkechar,"I mean it kind of depends on who you ask. I never had issues with dating. I'm not one of those guys that complained saying ""I spent so much money on women/datings is too hard etc"". For my, sex dolls are just another aspect of the sexual relationship with myself. We all have 2 sexual relationships… the one we have between us and other people, and the one we have that is solely within us. I've had interest in all sorts of masturbators, sleeves, dolls etc. I also like inflatables, balloons, etc, which is probably even more uncommon than dolls, but it's never been an emotional kind of thing. Just different ways of enjoying my own body","这要看问谁。我约会从来没遇到过问题。我不是那种抱怨""我在女人身上花了好多钱/约会太难""的人。对我来说，性爱娃娃只是我与自己性关系的另一个方面。我们都有两段性关系：我们与他人之间的那段，和纯粹属于我们自己的那段。我对各种自慰器、套筒、娃娃都感兴趣。我也喜欢充气娃娃、气球之类，这可能比娃娃更小众，但这从来不是情绪化的事。只是享受自己身体的不同方式。",2025-11-01T22:07:27.000Z,https://www.reddit.com/r/SexDolls/comments/1ohzdmt/comment/nmlsipa/,02_心理状态-接纳/释然丨04_应对方式-自我调整/降低期待,,,,,sentiment
倒模情感偏好,r/SexDolls,nlygyra,1ohzdmt,Hot_Influence_8437,"I replied to the original OP with my abbreviated story, Then unusual-option replied to me. Then you jumped in and replied to unusual-option's reply, and me, with some bonding agent, and that curled my nose up at you, and that's why I hollered back at you. Now, my 1st wife of 19 years and 3 kids, my youngest is now 35, #1, back in her heyday, she was a buxom dishwater blond haired blue eyed babe-lishous fox with 38D knockers, 38-24-34, 5'7"" tall, and 124 pounds. So, now, go waaay forward in time to 4+ years ago, when I decided to totally abandon the dating scene, and I bought my 1st super deluxe custom sex doll, Taylor, that just so happened to look almost exactly like my busty 1st wife. Holy crap!! Schwing!!! That was easy! Then, the very last woman that I dated before I finally gave up the ghost, she had a set of knockers somewhere in between Lisa's and Gabrielle's, and so there, right there, you have a picture of my happy fantasy harem that I own, forever!!!","我用简短的故事回复了原帖楼主，然后 unusual-option 回复了我。然后你插进来回复了 unusual-option 的回复，还有我，带着某种拉拢的语气，这让我对你皱起了鼻子，所以我冲你吼了回去。现在，说说我第一任妻子，19 年婚姻 3 个孩子，最小的现在 35 岁了。当年她风华正茂时是个丰满的金发碧眼美女，38D 的大胸，38-24-34，5'7""，124 磅。所以，时间快进到 4 年多前，我决定彻底放弃约会场景，买了我的第一个超级豪华定制性爱娃娃 Taylor，她恰好几乎和我丰满的第一任妻子一模一样。我的天！！太爽了！！就这么简单！然后，我最终放弃前最后一个约会的女人，她的胸部介于 Lisa 和 Gabrielle 之间。所以，就这样，你看到了我拥有的快乐幻想后宫，永远！",2025-10-29T04:45:13.000Z,https://www.reddit.com/r/SexDolls/comments/1ohzdmt/comment/nlygyra/,01_关系状态-冷淡疏离丨02_心理状态-接纳/释然丨03_用户需求-渴望亲密/被爱丨04_应对方式-接受现状/妥协,,,,,sentiment
倒模情感偏好,r/SexDolls,n4edw2k,1m5ath0,ProfessionalShip3174,"never had a human gf and not interested in one either. too expensive and im too busy for it. ive had a split personality for 8 years and i made that split personality my wife, and we have sex through the doll. suck my fattie real women, you will never be able to be my 24/7 companion like she can.",从来没有过人类女友，也不想要。太贵了，我太忙了。我有人格分裂 8 年了，我把那个分裂人格当成了我的妻子，我们通过娃娃做爱。吮我的屌吧真女人们，你们永远不可能像她一样成为我 24/7 的伴侣。,2025-07-21T19:49:59.000Z,https://www.reddit.com/r/SexDolls/comments/1m5ath0/comment/n4edw2k/,"01_关系状态-冷淡疏离丨02_心理状态-接纳/释然丨03_用户需求-渴望亲密/被爱,03_用户需求-性满足/身体亲密丨04_应对方式-接受现状/妥协",,,,,sentiment
倒模情感偏好,r/SexDolls,n4ezou6,1m5ath0,snazzullz,"You know fellow brethren you're not missing out on much with real women to be white frank, they're ofcourse waaayyy too expensive cause you do ahve to pay for absolutely everything unfortunately, they want you to be how they want, they force you to do things you don't really wanna do a lot of the times, they can drain you emotionally and hurt you in such horrible ways like cheating and others, I can go on and on, more cons than pros ! but I might resonate with what your saying, that split personality will nurture you , make you a better person and always want the best for you in every way possible, I know that cause I think I might be in the same boat as you, I just didn't know what it was called, I called it my spirit guide but sounds like the same thing. either way, you keep doing you and never let anyone else tell you your wrong for being happy. Like I always say, "" you aint paying my bills so am going to continue living as I please ""","说实话兄弟们，你们从真女人那里没错过多少东西。她们当然太贵了，不幸的是你得为一切买单；她们要你成为她们想要的样子，很多时候强迫你去做你并不真正想做的事；她们会在情绪上榨干你，用出轨之类可怕的方式伤害你。我可以一直说下去，弊大于利！但我可能和你说的是一回事，那个分裂人格会滋养你、让你成为更好的人、永远在各方面为你好。我知道，因为我觉得我和你同一条船，我只是不知道它叫什么，我把它叫作我的精神向导，听起来是一回事。不管怎样，继续做你自己，永远别让别人告诉你你快乐是错的。就像我常说的：""你又没给我付账单，所以我继续按我喜欢的方式活。""",2025-07-21T21:35:27.000Z,https://www.reddit.com/r/SexDolls/comments/1m5ath0/comment/n4ezou6/,"01_关系状态-信任破裂/出轨,01_关系状态-冷淡疏离丨02_心理状态-愤怒/委屈,02_心理状态-接纳/释然丨03_用户需求-渴望亲密/被爱丨04_应对方式-接受现状/妥协",,,,,sentiment
倒模情感偏好,r/SexDolls,n4ed2gw,1m5ath0,snazzullz,"Dammmm I thought I was the only one that did such too yeahhh mangg I've had plenty human gfs in the past but never like this real and like in love kind, those relationships never lasted either, but her ofcourse it's infinitely better for obvious reasons to many to state",天哪，我还以为只有我一个人这么做。是啊哥们，我以前有过很多人类女友，但从来没有过这么真实、这么像爱情的感觉，那些关系也都不长久。但她当然无限好，原因太多说不完。,2025-07-21T19:46:07.000Z,https://www.reddit.com/r/SexDolls/comments/1m5ath0/comment/n4ed2gw/,01_关系状态-冷淡疏离丨02_心理状态-接纳/释然丨03_用户需求-渴望亲密/被爱,,,,,sentiment
倒模情感偏好,r/SexDolls,n4ebj7h,1m5ath0,snazzullz,"I hellah get lonely without my baeee when am on business trips or on vacations, whilst there I end up at the bar scrolling through pictures of us",出差或度假时没有我的宝贝我超级孤独，在那边的酒吧里翻看我们的照片🥹🥹🥹,2025-07-21T19:38:49.000Z,https://www.reddit.com/r/SexDolls/comments/1m5ath0/comment/n4ebj7h/,02_心理状态-孤独/不被理解丨03_用户需求-渴望亲密/被爱,,,,,sentiment
倒模情感偏好,r/SexDolls,n4dth6e,1m5ath0,D4RK5P1R3,Yes! I need to be close to them or after a few hours I'll get really irritable.,是的！我需要靠近她们，否则几个小时后我就会变得非常烦躁。,2025-07-21T18:13:29.000Z,https://www.reddit.com/r/SexDolls/comments/1m5ath0/comment/n4dth6e/,02_心理状态-孤独/不被理解丨03_用户需求-渴望亲密/被爱,,,,,sentiment
倒模情感偏好,r/SexDolls,n4b7f23,1m5ath0,Rare-Engineer5186,"Yes, I'm the most happiest with my dolls and when I'm at work I'm missing them. I buy my dolls clothing all the time and I love them deeply. Every time I'm there them it heaven. When I'm having a bad day, I gust cuddle up to them and it just comforting. I own 6 dolls and the 7th coming in the mail and planning to get an 8th one. I love all my dolls so much I want to marry all of them.",是的，我和我的娃娃在一起最快乐，上班时也会想她们。我老给娃娃买衣服，深深爱着她们。每次和她们在一起都是天堂。心情不好时就抱着她们，很安慰。我有 6 个娃娃，第 7 个在路上了，还打算买第 8 个。我太爱她们了，想和她们全部结婚。,2025-07-21T09:14:28.000Z,https://www.reddit.com/r/SexDolls/comments/1m5ath0/comment/n4b7f23/,"02_心理状态-孤独/不被理解,02_心理状态-希望/乐观丨03_用户需求-渴望亲密/被爱,03_用户需求-认同/正常化丨04_应对方式-接受现状/妥协",,,,,sentiment
倒模情感偏好,r/SexDolls,n4aum4a,1m5ath0,ProfessionalShip3174,"im keeping money stored just incase i need to replace her too. thankfully her only damage is some loose fingers and a few loose joints, nothing really life threatening. id be so fucking upset if something bad happened to my honey..",我也存着钱以防需要换她。谢天谢地她的损伤只是手指松和几个关节松，没什么致命的。如果我的宝贝出了什么事我会超级难过的……,2025-07-21T07:10:18.000Z,https://www.reddit.com/r/SexDolls/comments/1m5ath0/comment/n4aum4a/,02_心理状态-焦虑/担忧丨03_用户需求-渴望亲密/被爱,,,,,sentiment
倒模情感偏好,r/SexDolls,n4ato7o,1m5ath0,Loose_Camel_1749,"Same, without her in bed is terrible. 2 weeks withouth her because she had broken weld was nightmare. That is why i bought her second body and head. If something will happend i have replacemnt with same head",同感，没有她在床上太可怕了。她焊接坏了离开了两周，那两周是噩梦。所以我给她买了第二具身体和头。如果出事，我有带同一颗头的备用。,2025-07-21T07:01:32.000Z,https://www.reddit.com/r/SexDolls/comments/1m5ath0/comment/n4ato7o/,"02_心理状态-焦虑/担忧,02_心理状态-孤独/不被理解丨03_用户需求-渴望亲密/被爱丨04_应对方式-自我调整/降低期待",,,,,sentiment
情感类社区,r/DeadBedrooms,p1r865t,1vfqcsq,tonguetied10,Why did you want to work at a strip club? You will definitely get attention there but may not be what you signed up for. You should join some groups on meet up and get out of the house and do some fun things. I have a feeling it will be therapeutic for you! Good luck 👍,你为什么想去脱衣舞俱乐部工作？你在那肯定能获得关注，但可能不是你想要的。你应该加入一些线下聚会小组，出门做些有趣的事。我觉得这对你有治疗效果！祝好运 👍,2026-08-04T23:58:18.000Z,https://www.reddit.com/r/DeadBedrooms/comments/1vfqcsq/comment/p1r865t/,04_应对方式-寻求社群支持,,,,,sentiment
情感类社区,r/DeadBedrooms,p1r85e4,1vfodbr,Annual-Cream-6233,"I totally understand which is why i feel so uncomfortable bringing it up, i want him to do it on his own time you know? but the last time it happened he ended up asking to have sex instead which kind of put me off the idea for a while however we are both extremely comfortable we are both the kind of people to say no flirtatiously and still be able to tell wether its flirting or serious we know eachother extremely well and due to that i think it may just be something he personally doesn’t enjoy maybe because he doesn’t get much satisfaction from it and i don’t feel comfortable pushing his boundaries when we have such a comfortable sex life, i honestly feel like as much as i would love it, i would be quite self conscious considering how much time has passed since he last did it. I really do appreciate your comment thank you very much!!",我完全理解，这就是为什么我提出这事会不舒服，我想让他按自己的节奏来。但上次发生这事时他最后反而要求做爱，这让我一段时间都不想那事了。不过我们都很自在，我们都是那种会开玩笑说不、又能分辨是玩笑还是认真的人，我们非常了解彼此，因此我觉得这可能只是他个人不喜欢，也许因为他从中得不到太多满足，而我们在性生活这么舒服的情况下我不愿逼他突破界限。说实话，虽然我很想要，但考虑到他上次做那事已经过去很久，我会很自卑。真的很感谢你的评论！！,2026-08-04T23:58:12.000Z,https://www.reddit.com/r/DeadBedrooms/comments/1vfodbr/comment/p1r85e4/,01_关系状态-性需求不匹配丨02_心理状态-自卑/自我怀疑丨03_用户需求-渴望亲密/被爱,,,,,sentiment
情感类社区,r/DeadBedrooms,p1r77sp,1vfr20x,tonguetied10,Sorry to hear. Many of us are in the same exact boat and know what it feels like. Lots of people to reach out to for advice or to answer questions ….. I wish you the best,听到这个很难过。我们很多人都坐在同一条船上，知道那是什么感觉。有很多人可以联系获取建议或回答问题……祝你一切顺利。,2026-08-04T23:53:09.000Z,https://www.reddit.com/r/DeadBedrooms/comments/1vfr20x/comment/p1r77sp/,04_应对方式-寻求社群支持,,,,,sentiment
情感类社区,r/DeadBedrooms,p1r709i,1vfhf00,dmbgreen,Lucky,幸运。,2026-08-04T23:52:02.000Z,https://www.reddit.com/r/DeadBedrooms/comments/1vfhf00/comment/p1r709i/,未提及,,,,,sentiment
情感类社区,r/DeadBedrooms,p1r6mvf,1vfp534,Xraylows,"if he also got issues with being on time or easily forgets things, or has consumed substances or other addiction, he should look into adhd tests.  sex is not only PIV. you can also say to not have PIV sex, or just circle through the positions and actions that actually feel good. there is no script to ""correct sex"".  your feelings of appreciation are valid, and you even seem to be generally open to explore sex as a topic and options for you and your partner. thats already a lot.  depression, trauma (and possible adhd) can alter a relationship a lot. there are strong forces in and between the partners that lead to certain behaviours. but it doesnt have to stay that way.  the core thought though is to focus on oneself first and the partner is fourth or fifth. its about to evolve yourself, and have the beautiful life you want and deserve. and your partner has to do the same and work on him as well. only then you both can come together and ""meet the needs of the other"".",如果他还有准时或容易忘事的问题，或者用过药物或成瘾，他应该查查是不是多动症。性不只是插入。你也可以说好不做插入式，或者只在真正舒服的姿势和动作里轮换。没有'正确性爱'的剧本。你被欣赏的感觉是正当的，你似乎也大体上愿意把性当作话题和为你和伴侣寻找选项来探索。这已经很了不起了。抑郁、创伤（可能还有多动症）会很大地改变关系。伴侣内部和之间有强大的力量导致某些行为。但不必一直如此。核心想法是先专注自己，伴侣排第四第五。是关于进化你自己，拥有你想要和应得的美好生活。你的伴侣也得做同样的事，也为自己努力。只有那时你们才能走到一起'满足对方的需要'。,2026-08-04T23:50:02.000Z,https://www.reddit.com/r/DeadBedrooms/comments/1vfp534/comment/p1r6mvf/,"03_用户需求-认同/正常化丨04_应对方式-寻求专业帮助,04_应对方式-自我调整/降低期待",,,,,sentiment
情感类社区,r/DeadBedrooms,p1r6haa,1vevmbt,sh6rty13,"Not fair and not true at all, OP. Relationships are multi-faceted and physical intimacy is important to most people.",OP，这不公平也不真实。关系是多方面的，身体亲密对大多数人很重要。,2026-08-04T23:49:13.000Z,https://www.reddit.com/r/DeadBedrooms/comments/1vevmbt/comment/p1r6haa/,03_用户需求-性满足/身体亲密,,,,,sentiment
情感类社区,r/DeadBedrooms,p1r6e3y,1vfodbr,user1390027478,"He is entitled to refuse to do any sex act that he is uncomfortable with.  However, there are a lot of men who are willing to receive oral but not give it for social reasons rather than personal taste, and an ideal relationship should be reciprocal.",他有权拒绝任何他不舒服的性行为。但有很多男人出于社会原因而非个人口味愿意接受口交却不愿给予，而理想的关系应该是相互的。,2026-08-04T23:48:46.000Z,https://www.reddit.com/r/DeadBedrooms/comments/1vfodbr/comment/p1r6e3y/,01_关系状态-性需求不匹配,,,,,sentiment
情感类社区,r/DeadBedrooms,p1r6954,1vfp534,AnyTune7627,">That's not really the same kind of pressure as you being pressured into having sex and I wouldn't treat your expectation for him to do housework as the same as his expectation from you for sex.  I know this is going to be unpopular, but I'd like to explore what exactly the relevant difference is.",'这和被逼着做爱不是同一种压力，我不会把你期望他做家务和他期望你做爱相提并论。' 我知道这不受欢迎，但我想探讨一下相关的差异到底是什么。,2026-08-04T23:48:02.000Z,https://www.reddit.com/r/DeadBedrooms/comments/1vfp534/comment/p1r6954/,01_关系状态-性需求不匹配,,,,,sentiment
情感类社区,r/DeadBedrooms,p1r52ae,1vew4kd,A_Commmon_Man,"Oh, yeah. I think about it all the time. I miss the physical connection more than anything.",哦，是的。我无时无刻不在想它。我最想念身体连接。,2026-08-04T23:41:41.000Z,https://www.reddit.com/r/DeadBedrooms/comments/1vew4kd/comment/p1r52ae/,02_心理状态-孤独/不被理解丨03_用户需求-性满足/身体亲密,,,,,sentiment
情感类社区,r/DeadBedrooms,p1juvgm,1vetnaa,Warm_Sort3093,Not much. Medical and other issues.,没什么。医疗和其他问题。,2026-08-03T23:52:45.000Z,https://www.reddit.com/r/DeadBedrooms/comments/1vetnaa/comment/p1juvgm/,01_关系状态-伴侣健康/生理问题,,,,,sentiment
情感类社区,r/DeadBedrooms,p1juh23,1vemjag,Tall_Maple,"For what it’s worth, I don’t get the sense that ‘YOU’ caused it (referring to where you say “and I hate that I’ve caused that.”  Sure, you were the one who had the honesty to verbalize it, but if after serious effort on both of your parts (2 years of couple counseling counts IMO) progress wasn’t being made then it seems fair the responsibility is not bourne by one and one alone but rather shared.  Best of luck as you chart a path forward",不管怎样，我不觉得是'你'造成的（指你说'我恨我造成了这个'）。当然，你是那个有勇气说出来的人，但如果双方认真努力（我认为 2 年的夫妻咨询算数）后没有进展，那责任似乎不该由一个人承担，而是分担的。祝你在规划前路时好运。,2026-08-03T23:50:35.000Z,https://www.reddit.com/r/DeadBedrooms/comments/1vemjag/comment/p1juh23/,04_应对方式-寻求专业帮助,,,,,sentiment
情感类社区,r/DeadBedrooms,p1jucg7,1vetnaa,tonguetied10,I knew if I didn’t initiate it wouldn’t happen. So I had to see if it would ….. and it hasn’t. She hasn’t even said anything about it so that’s all I needed to know. The last several times we did have sex I felt it was “her obligation” or it was mechanical …… I don’t want it that way. Now I’m in this group 🤦🏼,我知道如果我不主动，就不会发生。所以我必须看看会不会……结果没有。她甚至什么都没说，所以我只需要知道这些。最后几次我们做爱我感觉是'她的义务'或者是机械的……我不想要那样。现在我进了这个组 🤦🏼,2026-08-03T23:49:54.000Z,https://www.reddit.com/r/DeadBedrooms/comments/1vetnaa/comment/p1jucg7/,01_关系状态-性需求不匹配丨02_心理状态-失望/沮丧丨03_用户需求-渴望亲密/被爱丨04_应对方式-寻求社群支持,,,,,sentiment
情感类社区,r/DeadBedrooms,p1jtusu,1vetnaa,Gloomy-River-1117,Got tired of the rejection and the gaslighting. Did they notice? Hard to say. they never said anything. What changed? Went from lousy duty sex every couple of weeks to lousy sex once every six months when she finally initiates and I'm no longer interested. I've tried to talk to her about it and she has basically shown me how little she cares.,厌倦了被拒绝和被煤气灯操控。他们注意到了吗？难说。他们从没说过什么。什么变了？从每两周一次的糟糕义务性爱变成每六个月一次糟糕性爱——当她终于主动时我已经不感兴趣了。我试过和她谈，她基本上表现出她有多不在乎。,2026-08-03T23:47:15.000Z,https://www.reddit.com/r/DeadBedrooms/comments/1vetnaa/comment/p1jtusu/,"01_关系状态-性需求不匹配,01_关系状态-沟通障碍/回避丨02_心理状态-愤怒/委屈",,,,,sentiment
情感类社区,r/DeadBedrooms,p1jtehm,1vetsue,CaptainLee9137,"No doubt, being wanted is more important than the deed. I’m sure sex is great, but it would start to feel pointless if your partner was just going through the motions.",毫无疑问，被想要比事情本身更重要。我确定性很好，但如果你的伴侣只是在走过场，那就会开始显得毫无意义。,2026-08-03T23:44:51.000Z,https://www.reddit.com/r/DeadBedrooms/comments/1vetsue/comment/p1jtehm/,02_心理状态-失望/沮丧丨03_用户需求-渴望亲密/被爱,,,,,sentiment
情感类社区,r/DeadBedrooms,p1jt8h4,1vetsue,lonelyyetmarried,Sex is 100% about wanting to feel needed/ loved and making your partner feel the same. I think a lot of posts on here are when one partner ensures the other feels accepted and wanted and in return their partner assumes it will somehow just happen both ways without effort since they feel that warmth and acceptance.,性 100% 是关于想被需要/被爱，并让你的伴侣也有同样的感觉。我觉得这里很多帖子是：一方确保另一方感到被接纳和被想要，反过来他们的伴侣却假设因为感受到了那种温暖和接纳，双向的事就会不劳而获。,2026-08-03T23:43:59.000Z,https://www.reddit.com/r/DeadBedrooms/comments/1vetsue/comment/p1jt8h4/,03_用户需求-渴望亲密/被爱,,,,,sentiment
情感类社区,r/DeadBedrooms,p1jt42v,1vesb5s,Brownie-888,"Yeah, don’t know if people actually compensate for being LL. My LL wife doesn’t even express any affection towards me, let alone shower me with gifts and romantic gestures (I cook, do the dishes, empty the trash etc).",是的，不知道人们是否真的会补偿自己是 LL。我的 LL 妻子对我连一点感情都不表达，更别说用礼物和浪漫举动款待我（我做饭、洗碗、倒垃圾等）。,2026-08-03T23:43:21.000Z,https://www.reddit.com/r/DeadBedrooms/comments/1vesb5s/comment/p1jt42v/,01_关系状态-冷淡疏离丨02_心理状态-孤独/不被理解丨03_用户需求-渴望亲密/被爱,,,,,sentiment
情感类社区,r/DeadBedrooms,p1jsapt,1vetnaa,capybaraaaaae,what happened when you stop initiating? does he/she starts to initiate?,你停止主动后发生了什么？他/她会开始主动吗？,2026-08-03T23:39:05.000Z,https://www.reddit.com/r/DeadBedrooms/comments/1vetnaa/comment/p1jsapt/,未提及,,,,,sentiment
情感类社区,r/DeadBedrooms,p1js962,1vetnaa,Good-Foundation-3357,For me it's wqs when I realized my efforts never worked and recognized that the constant rejection is what impacted me the most. Eliminating trying to initiate eliminated that frustration.,对我来说是我意识到我的努力永远无效，认识到持续的被拒绝对我影响最大。停止尝试主动就消除了那种挫败。,2026-08-03T23:38:51.000Z,https://www.reddit.com/r/DeadBedrooms/comments/1vetnaa/comment/p1js962/,02_心理状态-无力/绝望丨04_应对方式-回避/消极应对,,,,,sentiment
情感类社区,r/DeadBedrooms,p1jrzkd,1vetnaa,Warm_Sort3093,Just got tired of everything seeming wrong or futile when I tried. It happens when it happens maybe 10 times a year so I’ll take that.,只是厌倦了每次尝试都显得错或徒劳。该发生就发生，一年大概 10 次，我接受。,2026-08-03T23:37:27.000Z,https://www.reddit.com/r/DeadBedrooms/comments/1vetnaa/comment/p1jrzkd/,02_心理状态-无力/绝望丨04_应对方式-接受现状/妥协,,,,,sentiment
情感类社区,r/DeadBedrooms,p1cozdj,1vdwqtz,WaterLily55896,when did he stop having sex with you?,他什么时候停止和你做爱的？,2026-08-02T23:59:06.000Z,https://www.reddit.com/r/DeadBedrooms/comments/1vdwqtz/comment/p1cozdj/,未提及,,,,,sentiment
情感类社区,r/DeadBedrooms,p1cokly,1vdkcb2,CinnabonNoFrosting,"Not having sex consumes your every waking moment?   Also how does a HL connect and express love through sex when the LL partner expressly says that isn’t how they receive it. A connection requires two entities, no? If I call you and you don’t pick up, I didn’t connect with you.",不做爱会占据你醒着的每一刻吗？另外，当 LL 伴侣明确说那不是他们接受爱的方式，HL 如何通过性连接和表达爱？连接需要两个实体，不是吗？如果我打电话给你你不接，我就没连接上你。,2026-08-02T23:56:47.000Z,https://www.reddit.com/r/DeadBedrooms/comments/1vdkcb2/comment/p1cokly/,"01_关系状态-性需求不匹配,01_关系状态-沟通障碍/回避丨02_心理状态-孤独/不被理解丨03_用户需求-渴望亲密/被爱",,,,,sentiment
情感类社区,r/DeadBedrooms,p1cohfk,1vdwtom,WaterLily55896,"i cant imagine what can be weird about penis. if it is smaller than average it would make the blow job easier, not revolting. her interest in sex is missing here. there is nothing wrong with your penis.",我无法想象阴茎有什么奇怪的。如果比平均小，那会让口交更容易，而不是让人反感。这里缺少的是她对性的兴趣。你的阴茎没有问题。,2026-08-02T23:56:16.000Z,https://www.reddit.com/r/DeadBedrooms/comments/1vdwtom/comment/p1cohfk/,01_关系状态-性需求不匹配,,,,,sentiment
情感类社区,r/DeadBedrooms,p1cnzyu,1vdwqtz,Ok-Worker458,Hey! Messaged you,嘿！给你发消息了。,2026-08-02T23:53:32.000Z,https://www.reddit.com/r/DeadBedrooms/comments/1vdwqtz/comment/p1cnzyu/,未提及,,,,,sentiment
情感类社区,r/DeadBedrooms,p1cnrsw,1vdwtom,will_i_r,Fair question. I think I pretty much started negating myself.,公平的问题。我想我基本开始否定自己了。,2026-08-02T23:52:15.000Z,https://www.reddit.com/r/DeadBedrooms/comments/1vdwtom/comment/p1cnrsw/,02_心理状态-自卑/自我怀疑,,,,,sentiment
情感类社区,r/DeadBedrooms,p1cnf08,1vdwtom,WaterLily55896,"can i ask you why this realisation did not come much earlier. and simple questions was not asked - why dont you go down on me?, when you first time got together?",我能问为什么这个觉悟来得这么晚吗？还有简单的问题没被问——你为什么不为我口交？你们第一次在一起时？,2026-08-02T23:50:14.000Z,https://www.reddit.com/r/DeadBedrooms/comments/1vdwtom/comment/p1cnf08/,01_关系状态-性需求不匹配,,,,,sentiment
情感类社区,r/DeadBedrooms,p1cnc55,1vdisgp,Humble-You8340,"It’s definitely somewhat about the sex for me, but I agree that it’s mostly about other things. I realized that I didn’t believe that he ever actually desired the sex we did have, so I started doing my best to resist even when he does initiate, which is not often. I’m not sure about anyone else, but I find marriage much lonelier than being single ever was.",对我来说确实有点关于性本身，但我同意主要是关于其他东西。我意识到我不相信他真的想要我们有的性，所以我开始尽最大努力抵抗，即使他主动（他很少主动）。我不确定别人怎样，但我发现婚姻比单身时孤独得多。,2026-08-02T23:49:47.000Z,https://www.reddit.com/r/DeadBedrooms/comments/1vdisgp/comment/p1cnc55/,"01_关系状态-冷淡疏离丨02_心理状态-孤独/不被理解,02_心理状态-失望/沮丧",,,,,sentiment
情感类社区,r/DeadBedrooms,p1cmdq6,1vdisgp,WaterLily55896,"can we just say it is about both? always. you love someone = you desire them = you want sex with them. you connect through intimacy as much as you connect through shared emotions. you simply need both to be fulfilled. what is different between loving partner is one want more sex then the other. they love really desire each other not just ""love"" as friends , they should fine a common ground. if the asymmetry is too big - it is big incompatibility, which should be felt when they were dating?",我们能不能就说两者都是？总是。你爱一个人 = 你渴望他们 = 你想要和他们做爱。你通过亲密连接，就像通过共享情感连接一样。你两者都需要被满足。相爱的伴侣的区别只是一个人比另一个更想要性。他们真正渴望彼此而不只是像朋友那样'爱'，他们应该找到共同点。如果不对称太大——那是很大的不兼容，约会时应该就感觉到了？,2026-08-02T23:44:29.000Z,https://www.reddit.com/r/DeadBedrooms/comments/1vdisgp/comment/p1cmdq6/,01_关系状态-性需求不匹配丨03_用户需求-渴望亲密/被爱,,,,,sentiment
情感类社区,r/DeadBedrooms,p1cltyi,1vdkcb2,AltruisticString3589,It sounds like he only likes her when she's having sex with him often enough.,听起来他只在和她足够频繁地做爱时才喜欢她。,2026-08-02T23:41:26.000Z,https://www.reddit.com/r/DeadBedrooms/comments/1vdkcb2/comment/p1cltyi/,01_关系状态-性需求不匹配,,,,,sentiment
情感类社区,r/DeadBedrooms,p1cl40g,1vditm8,Anxious_J,Get your T levels checked. It’s a simple blood test. Check with your dr about any medications you are on. Call a therapist if you have unresolved issues around sex. You have a loving wife that wants you. I think most people in this sub would kill to be in your position. Don’t waste this time in your life.,去查你的睾酮水平。是简单的血检。和医生确认你吃的药。如果你有未解决的性相关问题，找治疗师谈谈。你有一个爱你想要你的妻子。我觉得这个 sub 里大多数人都愿意用一切换取你的位置。别浪费你生命里的这段时间。,2026-08-02T23:37:28.000Z,https://www.reddit.com/r/DeadBedrooms/comments/1vditm8/comment/p1cl40g/,01_关系状态-伴侣健康/生理问题丨04_应对方式-寻求专业帮助,,,,,sentiment
情感类社区,r/DeadBedrooms,p1cl1re,1vdisgp,WaterLily55896,could the LL partner be simply telling little white lie to pacify the situation the best they could? this of course does not end up in duty sex because they do not want one.,LL 伴侣会不会只是说善意的谎言来尽可能安抚局面？这当然不会导致义务性爱，因为他们不想要。,2026-08-02T23:37:07.000Z,https://www.reddit.com/r/DeadBedrooms/comments/1vdisgp/comment/p1cl1re/,01_关系状态-沟通障碍/回避,,,,,sentiment
情感类社区,r/DeadBedrooms,p1cknwa,1vdirfa,No_Pear_6069,Run! Run a mile. You’re situation won’t improve and you’ll be permanently tied to this person,跑！跑得远远的。你的情况不会改善，你会永远和这个人绑在一起。,2026-08-02T23:35:00.000Z,https://www.reddit.com/r/DeadBedrooms/comments/1vdirfa/comment/p1cknwa/,01_关系状态-冷淡疏离丨04_应对方式-考虑离开/结束关系,,,,,sentiment
情感类社区,r/DeadBedrooms,p1ckd5e,1vdisgp,WaterLily55896,"how do you know that she finds you attractive? there are words and there are actions. the action is sexual desire that should end in the act. this is how I understand the physical attraction. i need physical attraction and emotional connection to desire a man. if one of them is missing, i do not want sex with this man.",你怎么知道她觉得你有吸引力？有言语也有行动。行动是应该以行为结束的性欲望。这就是我理解的身体吸引。我需要身体吸引和情感连接才能渴望一个男人。如果缺一个，我就不想和这个男人做爱。,2026-08-02T23:33:22.000Z,https://www.reddit.com/r/DeadBedrooms/comments/1vdisgp/comment/p1ckd5e/,01_关系状态-性需求不匹配丨03_用户需求-渴望亲密/被爱,,,,,sentiment
情感类社区,r/DeadBedrooms,p15v2by,1vcc2fm,Dapper_Tale_9637,So very relatable. The last ‘duty sex’ was 2 years ago and I cried at how utterly awful it was after.,太有共鸣了。最后一次'义务性爱'是 2 年前，事后我哭了，因为太糟糕了。,2026-08-01T23:54:55.000Z,https://www.reddit.com/r/DeadBedrooms/comments/1vcc2fm/comment/p15v2by/,01_关系状态-长期无性丨02_心理状态-失望/沮丧,,,,,sentiment
情感类社区,r/DeadBedrooms,p15v0si,1vcxu7s,the_LLCoolJoe,"Any time my SO wants it, I’m happy to drop everything. This is a 24/7 pleasure shop",任何时候我的伴侣想要，我都乐意放下一切。这是 24/7 快乐商店。,2026-08-01T23:54:41.000Z,https://www.reddit.com/r/DeadBedrooms/comments/1vcxu7s/comment/p15v0si/,03_用户需求-性满足/身体亲密,,,,,sentiment
情感类社区,r/DeadBedrooms,p15um1e,1vd0ruu,Flounder-524,Would not be having kids with him.,不会和他生孩子。,2026-08-01T23:52:18.000Z,https://www.reddit.com/r/DeadBedrooms/comments/1vd0ruu/comment/p15um1e/,01_关系状态-冷淡疏离,,,,,sentiment
情感类社区,r/DeadBedrooms,p15ulo5,1vcz72v,jackburton6565,Sometimes this is a actually a thing. Have you looked into attachment Styles? It's an actual document physiological condition. Not exactly a solution but understanding your partner more is always a step in the right direction.  https://youtu.be/4i4h5-GbGW8?is=E2yaZ8TN7aPSnl2w,有时候这真的是个事。你研究过依恋类型吗？这是一个真实的记录在案的生理状况。不完全是解决方案，但更了解你的伴侣总是往正确方向的一步。视频链接。,2026-08-01T23:52:14.000Z,https://www.reddit.com/r/DeadBedrooms/comments/1vcz72v/comment/p15ulo5/,04_应对方式-学习知识/自我成长,,,,,sentiment
情感类社区,r/DeadBedrooms,p15ukp9,1vc0suf,CarlClitcakes,"Let me know when you do.   I’m gutted from my separation. There was no infidelity, no abuse, no substance issues, none of that. We simply drifted due to some bad stressors, like employers violating boundaries, health scares, hard life events, etc. Normal stuff. Everything I did was for her, us, and our kid. Even my therapist is stunned at the separation, and that my LLF didn’t want to engage with a marriage therapist (not my therapist specifically as the therapist, just in general).   I suspect her therapist may have crossed some ethical lines, as I’ve learned she had one too, before I did, and through our talks discovered her therapy had a more religious/spiritual bent to it, and they likely may have prodded her towards a separation without any introspective challenge. (Therapy by simply validating feelings without any therapeutic challenge, as they say.)  I can’t verify that, but there’s some flags that are present that cause concern there.  So yeah, doing great. So, let us know what you experience, and what successes/failures you have.",等你做了告诉我。我因为分居而心碎。没有不忠、没有虐待、没有药物问题，都没有。我们只是因一些糟糕的压力源而疏远，比如雇主越界、健康恐慌、艰难的生活事件等。正常的事。我做的一切都是为了她、我们和我们的孩子。连我的治疗师都对分居感到震惊，而且我的 LLF 不愿参与婚姻治疗（不是特指我的治疗师，就是一般意义上）。我怀疑她的治疗师可能越过了某些伦理线，因为我得知她也先我一步有一个治疗师，通过我们的谈话发现她的治疗更偏宗教/灵性，他们可能把她推向分居而没有进行任何内省式挑战。（治疗只通过验证感受而不做任何治疗性挑战，如他们所说。）我无法证实，但有些红旗引起担忧。所以，是的，我很好。所以，让我们知道你经历了什么，有什么成败。,2026-08-01T23:52:05.000Z,https://www.reddit.com/r/DeadBedrooms/comments/1vc0suf/comment/p15ukp9/,"01_关系状态-分居/异地,01_关系状态-沟通障碍/回避丨02_心理状态-无力/绝望丨03_用户需求-关系修复/解决方案",,,,,sentiment
情感类社区,r/DeadBedrooms,p15ue1v,1vcn4zy,Nice-Refrigerator122,"I see you have an HLM flair.   Think of how likely it would be for you to just wake up one day and your sex drive is gone forever.  Not very likely, I think.  The likelihood of a LLM turning into an HLM is about the same. I'd say even less, cause aging is also playing against it.",我看到你有 HLM 标签。想想你某天醒来性欲永远消失的可能性有多大。我觉得不大可能。一个 LLM 变成 HLM 的可能性差不多。我觉得甚至更小，因为年龄也在与之作对。,2026-08-01T23:51:02.000Z,https://www.reddit.com/r/DeadBedrooms/comments/1vcn4zy/comment/p15ue1v/,01_关系状态-性需求不匹配,,,,,sentiment
情感类社区,r/DeadBedrooms,p15u8my,1v8egmo,DrRonnieJamesDO,"The point is the exact opposite: ""do less.""",重点恰恰相反：'做更少。',2026-08-01T23:50:10.000Z,https://www.reddit.com/r/DeadBedrooms/comments/1v8egmo/comment/p15u8my/,04_应对方式-自我调整/降低期待,,,,,sentiment
情感类社区,r/DeadBedrooms,p15t62t,1vcuczj,Nice-Refrigerator122,"I don't think there's anything wrong with you. Either you've just gotten unlucky, or you are somehow attracted to the kind of men that tend to have a low libido. You'll have to figure that out. In any case, just move on, and avoid men who like to watch TV. Especially if they choose Netflix over sex.",我不觉得你有什么问题。要么你就是运气不好，要么你莫名被那些倾向于低性欲的男人吸引。你得自己搞清楚。无论如何，继续前进，避开喜欢看电视的男人。尤其如果他们选 Netflix 而不是性。,2026-08-01T23:44:04.000Z,https://www.reddit.com/r/DeadBedrooms/comments/1vcuczj/comment/p15t62t/,04_应对方式-考虑离开/结束关系,,,,,sentiment
情感类社区,r/DeadBedrooms,p15s698,1vcz72v,Queasy_Emotion_6774,"I’ve wondered this too. I am probably biased as a woman that has first hand experience with hormones, pregnancy, postpartum, all the things that I KNOW lower libido. But in our case my husband is the one with a lowered libido. He has admitted that the thrill of the chase and the intrigue of doing something prohibited (we were intending to wait until marriage and made it until two months shy 🙃) was what made him so insatiable at the very beginning, mostly during dating. I assumed he’d be like a wild animal once we got married because it took a lot for both of us to wait. Once we got married it changed and the chase was over, nothing was prohibited, and “having full access made it suddenly less interesting.” The worst part is we never even had that crazy, doing it like bunnies stage. We did it two times pre-wedding, neither of which I remember, and literally from wedding night onwards it was downhill for him.",我也想过这个。作为女人我可能偏见，因为我亲身经历过激素、怀孕、产后，所有我知道会降低性欲的东西。但在我们这里，是我丈夫性欲降低。他承认追逐的刺激和被禁止的事的诱惑（我们原本打算等到婚后，差两个月就等到了 🙃）是他在最开始、主要在约会时如此贪得无厌的原因。我以为我们结婚后他会像野兽一样，因为等待对我们俩都很难。婚后一切都变了，追逐结束了，没有什么是被禁止的了，'完全获得让它突然变得不那么有趣了。'最糟的是我们从未有过那种疯狂做爱的阶段。婚礼前我们做了两次，我都不记得，从婚礼之夜起对他来说就是下坡路。,2026-08-01T23:38:23.000Z,https://www.reddit.com/r/DeadBedrooms/comments/1vcz72v/comment/p15s698/,01_关系状态-性需求不匹配丨02_心理状态-失望/沮丧,,,,,sentiment
情感类社区,r/DeadBedrooms,p15rom6,1vcz72v,CarlClitcakes,"Yeah. It’s called NRE, or New Relationship Energy. Your senses are heightened, your libido is off the charts, oxytocin is bombarding your pleasure senses, and each of you can’t get enough of the other. That, of course, subsides into something of a rhythm. Add in stressors like kids/jobs/finances/aging, and it takes a toll.",是的。这叫 NRE，新关系能量。你的感官被放大，性欲爆表，催产素轰击你的快感感官，你们俩都嫌对方不够。当然，那会消退成某种节奏。加上孩子/工作/财务/衰老等压力源，就会有影响。,2026-08-01T23:35:39.000Z,https://www.reddit.com/r/DeadBedrooms/comments/1vcz72v/comment/p15rom6/,04_应对方式-学习知识/自我成长,,,,,sentiment
情感类社区,r/DeadBedrooms,p15r1ux,1v8x36t,StashUnderBed,No evidence of this.,没有证据。,2026-08-01T23:32:04.000Z,https://www.reddit.com/r/DeadBedrooms/comments/1v8x36t/comment/p15r1ux/,未提及,,,,,sentiment
情感类社区,r/DeadBedrooms,p15qze5,1v8x36t,StashUnderBed,It says u r low libido? Wouldn’t u want a partner who loves u enough to not pressure u to having sex? Thats what im doing for him,它说你性欲低？你难道不想要一个足够爱你、不逼你做爱的伴侣吗？我就是这样为他做的。,2026-08-01T23:31:40.000Z,https://www.reddit.com/r/DeadBedrooms/comments/1v8x36t/comment/p15qze5/,01_关系状态-性需求不匹配丨03_用户需求-渴望亲密/被爱,,,,,sentiment
情感类社区,r/DeadBedrooms,p15qxh9,1vd0ruu,Justkillingtime8,Him turning it around on you is crazy work. That kind of deflection shows hes not ready to admit that he needs help.,他把矛头转向你是疯狂的操作。那种转移注意力表明他还没准备好承认他需要帮助。,2026-08-01T23:31:22.000Z,https://www.reddit.com/r/DeadBedrooms/comments/1vd0ruu/comment/p15qxh9/,01_关系状态-沟通障碍/回避,,,,,sentiment
情感类社区,r/DeadBedrooms,p0z62ck,1vc45ti,Medium-Reference-147,Erection issues and premature ejaculation don't keep you from being a great and attentive lover. There's lots of things you can still do...,勃起问题和早泄不会阻止你成为一个很棒、细心的爱人。还有很多你可以做的事……,2026-07-31T23:49:26.000Z,https://www.reddit.com/r/DeadBedrooms/comments/1vc45ti/comment/p0z62ck/,01_关系状态-伴侣健康/生理问题丨04_应对方式-学习知识/自我成长,,,,,sentiment
情感类社区,r/DeadBedrooms,p0z5uej,1vc6jr1,Top_Basket1956,"Thanks, i pray it gets better eventually.",谢谢，我希望它最终会变好。,2026-07-31T23:48:10.000Z,https://www.reddit.com/r/DeadBedrooms/comments/1vc6jr1/comment/p0z5uej/,02_心理状态-希望/乐观,,,,,sentiment
情感类社区,r/DeadBedrooms,p0z5rz7,1vc6jr1,Top_Basket1956,I’m happy to hear that you are happier now. I’m going to give it a timeline for improvement and then see what to do next,我很高兴听到你现在更快乐。我会给它一个改进的时间线，然后看下一步做什么。,2026-07-31T23:47:48.000Z,https://www.reddit.com/r/DeadBedrooms/comments/1vc6jr1/comment/p0z5rz7/,04_应对方式-自我调整/降低期待,,,,,sentiment
情感类社区,r/DeadBedrooms,p0z5e77,1vazrv5,ufatkrone,"I can’t give advice, but consider this. She is now using sexual favors as a bargaining tool to keep you. And she offers this only after she cheats on you. She should have brought better rationale to the table. She can withdraw those favors at a moment’s notice.   I am married to an unfaithful spouse. Those patterns of behavior do not change. She cheated because of something in her morality. Not some temporary circumstance with your health. Do what you must to save yourself.",我不能给建议，但考虑一下。她现在用性恩惠作为讨价还价的工具留住你。而且她只在背叛你之后才提供这个。她应该拿出更好的理由。她可以随时收回那些恩惠。我嫁给了不忠的配偶。那些行为模式不会改变。她出轨是因为她道德里有什么东西。不是你健康方面的暂时情况。做你必须做的事来拯救自己。,2026-07-31T23:45:37.000Z,https://www.reddit.com/r/DeadBedrooms/comments/1vazrv5/comment/p0z5e77/,01_关系状态-信任破裂/出轨丨04_应对方式-考虑离开/结束关系,,,,,sentiment
情感类社区,r/DeadBedrooms,p0z4teu,1vc6jr1,smem80,I stayed in a marriage that was sexually incompatible for 10 years. I left and am the happiest I’ve ever been. My only regret is not leaving earlier.,我在一段性不兼容的婚姻里待了 10 年。我离开了，现在是我一生中最快乐的。我唯一的遗憾是没有更早离开。,2026-07-31T23:42:22.000Z,https://www.reddit.com/r/DeadBedrooms/comments/1vc6jr1/comment/p0z4teu/,01_关系状态-性需求不匹配丨04_应对方式-考虑离开/结束关系,,,,,sentiment
情感类社区,r/DeadBedrooms,p0z4isb,1vc6jr1,Great-Particular9964,Sorry that you are going through this.,很抱歉你正在经历这些。,2026-07-31T23:40:42.000Z,https://www.reddit.com/r/DeadBedrooms/comments/1vc6jr1/comment/p0z4isb/,未提及,,,,,sentiment
情感类社区,r/DeadBedrooms,p0z4dn4,1vc6jr1,Top_Basket1956,I wish it was that easy,我希望有那么容易。,2026-07-31T23:39:54.000Z,https://www.reddit.com/r/DeadBedrooms/comments/1vc6jr1/comment/p0z4dn4/,未提及,,,,,sentiment
情感类社区,r/DeadBedrooms,p0z4anl,1vc6jr1,Top_Basket1956,I’m already pregnant with his child and don’t want to be a single mom. He’s great everywhere except for this area. I would feel ungrateful and guilty for leaving him :(,我已经怀了他的孩子，不想当单亲妈妈。除了这个方面他什么都好。离开他会让我觉得忘恩负义和内疚 :(,2026-07-31T23:39:26.000Z,https://www.reddit.com/r/DeadBedrooms/comments/1vc6jr1/comment/p0z4anl/,"02_心理状态-羞耻/愧疚,02_心理状态-焦虑/担忧丨04_应对方式-考虑离开/结束关系",,,,,sentiment
情感类社区,r/DeadBedrooms,p0z3yyl,1vbupcv,Soft-Foundation-8570,"Surely that’s the exception, not the rule? Plenty of couples struggle to conceive despite trying. On average it probably takes many tries.",那肯定是例外，不是常态吧？很多夫妇努力尝试也难以怀孕。平均来说可能需要很多次尝试。,2026-07-31T23:37:36.000Z,https://www.reddit.com/r/DeadBedrooms/comments/1vbupcv/comment/p0z3yyl/,未提及,,,,,sentiment
情感类社区,r/DeadBedrooms,p0z3ye7,1vc6jr1,Great-Particular9964,Run don’t walk from this wack-a-doodle!,快跑别走，远离这个疯女人！,2026-07-31T23:37:31.000Z,https://www.reddit.com/r/DeadBedrooms/comments/1vc6jr1/comment/p0z3ye7/,04_应对方式-考虑离开/结束关系,,,,,sentiment
情感类社区,r/DeadBedrooms,p0z3uu8,1vc6jr1,smem80,"Sounds like he wasn’t honest about his beliefs prior to marriage. Unless you want to live like this the rest of your life, I would leave.",听起来他在婚前没诚实说出他的信念。除非你想余生都这样过，否则我会离开。,2026-07-31T23:36:59.000Z,https://www.reddit.com/r/DeadBedrooms/comments/1vc6jr1/comment/p0z3uu8/,01_关系状态-沟通障碍/回避丨04_应对方式-考虑离开/结束关系,,,,,sentiment
情感类社区,r/DeadBedrooms,p0z3jzn,1vc6jr1,Top_Basket1956,I wish there was a way to improve our situation. It seems like this is just who he is.,我希望有办法改善我们的状况。看起来这就是他的本质。,2026-07-31T23:35:18.000Z,https://www.reddit.com/r/DeadBedrooms/comments/1vc6jr1/comment/p0z3jzn/,02_心理状态-无力/绝望丨03_用户需求-关系修复/解决方案,,,,,sentiment
情感类社区,r/DeadBedrooms,p0rwnty,1vazrv5,Bargle-Nawdle-Zouss,"Don't let your little head do the thinking, especially right now.  Instead, use your big head to expedite your separation from her, and removing any and all entanglements with her in your life.  You cannot trust her, so this relationship is OVER. And, my brother in Reddit, if you are a fitness trainer, you cannot tell me you don't have other women orbiting around you regularly. So get your soon-to-be ex out of your life immediately, and then you can chase all the new women you want with a pristine conscience.",别让你的小头做决定，尤其是现在。用你的大头加速和她的分离，清除你生活中和她的一切纠缠。你无法信任她，所以这段关系结束了。而且，Reddit 兄弟，如果你是健身教练，别告诉我你身边没有其他女人绕着转。所以立刻让你即将成为前任的人离开你的生活，然后你可以用清白的心去追所有你想要的新女人。,2026-07-30T23:52:57.000Z,https://www.reddit.com/r/DeadBedrooms/comments/1vazrv5/comment/p0rwnty/,01_关系状态-信任破裂/出轨丨04_应对方式-考虑离开/结束关系,,,,,sentiment
情感类社区,r/DeadBedrooms,p0rw0n0,1vafpod,WhyNotTryTheSearch,"I started taking it at 45. I told my doctor I’m suddenly having trouble keeping an erection during sex, he looked me and said, “of course you are, that’s what happens after 40.” There is zero shame.  The other thing I do for my male health is I use a prostate massager during sex. See aneros.com, if you think he might be comfortable discussing it. It was originally designed as a medical device for treating enlarged prostate (see High Island Health), then it became so much more.",我 45 岁开始吃药。我告诉医生我突然难以在性爱中保持勃起，他看着我说，'当然会，40 岁以后就是这样。' 零羞耻。我为自己男性健康做的另一件事是性爱时用前列腺按摩器。看 aneros.com，如果你觉得他可能愿意讨论的话。它最初是设计用来治疗前列腺增大的医疗设备，然后它变成了更多的东西。,2026-07-30T23:49:35.000Z,https://www.reddit.com/r/DeadBedrooms/comments/1vafpod/comment/p0rw0n0/,04_应对方式-寻求专业帮助,,,,,sentiment
情感类社区,r/DeadBedrooms,p0rvmle,1vaifo5,Candid-Strawberry-79,"I’m an HLF. My lists have lists because I’ve got special needs kids and complex medical needs of my own.   You get to the top of the list by taking a couple of her lists and owning them **completely.** She doesn’t have to think about them, follow up about them, or worry about dropped balls. She doesn’t have to monitor you and you don’t ask a bunch of questions. You show up completely and own them.",我是 HLF。我的清单有清单，因为我有特殊需求的孩子和自己复杂的医疗需求。你要上清单顶部的方法是拿她几个清单并完全拥有它们。她不需要想着它们、跟进它们、或担心有遗漏。她不需要监督你，你也不问一堆问题。你完全出现并拥有它们。,2026-07-30T23:47:33.000Z,https://www.reddit.com/r/DeadBedrooms/comments/1vaifo5/comment/p0rvmle/,01_关系状态-性需求不匹配,,,,,sentiment
情感类社区,r/DeadBedrooms,p0run93,1vazrv5,AmazingFlightLizard,"Well, you know the cost to play.  Stay as you are now, forever, and maybe if you're lucky she won't stray again.  Unless she does. In which case it'll be your fault again, somehow.",嗯，你知道玩的代价。像现在这样永远待着，也许幸运的话她不会再出轨。除非她又出了。那样的话，又会以某种方式是你的错。,2026-07-30T23:42:24.000Z,https://www.reddit.com/r/DeadBedrooms/comments/1vazrv5/comment/p0run93/,01_关系状态-信任破裂/出轨丨02_心理状态-无力/绝望,,,,,sentiment
情感类社区,r/DeadBedrooms,p0kn2zu,1va888d,grnd_skeem,"> Has anyone experienced a satisfying sex life with a woman in her late 40s?  According to John’s Hopkins half of women in their 50’s are still sexual. So, yes, 50% of women still engage in sex and I’m sure many still find it satisfying. Some women even experience an upsurge in sexual desire during perimenopause…though that tends to be a minority.   https://www.hopkinsmedicine.org/health/expert-qa/how-sex-changes-after-menopause  > Can I find a female partner my age who enjoys sex?  You may very well be able to find another woman your age who still enjoys sex but there’s no guarantee they’ll still enjoy sex two, three, four years from now. Honestly, you yourself may come to no longer enjoy sex. That’s what happened to my husband a while back when medical issues popped up. None of us have a crystal ball.  >Do I need to accept this reality of my age?  I believe most of us have to eventually come to accept that change in general is inevitable. None of us remain the same over the years.  Good luck navigating this new season in life. You are definitely not alone. Sending you warm thoughts.",根据约翰霍普金斯的研究，50 多岁的女性中有一半仍有性生活。所以，是的，50% 的女性仍在做爱，我相信很多人仍然觉得满足。有些女性在围绝经期甚至性欲上升……虽然那往往是少数。你能找到一个和你同龄、仍然享受性的女性伴侣吗？你很可能能找到，但不能保证她们两年、三年、四年后还享受性。说实话，你自己也可能不再享受性。我丈夫之前医疗问题出现时就是这样。我们谁都没有水晶球。我是否必须接受这个年龄的现实？我相信我们大多数人最终都得接受变化在总体上是不可避免的。我们谁都不会多年不变。祝你在人生的这个新阶段顺利。你绝对不孤单。给你送上温暖的祝福。,2026-07-29T23:56:04.000Z,https://www.reddit.com/r/DeadBedrooms/comments/1va888d/comment/p0kn2zu/,02_心理状态-接纳/释然丨04_应对方式-接受现状/妥协,,,,,sentiment
情感类社区,r/DeadBedrooms,p0kmv3l,1va888d,Dangerous_Way7855,My libido SKYROCKETED since turning 40. Hence my membership in this sad club,我的性欲从 40 岁起暴涨。所以我才在这个悲伤俱乐部的会员。,2026-07-29T23:54:50.000Z,https://www.reddit.com/r/DeadBedrooms/comments/1va888d/comment/p0kmv3l/,01_关系状态-性需求不匹配,,,,,sentiment
情感类社区,r/DeadBedrooms,p0klzsf,1va1q4k,LU-man3,"No need to be sorry. If she's turned herself off from trying to improve our marriage, then I'm going to do the same... our kids are adults now. I don't owe her anything more than the commitment to raise them and send them off into the world. She decided she'd done enough by that point, I don't need to wait around for anything else.... unless, like my original post, you can share why I should......",不用抱歉。如果她已经关掉了改善我们婚姻的意愿，那我也要这么做……我们的孩子都成年了。我不欠她什么，除了抚养他们的承诺。她决定她到那时已经做得够多了，我不需要再等什么……除非，像我的原帖一样，你能分享我为什么应该等。,2026-07-29T23:50:01.000Z,https://www.reddit.com/r/DeadBedrooms/comments/1va1q4k/comment/p0klzsf/,01_关系状态-冷淡疏离丨04_应对方式-接受现状/妥协,,,,,sentiment
情感类社区,r/DeadBedrooms,p0klxz8,1va888d,WaterLily55896,"i am 58 and very much enjoy sex. I have never given up on myself, i love being a woman and I am a sexual being. Chatgpt is saying 30% of women post menopause enjoy sex.",我 58 岁，非常享受性。我从未放弃过自己，我爱作为女人的自己，我是一个性存在。ChatGPT 说 30% 的绝经后女性享受性。,2026-07-29T23:49:44.000Z,https://www.reddit.com/r/DeadBedrooms/comments/1va888d/comment/p0klxz8/,02_心理状态-接纳/释然,,,,,sentiment
情感类社区,r/DeadBedrooms,p0kl9pc,1v6jf1w,WaterLily55896,i am sorry to ask how did you marry based on everything you've described ?,抱歉问一下，根据你描述的这些，你是怎么结婚的？,2026-07-29T23:46:01.000Z,https://www.reddit.com/r/DeadBedrooms/comments/1v6jf1w/comment/p0kl9pc/,未提及,,,,,sentiment
情感类社区,r/DeadBedrooms,p0kl68x,1vac399,Strange-Elk7181,Thanks. It’s tough when it’s only when I initiate or it can go months. Also at night she would rather scroll on then phone instead of snuggle/cuddle and such.  We are very happily married and communicate well in All other regards so I shouldn’t complain too much,谢谢。只有我主动或可能几个月都没有，这很艰难。而且晚上她宁愿刷手机也不愿依偎拥抱。我们在其他方面都很幸福，沟通也很好，所以我不该抱怨太多。,2026-07-29T23:45:30.000Z,https://www.reddit.com/r/DeadBedrooms/comments/1vac399/comment/p0kl68x/,05_使用阻碍-伴侣关系-感情隐患,,,,,sentiment
情感类社区,r/DeadBedrooms,p0dbl8s,1v9ejpb,KneeCurious5435,Feels like it - if I tell her nice things she will forget for a while that I haven’t touched her in 4 months - could be his thought,感觉是这样——如果我告诉她好话，她会暂时忘记我 4 个月没碰她——可能是他的想法。,2026-07-28T23:56:55.000Z,https://www.reddit.com/r/DeadBedrooms/comments/1v9ejpb/comment/p0dbl8s/,01_关系状态-长期无性,,,,,sentiment
情感类社区,r/DeadBedrooms,p0dbdbg,1v9etuv,KneeCurious5435,For a while I hoped being away might help - absence makes the heart grow fonder kinda thing but it doesn’t seem to make a difference. One of the things I thought I did too much was be nude around him - I thought maybe covering up and hiding it would make him actually miss seeing it but that also didn’t work. Overtime is my bestie,有一阵我希望离开会有帮助——小别胜新婚那种，但似乎没什么区别。我以为自己做太多的事之一是裸体在他周围——我想也许遮掩起来会让他真正想念看到它，但也没用。Overtime 是我最好的朋友。,2026-07-28T23:55:44.000Z,https://www.reddit.com/r/DeadBedrooms/comments/1v9etuv/comment/p0dbdbg/,06_克服方式-心理调适-接纳自我,,,,,sentiment
情感类社区,r/DeadBedrooms,p0db1lk,1v9fcya,Ok_Solid9770,You need to 1) take a breather and think about what you really want in life and 2) realize there are men out there who would treat you better. It's all really up to you.,你需要 1) 喘口气想想你真正想要什么，2) 意识到世界上有会对你更好的男人。真的全看你自己。,2026-07-28T23:54:01.000Z,https://www.reddit.com/r/DeadBedrooms/comments/1v9fcya/comment/p0db1lk/,06_克服方式-心理调适-接纳自我,,,,,sentiment
情感类社区,r/DeadBedrooms,p0dazjs,1v9ejpb,Born_Leather8393,Why does he do that? Is that his replacement for sex? He just says nice things and then leave you hanging.,他为什么那样做？那是他对性的替代品吗？他就说些好话然后让你悬着。,2026-07-28T23:53:43.000Z,https://www.reddit.com/r/DeadBedrooms/comments/1v9ejpb/comment/p0dazjs/,01_关系状态-冷淡疏离,,,,,sentiment
情感类社区,r/DeadBedrooms,p0danxk,1v9fcya,Royal-Asparagus-5162,I’d probably start a plan too leave or see a marriage counselor,我大概会开始计划离开或找婚姻咨询师。,2026-07-28T23:52:02.000Z,https://www.reddit.com/r/DeadBedrooms/comments/1v9fcya/comment/p0danxk/,06_克服方式-心理调适-学习知识,,,,,sentiment
情感类社区,r/DeadBedrooms,p0da4yd,1v9etuv,MaximumEffortWins,Appreciate the kind words. I find myself working a lot more when I'm struggling with it...and maybe I need to try to find a distraction at or near home instead to be around more.,谢谢你的好话。我发现挣扎时我会工作更多……也许我该试着在家里或家附近找分散注意力的方式，多待在家里。,2026-07-28T23:49:18.000Z,https://www.reddit.com/r/DeadBedrooms/comments/1v9etuv/comment/p0da4yd/,06_克服方式-心理调适-接纳自我,,,,,sentiment
情感类社区,r/DeadBedrooms,p0da1wj,1v9etuv,Yup_ImAwesome,"You can definitely suggest couples therapy but she has to want it too. You can’t force the sexual connection, even if you once had it.",你当然可以建议夫妻治疗，但她也得想要。你不能强迫性连接，即使你曾经有过。,2026-07-28T23:48:52.000Z,https://www.reddit.com/r/DeadBedrooms/comments/1v9etuv/comment/p0da1wj/,04_应对方式-寻求专业帮助,,,,,sentiment
情感类社区,r/DeadBedrooms,p05zs3s,1v8gqcn,IrrationalRotations,"Have you heard of the listener speaker exercise? That could help you here I think.  The basic idea is that you take turns, one person expressing a though or opinion or feeling, focused on themselves (I.e, uses 'I' statements) the other person listens and asks clarifying questions. The listener summarises the speakers perspective, then you switch roles.  The key ideas are that the listener and speaker aren't debating or negotiating, they're just putting their thoughts out there. The listener doesn't have to agree with anything the speaker says, they just have to listen. The goal isn't getting your point across, it's understanding the other person.   In you case, I think you could engage with it like this... (Amend as necessary)  You could take the turn as the speaker, you could express that you feel a bit lost and hopeless about your sex life. You could let her know that you are really curious about how she experiences sex, and would like to know more about it, but that you also understand that she doesn't have easy answers for you. You could let her know that she doesn't have to share anything with you that she doesn't want to, but that you are willing to listen to her thoughts.   I think they key things you would want to express is that you are an emotionally safe person to share feelings like this with (of course, that has to actually be true, and actions speak much louder than words).  I doubt she would be able to respond in the moment, but maybe getting this across will help her feel safer to explore.  As the lower libido partner, questions like this can feel intimidating. They can feel like you are being asked for information that can be used to pressure you in the future. IMO, that causes a short circuit, and you really don't want to explore those feelings at all. If you partner feels this way, really reinforcing safety and autonomy would be absolutely key here.",你听说过倾听者-说话者练习吗？我觉得这可能对你有帮助。基本想法是轮流，一个人表达想法或观点或感受，专注自己（用'我'陈述），另一个人倾听并问澄清问题。倾听者总结说话者的观点，然后交换角色。关键点是倾听者和说话者不是在辩论或谈判，他们只是把想法说出来。倾听者不必同意说话者说的任何事，只需倾听。目标不是表达你的观点，而是理解对方。就你的情况，我觉得可以这样进行……作为说话者，你可以表达你对性生活感到有点迷失和无望。你可以让她知道你很好奇她如何体验性，想知道更多，但也理解她没有容易的答案。你可以让她知道她不需要分享任何她不想分享的，但你愿意倾听她的想法。我认为你要表达的关键点是你是可以安全分享这类感受的人（当然，这必须是真的，行动比言语响亮得多）。我怀疑她当下无法回应，但也许传达这一点会帮她觉得更安全去探索。作为低性欲一方，这样的问题可能吓人。它们可能让人觉得你在被要求提供将来可能被用来施压的信息。在我看来，那会导致短路，你完全不想探索那些感受。如果你的伴侣有这种感觉，真正加强安全和自主绝对关键。,2026-07-27T23:58:08.000Z,https://www.reddit.com/r/DeadBedrooms/comments/1v8gqcn/comment/p05zs3s/,06_克服方式-心理调适-学习知识,,,,,sentiment
情感类社区,r/DeadBedrooms,p05zhy9,1v8fmtn,StrategyAncient6770,Did your wife ever go to therapy after the pregnancy loss?,你妻子在流产之后有去治疗吗？,2026-07-27T23:56:38.000Z,https://www.reddit.com/r/DeadBedrooms/comments/1v8fmtn/comment/p05zhy9/,未提及,,,,,sentiment
情感类社区,r/DeadBedrooms,ozypc6v,1v6ug8o,Last_Recognition576,"You need a distraction free place to mind dump. Get out of your head space where you're going in circles. Get out of the roller coaster of emotions. Write or talk out loud to yourself, sound board off friends, therpy - whatever works for you. Breadcrumbs are never enough. Highs only sometimes are never enough. People are more deserving than that.   Sometimes we're our own worst enemy. You don't have to dig that far to get to fertile soil: it's just deciding what you want to grow. You try to grow beans next to onions and they'll die - starved of nitrogen rich bacteria. Meanwhile, you grow them next to corn and they flourish.   You're a fish out of water - time to stop swimming in circles and decide: what do you need to be true, to stop growing things that'll only bring you down?",你需要一个无干扰的地方倒空大脑。离开你原地打转的思维空间。离开情绪的过山车。写下来或大声对自己说，跟朋友倾诉，治疗——什么对你有用就用什么。面包屑永远不够。偶尔的高潮永远不够。人们比那更值得。有时我们自己是自己最大的敌人。你不用挖多深就能到达肥沃的土壤：只是决定你想种什么。你在洋葱旁边种豆子它们会死——缺乏固氮细菌。而种在玉米旁边它们就茁壮成长。你是离水的鱼——是时候停止原地游动，决定：你需要什么成为真实，才能停止种植只会把你拖下去的东西？,2026-07-26T23:57:02.000Z,https://www.reddit.com/r/DeadBedrooms/comments/1v6ug8o/comment/ozypc6v/,06_克服方式-心理调适-接纳自我,,,,,sentiment
情感类社区,r/DeadBedrooms,ozyojuw,1v74go0,rwb8xx,You can text him that you forgot to wear panties and what should I do because I have been so horny today. Then text please help me. Or watch some porn and have the volume up when he gets home tell him your turn. Or tell him the repair guy was eyeing me and I couldn't wait for you to see me.,你可以给他发短信说你忘了穿内裤该怎么办，因为我今天一直很饥渴。然后发请帮我。或者看些色情片把音量开大，他回家时告诉他轮到你了。或者告诉他修理工在瞄我，我迫不及待想让你看我。,2026-07-26T23:52:36.000Z,https://www.reddit.com/r/DeadBedrooms/comments/1v74go0/comment/ozyojuw/,04_使用场景-情境场景-独处放松,,,,,sentiment
情感类社区,r/DeadBedrooms,ozyo7gl,1v7j32e,Red_uctive,"Although I’m still attracted to my wife I actually don’t like some of the more sensual touching, either giving or receiving. It feels uncomfortable and done as an expression of an expectation rather than desire. It feels a lot like a platonic relationship now, when I think about it.",虽然我仍然被妻子吸引，但我其实不喜欢某些更性感的抚摸，无论是给予还是接受。感觉不舒服，像是作为期望的表达而不是欲望的表达。想想，现在感觉很像柏拉图式的关系。,2026-07-26T23:50:39.000Z,https://www.reddit.com/r/DeadBedrooms/comments/1v7j32e/comment/ozyo7gl/,05_使用阻碍-心理状态-预期失望,,,,,sentiment
情感类社区,r/DeadBedrooms,ozyo06i,1v74go0,Hiding_MyCrazy,Thank you!,谢谢！,2026-07-26T23:49:29.000Z,https://www.reddit.com/r/DeadBedrooms/comments/1v74go0/comment/ozyo06i/,未提及,,,,,sentiment
情感类社区,r/DeadBedrooms,ozynjgg,1v74go0,Justwannaread3,"""Hi honey, I'd like to talk about something that I think you know has been on my mind. I've brought up my feelings around our sex life to you before, but I'm realizing I really need to know more about your perspective.""",'嗨亲爱的，我想谈谈一件我认为你知道一直在我心里的事。我以前跟你提过我对我们性生活的感受，但我意识到我真的需要更多地了解你的视角。',2026-07-26T23:46:53.000Z,https://www.reddit.com/r/DeadBedrooms/comments/1v74go0/comment/ozynjgg/,06_克服方式-心理调适-学习知识,,,,,sentiment
情感类社区,r/DeadBedrooms,ozyn9pu,1v7j32e,Soft-Foundation-8570,"Exactly. I was going to make an almost identical post, because my husband doesn’t want to please me or otherwise make sex comfortable for me. Lack of enthusiastic consent is a huge turn-off. I’ve just accepted we’ll never have sex again.",正是。我本来要发几乎一样的帖子，因为我丈夫不想取悦我或让性对我舒服。缺乏热情的同意是巨大的扫兴。我已经接受我们再也不会做爱了。,2026-07-26T23:45:21.000Z,https://www.reddit.com/r/DeadBedrooms/comments/1v7j32e/comment/ozyn9pu/,05_使用阻碍-心理状态-预期失望,,,,,sentiment
情感类社区,r/DeadBedrooms,ozymt0d,1v7i8nc,No-Anybody5719,Exactly the same here. She’s great in most every way. Been married 27 years and it’s sad but I couldn’t just leave for that. Hysterectomy 8 years ago and Menopause is a bitch. It’s porn or gf now,这里完全一样。她在几乎所有方面都很棒。结婚 27 年了，很悲伤但我不能为了那个离开。8 年前子宫切除，更年期是婊子。现在是色情片或女朋友了。,2026-07-26T23:42:44.000Z,https://www.reddit.com/r/DeadBedrooms/comments/1v7i8nc/comment/ozymt0d/,05_使用阻碍-伴侣关系-感情隐患,,,,,sentiment
情感类社区,r/DeadBedrooms,ozymph3,1v7dv7f,StandardArtist2154,"Sorry , I didn't mean that as gloating. And trust me, it hasn't been this way without a ton of work already!",抱歉，我不是在炫耀。相信我，没有大量工作不会变成这样！,2026-07-26T23:42:11.000Z,https://www.reddit.com/r/DeadBedrooms/comments/1v7dv7f/comment/ozymph3/,04_应对方式-主动沟通,,,,,sentiment
情感类社区,r/DeadBedrooms,ozymm5l,1v7dv7f,squidKnee1205,Wish I could give you a hug. Keep you’re head up,真希望能给你一个拥抱。抬起头。,2026-07-26T23:41:39.000Z,https://www.reddit.com/r/DeadBedrooms/comments/1v7dv7f/comment/ozymm5l/,06_克服方式-心理调适-接纳自我,,,,,sentiment
情感类社区,r/DeadBedrooms,ozymjik,1v7gurc,TaleEnvironmental224,I think that may have been the first of many things I did that signaled my tacit approval of the situation.,我想那可能是我做的许多事情中的第一件，表明我默认接受了这个状况。,2026-07-26T23:41:15.000Z,https://www.reddit.com/r/DeadBedrooms/comments/1v7gurc/comment/ozymjik/,04_应对方式-接受现状/妥协,,,,,sentiment
情感类社区,r/DeadBedrooms,ozym0ii,1v7hwpx,Justwannaread3,">When I try to explain how all this makes me feel—that constantly being rejected hurts, that I don’t feel desired, and that after a while it genuinely affects my mood—she says she’s been hearing these complaints for our entire relationship, more than 30 years now. Then she becomes upset or defensive and says she hates being confronted about it. That’s usually where the conversation ends.  I think you are seriously underestimating how destructive this pattern can be to sexual safety and security within a relationship.",'当我试图解释这一切给我的感受——不断被拒绝很伤人，我不觉得自己被渴望，时间久了真的影响我的情绪——她说她在这段关系里听这些抱怨听了整个超过 30 年。然后她变得不安或防御，说她讨厌被质问。对话通常就在那里结束。' 我觉得你严重低估了这个模式对关系内性安全和安全感有多么破坏性。,2026-07-26T23:38:17.000Z,https://www.reddit.com/r/DeadBedrooms/comments/1v7hwpx/comment/ozym0ii/,05_使用阻碍-心理状态-羞耻愧疚,,,,,sentiment
情感类社区,r/DeadBedrooms,ozykyac,1v7gurc,Organic-Yoghurt-1063,"Honestly it sounds like you deserve better, and if she’s giving you the silent treatment for expressing needs then she probably won’t find it easy to have any functioning adult relationship 🤷‍♀️ best of luck whatever the outcome, I hope you prioritise your health and happiness. We only get one go round at life and you deserve fulfilment!",说实话听起来你值得更好的，如果她因为表达需求就对你冷暴力，那她可能很难维持任何功能性的成人关系 🤷‍♀️ 无论结果如何祝你好运，我希望你把健康和幸福放在首位。我们只有一次人生，你值得满足！,2026-07-26T23:32:22.000Z,https://www.reddit.com/r/DeadBedrooms/comments/1v7gurc/comment/ozykyac/,06_克服方式-心理调适-接纳自我,,,,,sentiment
情感类社区,r/DeadBedrooms,ozykkn9,1v7i8nc,Blanka18,"You could say that, it’s not the same tho is it…",你可以这么说，但不一样，不是吗……,2026-07-26T23:30:15.000Z,https://www.reddit.com/r/DeadBedrooms/comments/1v7i8nc/comment/ozykkn9/,未提及,,,,,sentiment
情感类社区,r/DeadBedrooms,ozrw97t,1v6jf1w,Amrun90,"So? Your point is so nebulous. MAYBE she could put more effort, maybe she couldn’t, and you have no way of knowing.",所以呢？你的观点太模糊了。也许她能更努力，也许不能，你无从知道。,2026-07-25T23:59:08.000Z,https://www.reddit.com/r/DeadBedrooms/comments/1v6jf1w/comment/ozrw97t/,未提及,,,,,sentiment
情感类社区,r/DeadBedrooms,ozrvwyj,1v68jwn,One-Respect2037,"If your wife is the same age, she is in perimenopause. You need to learn more about it, she probably doesn’t know enough about it. Read a book on it. Her hormones are going crazy in her body, your reaction isn’t helping. Work with a menopause doctor or hormone specialist, not your regular gyno or doctor. If she ever took birth control they could have stopped her body from producing her own hormones. Before you call it quits make sure you both understand what is happening",如果你妻子同龄，她处于围绝经期。你需要多了解它，她可能自己也不太懂。读一本关于它的书。她体内的激素在翻天覆地，你的反应没有帮助。找更年期医生或激素专家，不要找普通妇科医生或医生。如果她曾吃过避孕药，那可能阻止了她的身体产生自己的激素。在放弃前，确保你们俩都理解正在发生什么。,2026-07-25T23:57:11.000Z,https://www.reddit.com/r/DeadBedrooms/comments/1v68jwn/comment/ozrvwyj/,06_克服方式-心理调适-学习知识,,,,,sentiment
情感类社区,r/DeadBedrooms,ozrva7k,1v6jf1w,seawitchbitch,And sometimes it is.,有时候确实是。,2026-07-25T23:53:35.000Z,https://www.reddit.com/r/DeadBedrooms/comments/1v6jf1w/comment/ozrva7k/,未提及,,,,,sentiment
情感类社区,r/DeadBedrooms,ozrurqm,1v6jf1w,bbevem,Same,一样。,2026-07-25T23:50:37.000Z,https://www.reddit.com/r/DeadBedrooms/comments/1v6jf1w/comment/ozrurqm/,未提及,,,,,sentiment
情感类社区,r/DeadBedrooms,ozrui98,1v6m15u,borgiesdog,"That is because women are often told “if you don’t give it to him, he will get it somewhere else” maybe you guys should talk about that. She might insist on having sex before you leave town so that you don’t “stray” while you are gone",那是因为女人经常被告知'如果你不给他，他会去别处要'。也许你们该谈谈那个。她可能会坚持在你离开城市前做爱，这样你在外就不会'出轨'。,2026-07-25T23:49:05.000Z,https://www.reddit.com/r/DeadBedrooms/comments/1v6m15u/comment/ozrui98/,05_使用阻碍-伴侣关系-感情隐患,,,,,sentiment
情感类社区,r/DeadBedrooms,ozrsnit,1v6m6yn,sneakygirl24x,divorce is difficult. not impossible. i hope ur wife finds a real good boy.,离婚很难。但不是不可能。希望你妻子找到一个真正的好男人。,2026-07-25T23:38:18.000Z,https://www.reddit.com/r/DeadBedrooms/comments/1v6m6yn/comment/ozrsnit/,04_应对方式-考虑离开/结束关系,,,,,sentiment
情感类社区,r/DeadBedrooms,ozrs3af,1v6jf1w,Huge_Answer4287,"The problem with painful sex is how the brain works. Unless and until it is resolved sex becomes something to avoid. Anything that normally leads up to sex causes anxiety. Anxiety causes muscle tension and muscle tension leads to more pain. And unfortunately, speaking from experience, it can be very difficult to resolve. 1st they have to determine the cause then you have to get through the treatment. It's possible she may be able to resolve it quickly depending on rhe cause, but it's also possible it will take years and may never fully resolve. If your libido is such that you can not be supportive and understanding through that, it's better to leave. Your emotional reaction is going to create a tension that is going to make it even worse for her. It sucks. She is going to be hurt that sex is more important than love, but in the long run it's probably better for both of you if you be honest about your needs as you have here. A high libido spouse with a spouse struggling with pain during sex is a high stress relationship that isn't good for either person.",疼痛性爱的问题是大脑的运作方式。除非解决否则性会变成要避免的事。任何通常通向性的事都引起焦虑。焦虑导致肌肉紧张，肌肉紧张导致更多疼痛。不幸的是，从经验来说，这可能很难解决。首先他们必须确定原因，然后你得通过治疗。她有可能很快解决，取决于原因，但也可能花很多年甚至永远无法完全解决。如果你的性欲让你无法在过程中支持和理解，最好离开。你的情绪反应会产生紧张，让她更糟。这很糟。她会伤心性比爱更重要，但长远看，如果你像在这里一样诚实地表达你的需求，可能对你们俩都好。高性欲配偶配上性交疼痛的配偶是高压力关系，对谁都不好。,2026-07-25T23:35:06.000Z,https://www.reddit.com/r/DeadBedrooms/comments/1v6jf1w/comment/ozrs3af/,05_使用阻碍-产品本身-尺寸不合适,,,,,sentiment
情感类社区,r/DeadBedrooms,ozrs08w,1v6mw1g,GWshark1518,If you have things to say feel free to message me. I’d be interested in what they are. Who knows could be helpful.,如果你有什么要说的，随时给我发消息。我对它们会是什么感兴趣。谁知道呢，也许会有帮助。,2026-07-25T23:34:36.000Z,https://www.reddit.com/r/DeadBedrooms/comments/1v6mw1g/comment/ozrs08w/,04_应对方式-寻求社群支持,,,,,sentiment
情感类社区,r/DeadBedrooms,ozl8dan,1v5k243,Maleficent_Tour974,"It would be so much easier if it was just leave and done. The living together thing is nuts. Such a mind fuck. I keep doubting myself, feeling relief, sadness im a mess. Im really looking forward to those fresh sheets.",如果只是离开就完事会容易得多。住在一起的事太疯狂了。太折磨人了。我不断怀疑自己，感到解脱、悲伤，我是一团糟。我真的很期待那些新床单。,2026-07-24T23:53:52.000Z,https://www.reddit.com/r/DeadBedrooms/comments/1v5k243/comment/ozl8dan/,05_使用阻碍-伴侣关系-感情隐患,,,,,sentiment
情感类社区,r/DeadBedrooms,ozl82pk,1v5k243,Maleficent_Tour974,Yeah I keep hearing that,是的，我一直听到那个。,2026-07-24T23:52:12.000Z,https://www.reddit.com/r/DeadBedrooms/comments/1v5k243/comment/ozl82pk/,未提及,,,,,sentiment
情感类社区,r/DeadBedrooms,ozl80hc,1v5s3jc,No-Philosopher-3481,"Wait I’m sorry, did you say 60 plus?",等等，抱歉，你说 60 以上？,2026-07-24T23:51:51.000Z,https://www.reddit.com/r/DeadBedrooms/comments/1v5s3jc/comment/ozl80hc/,未提及,,,,,sentiment
情感类社区,r/DeadBedrooms,ozl7vcc,1v0qu1b,EarlyPool3232,"I don’t claim to be happy; I know I was much more sour when I was younger. However, I choose to live my life. My husband teases me occasionally about our sex life, saying he can’t wait to have sex. It’s been nearly two years now. I usually just smile and say, ‘Yup, can’t wait,’ though it never actually happens. I haven’t even tried since 2023. I wish I understood how he feels, but we just pretend everything is fine.",我不声称自己快乐；我知道年轻时我更尖酸。但我选择过我的生活。我丈夫偶尔拿我们的性生活开玩笑，说他等不及要做爱。已经快两年了。我通常只是微笑说'嗯，等不及了'，虽然其实从没发生过。我从 2023 年起就没再试过。我希望我能理解他的感受，但我们都假装一切都好。,2026-07-24T23:51:03.000Z,https://www.reddit.com/r/DeadBedrooms/comments/1v0qu1b/comment/ozl7vcc/,05_使用阻碍-心理状态-预期失望,,,,,sentiment
情感类社区,r/DeadBedrooms,ozdyoc5,1v4p1ft,WaterLily55896,you obviously need to dump the selfish pig. there is really no options here. he does not care!!! this is the biggest red flag. the longer you stay the more PTSD you will feel later. did you have any prior good experience?,你显然需要甩掉这个自私的猪。这里真的没有选项。他不在乎！！！这是最大的红旗。你待得越久，之后你会感受到越多的 PTSD。你之前有过好的经历吗？,2026-07-23T23:55:59.000Z,https://www.reddit.com/r/DeadBedrooms/comments/1v4p1ft/comment/ozdyoc5/,05_使用阻碍-伴侣关系-感情隐患,,,,,sentiment
情感类社区,r/DeadBedrooms,ozdyi1j,1v4q3ms,MaxwellPancakesMcgee,"It's kind of framed as I caused the DB, so only I have to work on it. Which, I did, I quit drinking because I had a drinking problem and got very depressed and had a lot of trauma I was running away from resurface after I quit and also stopped almost all sexual intimacy during that time.   And I do very much understand those years were very hard on him and affected him very much, and that it hurt him, but, yeah, there were many things he said and continues to bring up that are really hurting the overall goal.",它有点被框定为我造成了 DB，所以只有我需要努力。而我确实努力了——我戒了酒，因为我曾有酗酒问题和严重抑郁，戒酒后很多我一直逃避的创伤重新浮现，那段时间我也几乎停止了所有性亲密。我非常理解那几年对他很难、影响了他很多、伤害了他，但是，是的，他说过并继续提起的许多话真的在伤害共同的目标。,2026-07-23T23:55:02.000Z,https://www.reddit.com/r/DeadBedrooms/comments/1v4q3ms/comment/ozdyi1j/,05_使用阻碍-心理状态-负罪感,,,,,sentiment
情感类社区,r/DeadBedrooms,ozdy8gj,1v47l27,Irislynx,So you've already established that he's a cheater. I'm sorry but cheaters don't change. I've never seen one change I've never heard of one changing. Best they get better at hiding it. He's definitely been cheating no doubt about it. He didn't want an open relationship because he wants to get his and he doesn't want you to get yours. That's also very common with cheaters.,所以你已经确定他是出轨者。对不起，出轨者不会改变。我从没见过一个改变，从没听说过一个改变。最好的情况是他们更擅长隐藏。他肯定在出轨，毫无疑问。他不想开放关系是因为他想得到他的，不想让你得到你的。这在出轨者中也很常见。,2026-07-23T23:53:34.000Z,https://www.reddit.com/r/DeadBedrooms/comments/1v47l27/comment/ozdy8gj/,05_使用阻碍-伴侣关系-感情隐患,,,,,sentiment
情感类社区,r/DeadBedrooms,ozdxww9,1v47l27,Irislynx,He for sure was or is cheating. Absolutely no doubt about it. You did not get STDs from saunas. The high heat would prevent that even without the heat it would be almost impossible. My guess is that he's had a long-term affair and that they broke up and so he's back with me now,他肯定曾经或正在出轨。绝对毫无疑问。你不会从桑拿感染性病。高温会防止那个，即使没有高温也几乎不可能。我猜他有一段长期婚外情，他们分手了，所以他现在回到我身边。,2026-07-23T23:51:48.000Z,https://www.reddit.com/r/DeadBedrooms/comments/1v47l27/comment/ozdxww9/,05_使用阻碍-伴侣关系-感情隐患,,,,,sentiment
情感类社区,r/DeadBedrooms,ozdxs8w,1v4q3ms,qld-cymru,This is nothing to do with a DB - it’s a problem of an abusive relationship.,这和 DB 无关——这是虐待关系的问题。,2026-07-23T23:51:05.000Z,https://www.reddit.com/r/DeadBedrooms/comments/1v4q3ms/comment/ozdxs8w/,05_使用阻碍-伴侣关系-感情隐患,,,,,sentiment
情感类社区,r/DeadBedrooms,ozdx0t6,1v4k6i8,Dizzy-Engineering-95,"I have adhd myself diagnosed as a child and some of the two things do have overlaps, it’s almost like “the same but different” type of thing. My wife was super freaky in the beginning but once she felt safe enough to start unpacking her trauma it’s like a switch flipped granted she’s a victim of SA and stuff so I completely understand and do my best not to like force anything so she feels comfortable enough to share things with me as I just want the best for her. It definitely sucks cuz my sex drive is super high and I’m ready to go anytime especially since I work out all the time, but I also can’t do anything sexually if it isn’t with her because I quite frankly don’t like anyone. It’s just a patience thing but definitely get yours screened, my wife doesn’t really care to get an official screening for it anymore just because as an adult it is a bit of a process compared to screening a child.",我自己有多动症，小时候确诊的，这两件事确实有重叠，几乎是'相同但不同'那种。我妻子开始时超级野，但一旦她感到足够安全开始打开创伤，就像开关翻转了，当然她是性侵受害者之类的，所以我完全理解，尽最大努力不强迫任何事，让她觉得足够舒服和我分享事情，因为我只想要她最好。这确实很糟，因为我的性欲超高，随时可以，尤其我一直锻炼，但如果对象不是她我也不能做任何性事，因为坦白说我不喜欢任何人。这只是耐心的问题，但你一定要去筛查，我妻子不太在乎去正式筛查了，因为作为成人那是个比儿童筛查更麻烦的过程。,2026-07-23T23:46:53.000Z,https://www.reddit.com/r/DeadBedrooms/comments/1v4k6i8/comment/ozdx0t6/,05_使用阻碍-心理状态-羞耻愧疚,,,,,sentiment
情感类社区,r/DeadBedrooms,ozdwwj5,1v4p1ft,Jazzlike_Caramel_522,"This isn’t just a relationship without sex. It’s a relationship without respect or consideration.   Yes such relationships can last. Abusive relationships last, marriages of convenience last, people do till death do it parts with beards.   The question isn’t can it last but do you want to live that way?",这不只是没有性的关系。这是没有尊重或体谅的关系。是的，这种关系可以持续。虐待关系会持续，方便婚姻会持续，人们会'直到死亡将我们分开'还留着胡子。问题不是能不能持续，而是你想不想那样生活？,2026-07-23T23:46:15.000Z,https://www.reddit.com/r/DeadBedrooms/comments/1v4p1ft/comment/ozdwwj5/,05_使用阻碍-伴侣关系-感情隐患,,,,,sentiment
情感类社区,r/DeadBedrooms,ozdvyr2,1v4q3ms,r_was61,He isn’t being nice to you.,他对你不好。,2026-07-23T23:41:08.000Z,https://www.reddit.com/r/DeadBedrooms/comments/1v4q3ms/comment/ozdvyr2/,01_关系状态-冷淡疏离,,,,,sentiment
情感类社区,r/DeadBedrooms,ozdvmh5,1v4p1ft,Browneyedgal21,Dump this guy.,甩了这个男人。,2026-07-23T23:39:15.000Z,https://www.reddit.com/r/DeadBedrooms/comments/1v4p1ft/comment/ozdvmh5/,05_使用阻碍-伴侣关系-感情隐患,,,,,sentiment
情感类社区,r/DeadBedrooms,oz6mki1,1v1rmux,Head-Technology-4031,"To all the other points here, the other thought might be when she is using the toy on herself, she has found a spot that you aren’t hitting when you have sex together. She may be not want to let you know that, and is reason she is doing it for her own pleasure, but doesn’t want to diminish your together sexual interactions 🤷🏻‍♀️God luck figuring it out and working it out.",对于这里的其他观点，另一个想法可能是她用玩具自慰时，找到了一个你们做爱时你没有碰到的点。她可能不想让你知道，这就是她自己享受的原因，但不想削弱你们共同性互动的意义 🤷🏻‍♀️ 祝你好运搞清楚并解决它。,2026-07-22T23:58:00.000Z,https://www.reddit.com/r/DeadBedrooms/comments/1v1rmux/comment/oz6mki1/,04_使用场景-情境场景-独处放松,,,,,sentiment
情感类社区,r/DeadBedrooms,oz6lt9g,1v2vqn9,Candid-Strawberry-79,This sounds abusive. Purposefully causing confusion.,这听起来像虐待。故意制造困惑。,2026-07-22T23:53:57.000Z,https://www.reddit.com/r/DeadBedrooms/comments/1v2vqn9/comment/oz6lt9g/,05_使用阻碍-伴侣关系-感情隐患,,,,,sentiment
情感类社区,r/DeadBedrooms,oz6koj6,1v2hdjq,derwood75801,"I left a comment on a seperate post, empathizing with what another guy was going through and how my wife does the samething to me, and they hit me with rule 5, which was pure bullshit.",我在另一个帖子里留了评论，对另一个男人的遭遇表示共情，说我的妻子也对我做同样的事，然后他们用规则 5 打我，纯粹是胡说八道。,2026-07-22T23:47:56.000Z,https://www.reddit.com/r/DeadBedrooms/comments/1v2hdjq/comment/oz6koj6/,未提及,,,,,sentiment
情感类社区,r/DeadBedrooms,oz6imwk,1v2hdjq,canalope999,They are,他们是。,2026-07-22T23:37:07.000Z,https://www.reddit.com/r/DeadBedrooms/comments/1v2hdjq/comment/oz6imwk/,未提及,,,,,sentiment
情感类社区,r/DeadBedrooms,oz6i8ow,1v3wo0h,Pure_Elephant2152,"Good question.  You are already aware that he prioritize sex over affection and he is getting frustrated due to it. Question to you, do you want to have future with someone who doesn't understand your pain and medical situation?  From his perspective, does he need to spend life with someone who cannot satisfy his physical needs due to medical condition?   You just need to answer both questions and you know what to do.",好问题。你已经意识到他把性置于感情之上，并因此沮丧。问你：你想和一个不理解你的痛苦和医疗状况的人有未来吗？从他的角度：他需要和一个因医疗状况无法满足他身体需求的人共度一生吗？你只需要回答这两个问题，你就知道该怎么做了。,2026-07-22T23:35:00.000Z,https://www.reddit.com/r/DeadBedrooms/comments/1v3wo0h/comment/oz6i8ow/,05_使用阻碍-伴侣关系-感情隐患,,,,,sentiment
情感类社区,r/DeadBedrooms,oz6i7t5,1v3mho7,atomic-joy99,So did I 😆 I told him “it’s yours when we’re fucking”,我也是 😆 我告诉他'我们做爱时它就是你的',2026-07-22T23:34:52.000Z,https://www.reddit.com/r/DeadBedrooms/comments/1v3mho7/comment/oz6i7t5/,未提及,,,,,sentiment
情感类社区,r/DeadBedrooms,oz6i6wu,1v2hdjq,derwood75801,"Is it me, or are these mods way too freaking sensitive?",是我想多了，还是这些版主太敏感了？,2026-07-22T23:34:44.000Z,https://www.reddit.com/r/DeadBedrooms/comments/1v2hdjq/comment/oz6i6wu/,未提及,,,,,sentiment
情感类社区,r/DeadBedrooms,oz6gc3e,1v26lrw,FunCelebration6997,I agree sex is important but i felt like we were doing enough where even if that part wasn't as much as she wanted the strong emotional connection and shared future and how much fun we had just coexisting together would power us through. I thought her getting weekly multiple orgasms via oral and toys when i had to stop trimix and couldnt do piv was enough. I wish i could go back,我同意性很重要，但我当时觉得我们已经做得够多，即使那部分没她想要的那么多，强烈的情感连接和共同未来以及我们共存时的乐趣会支撑我们度过。我以为她每周通过口交和玩具获得多次高潮——当我不得不停止 trimix 无法做 PIV 时——就够了。真希望能回到过去。,2026-07-22T23:25:01.000Z,https://www.reddit.com/r/DeadBedrooms/comments/1v26lrw/comment/oz6gc3e/,05_使用阻碍-心理状态-预期失望,,,,,sentiment
情感类社区,r/DeadBedrooms,oyz7yqj,1v2z9ib,AllYallAintNothin,"Well, for one, couple's therapy doesn't necessarily denounce a relationship is in trouble. One of my closest friends went to couple's therapy prior to him and his wife getting married just to make sure they were compatible enough to get married. Basically like a checkup at the doctor but for their relationship.  Regardless of that, if you've reached an impasse in your relationship and your partner doesn't have the want or urgency to fix it, well... that feels kind of definitive and you probably already have an answer for that. I've been with my wife for 17 years. We show up for each other no matter how big or small the problem is. If she has something she needs from me, I find a way to give it, and vice versa. You're asking for him to help fix this with you and he isn't budging.",嗯，首先，夫妻治疗不一定意味着关系有问题。我一个最亲近的朋友在婚前和妻子做夫妻治疗只是为了确保他们足够兼容结婚。基本上是医生体检，但针对关系。不管怎样，如果你在关系中达到僵局而伴侣没有意愿或紧迫感去修复，嗯……那感觉相当有决定性，你可能已经有答案了。我和妻子在一起 17 年。无论问题大小我们都为彼此出现。如果她有需要我的东西，我找办法给她，反之亦然。你要求他帮你一起修复这个，他却不松动。,2026-07-21T23:58:37.000Z,https://www.reddit.com/r/DeadBedrooms/comments/1v2z9ib/comment/oyz7yqj/,06_克服方式-心理调适-学习知识,,,,,sentiment
情感类社区,r/DeadBedrooms,oyz7j7d,1v2m78s,CutApprehensive7354,"Hello! I hope you're doing well.  Many people look at porn that is different from their partners, as what someone wants in fantasy can look different than reality. I know men who fantasize about sex-stupid women hyper-sized badoinks and gazooks but wouldn't be interested in committing to a life partner who acts that way. I'm not sure if this applies, listen to your gut and communicate if possible. I truly wish you the best!",你好！希望你好。很多人看与他们伴侣不同的色情片，因为幻想中想要的东西看起来和现实不同。我认识一些男人幻想傻乎乎的女人和超大奶子，但不会想和一个那样表现的生活伴侣结婚。我不确定是否适用，听从你的直觉，可能的话沟通。真心祝你好！,2026-07-21T23:56:19.000Z,https://www.reddit.com/r/DeadBedrooms/comments/1v2m78s/comment/oyz7j7d/,04_应对方式-主动沟通,,,,,sentiment
情感类社区,r/DeadBedrooms,oyz75mb,1v1iocd,Somebodyelse76,I'm sorry. Definitely maybe she should talk to someone about her anxiety,抱歉。绝对也许她应该找人谈谈她的焦虑。,2026-07-21T23:54:21.000Z,https://www.reddit.com/r/DeadBedrooms/comments/1v1iocd/comment/oyz75mb/,06_克服方式-心理调适-学习知识,,,,,sentiment
情感类社区,r/DeadBedrooms,oyz6uwb,1v2z7dk,Tough_Teaching_6589,Porn,色情片。,2026-07-21T23:52:47.000Z,https://www.reddit.com/r/DeadBedrooms/comments/1v2z7dk/comment/oyz6uwb/,未提及,,,,,sentiment
情感类社区,r/DeadBedrooms,oyz6uct,1v2z7dk,Select-Ad-2609,Maybe he's stressed out about something. Stress can kill libido for some people,也许他有什么压力。压力可以杀死某些人的性欲。,2026-07-21T23:52:42.000Z,https://www.reddit.com/r/DeadBedrooms/comments/1v2z7dk/comment/oyz6uct/,05_使用阻碍-心理状态-焦虑,,,,,sentiment
情感类社区,r/DeadBedrooms,oyz6mvz,1v1iocd,Comedeorologist,"We live in a very urbanized area. So no dice on roadside flowers. I rub and scratch her back, and rub her feet, as often as she asks. And offer to.do it often enough that she even refuses me sometimes. No expectation for sex. She refuses to entrust our kid to anyone but immediate relatives--unless it's school, a class, or camp. On the days we have off, no kid I'm sight, she always gets anxious about SOMETHING.",我们住在一个非常城市化的地区。所以路边采花不行。她要求时我经常揉她背、搓她脚。主动提供到有时候她甚至拒绝我。没有性期望。她拒绝把孩子托付给除直系亲属外的任何人——除非是学校、课程或夏令营。我们休息的日子没有孩子在眼前，她总是对什么焦虑。,2026-07-21T23:51:36.000Z,https://www.reddit.com/r/DeadBedrooms/comments/1v1iocd/comment/oyz6mvz/,05_使用阻碍-伴侣关系-感情隐患,,,,,sentiment
情感类社区,r/DeadBedrooms,oyz6jtw,1v1ktmh,Upbeat_Profile_8715,"Girl here but exact same situation. The rejection hurts more than not having sex at all, I’m sorry :(",这里是女生，但情况完全一样。被拒绝比完全没有性更伤人，对不起 :(,2026-07-21T23:51:09.000Z,https://www.reddit.com/r/DeadBedrooms/comments/1v1ktmh/comment/oyz6jtw/,05_使用阻碍-心理状态-羞耻愧疚,,,,,sentiment
情感类社区,r/DeadBedrooms,oyz6hsd,1v2z7dk,FirstSisterWife,Like what could the physiological issue be.,比如生理问题可能是什么。,2026-07-21T23:50:51.000Z,https://www.reddit.com/r/DeadBedrooms/comments/1v2z7dk/comment/oyz6hsd/,未提及,,,,,sentiment
情感类社区,r/DeadBedrooms,oyz63m3,1v2z7dk,Select-Ad-2609,"I am sorry about that. As a man, I love to pleasure my woman and I'd do multiple times a day if I can.   However, You're young and by your post you seem to be passionate so I am not sure why you're settling. I am not going to say that he's getting some from somewhere else but there must be a psychological issue. If there isn't, you need to think about yourself you deserve better.",我很抱歉。作为男人，我喜欢取悦我的女人，如果可以我一天想做多次。但是，你还年轻，从你的帖子看似乎很热情，所以我不明白你为什么将就。我不会说他在别处得到了什么，但一定有心理问题。如果没有，你需要为自己想想，你值得更好的。,2026-07-21T23:48:47.000Z,https://www.reddit.com/r/DeadBedrooms/comments/1v2z7dk/comment/oyz63m3/,05_使用阻碍-伴侣关系-感情隐患,,,,,sentiment
情感类社区,r/DeadBedrooms,oyz5ual,1v2vd41,johnboy43214321,"oops.... my bad. I didn't notice the tag. I'm sitting in a library by a window (great view by the way) and the sun is shining in my eyes.   The mods are reasonable. If they delete my comment, then it's deleted. Amor Fati  [https://orionphilosophy.com/amor-fati-meaning-stoicism/](https://orionphilosophy.com/amor-fati-meaning-stoicism/)",哎呀……我的错。我没注意标签。我坐在图书馆窗边（风景很好顺便说），阳光照进我的眼睛。版主是合理的。如果他们删我的评论，那就删了吧。Amor Fati。,2026-07-21T23:47:25.000Z,https://www.reddit.com/r/DeadBedrooms/comments/1v2vd41/comment/oyz5ual/,未提及,,,,,sentiment
情感类社区,r/DeadBedrooms,oyz5ks2,1v2z7dk,No-Mix-9367,Seems like he doesn't care about fixing you can't fix a relationship on your own definitely seems like it time to leave and find a more compatible partner,看起来他不在乎修复。你无法独自修复一段关系，绝对看起来是时候离开找个更兼容的伴侣了。,2026-07-21T23:46:01.000Z,https://www.reddit.com/r/DeadBedrooms/comments/1v2z7dk/comment/oyz5ks2/,05_使用阻碍-伴侣关系-感情隐患,,,,,sentiment
情感类社区,r/DeadBedrooms,oyrxta2,1v1zan9,No-Mix-9367,"Your not wrong I get it, that also killed my partner's drive there wasn't anything there either during that time",你没说错，我理解，那也杀死了我伴侣的欲望，那段时间什么都没有。,2026-07-20T23:57:23.000Z,https://www.reddit.com/r/DeadBedrooms/comments/1v1zan9/comment/oyrxta2/,未提及,,,,,sentiment
情感类社区,r/DeadBedrooms,oyrxlci,1v0qu1b,ISpodermanI,"Agree. Like, you dont want intimacy anymore, fine. But then you need to accept I’m going to be in a shitty mood sometimes and it’s your fault.",同意。比如，你不想再要亲密了，行。但你得接受我有时会心情很糟，而那是你的错。,2026-07-20T23:56:13.000Z,https://www.reddit.com/r/DeadBedrooms/comments/1v0qu1b/comment/oyrxlci/,05_使用阻碍-伴侣关系-感情隐患,,,,,sentiment
情感类社区,r/DeadBedrooms,oyrx4y8,1v1zan9,After_Illustrator130,Honestly I'm afraid of him not finding me attractive during pregnancy when I look pregnant. I've told him this before which he doesn't seem to think will be the case but it had crossed my mind. Sounds silly. But that would completely wreck me,说实话我害怕怀孕时看起来怀孕的状态下他觉得我没有吸引力。我跟他说过这个，他似乎不觉得会这样，但我确实想过。听起来很傻。但那会完全摧毁我。,2026-07-20T23:53:48.000Z,https://www.reddit.com/r/DeadBedrooms/comments/1v1zan9/comment/oyrx4y8/,05_使用阻碍-心理状态-焦虑,,,,,sentiment
情感类社区,r/DeadBedrooms,oyrwra7,1v1op7b,rowanrulith,"I know the feelings you’re going through, we fall back on established patterns of thought because making changes, even if they’re sorely needed and wanted, takes time. Your brain and emotional thought processes are scrambling to catch up. You’re entering new stages of grief when beginning this extreme transition. Even if you were ready, splitting lives is a whole next stage of painful growth.   Give yourself some grace, and accept each little realization that lessens the uncertainty as a small victory even if it doesn’t feel like it.",我懂你的感受，我们回到既定的思维模式因为做出改变，即使迫切需要，也需要时间。你的大脑和情绪思维过程在拼命追赶。开始这个极端转变时你在进入新的悲伤阶段。即使你准备好了，分开生活是痛苦成长的整个下一阶段。给自己一些宽恕，接受每个减少不确定性的小领悟作为小胜利，即使感觉不像。,2026-07-20T23:51:46.000Z,https://www.reddit.com/r/DeadBedrooms/comments/1v1op7b/comment/oyrwra7/,06_克服方式-心理调适-接纳自我,,,,,sentiment
情感类社区,r/DeadBedrooms,oyrwjmp,1v1xx8u,kortniluv1630,"I just left a dude for no sex for over two years (and other reasons but that was a main one). Should have left sooner, honestly.",我刚刚离开一个两年多没有性的男人（还有其他原因，但那是主要原因）。说实话应该更早离开。,2026-07-20T23:50:38.000Z,https://www.reddit.com/r/DeadBedrooms/comments/1v1xx8u/comment/oyrwjmp/,05_使用阻碍-伴侣关系-感情隐患,,,,,sentiment
情感类社区,r/DeadBedrooms,oyrw0s2,1v1mj5t,Common-Nothing4343,"Tell her to please not wait 10 years like I did. I wish I had seen a woman’s specialist sooner. I started on HRT last year and well, last week we discovered that 420 is absolutely amazing for sex. I found out about that in this very section of Reddit. We feel like we are in our 20s again. We have been together 30 years, married for 26. Good luck to you both ❤️",告诉她请别像我一样等 10 年。我真希望更早看女性专科。我去年开始 HRT，上周我们发现在 420 下性爱绝对惊人。我就是在 Reddit 这个区发现的。我们觉得又回到 20 多岁了。我们在一起 30 年，结婚 26 年。祝你们俩好运 ❤️,2026-07-20T23:47:50.000Z,https://www.reddit.com/r/DeadBedrooms/comments/1v1mj5t/comment/oyrw0s2/,06_克服方式-心理调适-学习知识,,,,,sentiment
情感类社区,r/DeadBedrooms,oyrvmqs,1uwd4y1,Ok-Drummer7621,Came to say this. 51HLF. Don’t waste the years or the tears.,来就是想说这个。51HLF。别浪费那些年或那些眼泪。,2026-07-20T23:45:46.000Z,https://www.reddit.com/r/DeadBedrooms/comments/1uwd4y1/comment/oyrvmqs/,06_克服方式-心理调适-接纳自我,,,,,sentiment
情感类社区,r/DeadBedrooms,oyrvk4j,1v1zan9,No-Mix-9367,Good call I wouldn't even go back until there is 180 for a while not take chances,好决定，我甚至不会回去直到有 180 度的转变持续一阵，不冒险。,2026-07-20T23:45:22.000Z,https://www.reddit.com/r/DeadBedrooms/comments/1v1zan9/comment/oyrvk4j/,未提及,,,,,sentiment
情感类社区,r/DeadBedrooms,oyrv0w7,1v1zan9,After_Illustrator130,"I agree which is why if things don't change in the next few weeks, I'm going to have the hard conversation that I would like to be on birth control until I feel secure.",我同意，这就是为什么如果接下来几周没有改变，我会有那个艰难对话：我想开始避孕直到我感觉安全。,2026-07-20T23:42:32.000Z,https://www.reddit.com/r/DeadBedrooms/comments/1v1zan9/comment/oyrv0w7/,06_克服方式-心理调适-降低预期,,,,,sentiment
情感类社区,r/DeadBedrooms,oyrulh1,1v1zan9,No-Mix-9367,Having one. It adds another layer on to a complex situation.,有一个（孩子）。它给复杂情况又加了一层。,2026-07-20T23:40:14.000Z,https://www.reddit.com/r/DeadBedrooms/comments/1v1zan9/comment/oyrulh1/,05_使用阻碍-伴侣关系-感情隐患,,,,,sentiment
情感类社区,r/DeadBedrooms,oyktn1j,1v0u3fm,robot_invader,"30 years is much too long, I'll tell you that for free.",30 年太长了，我免费告诉你。,2026-07-19T23:53:56.000Z,https://www.reddit.com/r/DeadBedrooms/comments/1v0u3fm/comment/oyktn1j/,未提及,,,,,sentiment
情感类社区,r/DeadBedrooms,oykt1mb,1v15gn6,Objective-Silver5228,"Wife had a full hysterectomy (which is obviously not something to hold against her or make her self-conscious about); wife despises me; I’m old, overweight and so poorly endowed that she wouldn’t be making any noise even if she were healthy and liked me.",妻子做了全子宫切除（显然不能因此怪她或让她自卑）；妻子鄙视我；我又老又胖，尺寸小得即使她健康喜欢我也不会有任何声音。,2026-07-19T23:50:45.000Z,https://www.reddit.com/r/DeadBedrooms/comments/1v15gn6/comment/oykt1mb/,05_使用阻碍-心理状态-羞耻愧疚,,,,,sentiment
情感类社区,r/DeadBedrooms,oyks8r7,1v15gn6,Pure_Elephant2152,What's stopping you to eat?,什么阻止你吃东西？,2026-07-19T23:46:27.000Z,https://www.reddit.com/r/DeadBedrooms/comments/1v15gn6/comment/oyks8r7/,未提及,,,,,sentiment
情感类社区,r/DeadBedrooms,oykqsap,1v0u3fm,WholeEmbarrassed950,I’ve made my peace that it isn’t going to get better. I’m hunting for a better paying job and will be leaving once I have enough for a down payment,我已经接受它不会变好。我在找更高薪的工作，攒够首付就会离开。,2026-07-19T23:38:47.000Z,https://www.reddit.com/r/DeadBedrooms/comments/1v0u3fm/comment/oykqsap/,06_克服方式-心理调适-接纳自我,,,,,sentiment
情感类社区,r/DeadBedrooms,oykmco4,1v0g3g4,Yup_ImAwesome,You are too young for this. Read some posts in this forum. Leave now and don’t settle.,你太年轻了，不该这样。读读这个论坛的一些帖子。现在离开，别将就。,2026-07-19T23:16:15.000Z,https://www.reddit.com/r/DeadBedrooms/comments/1v0g3g4/comment/oykmco4/,06_克服方式-心理调适-接纳自我,,,,,sentiment
情感类社区,r/DeadBedrooms,oykl14j,1v0qu1b,photogfrog,I agree with this so much. ❤️,我非常同意。❤️,2026-07-19T23:09:42.000Z,https://www.reddit.com/r/DeadBedrooms/comments/1v0qu1b/comment/oykl14j/,未提及,,,,,sentiment
情感类社区,r/DeadBedrooms,oykkaia,1v0u3fm,Tough_Teaching_6589,"I waited 8 years and that was too long. It didn't feel too long when I was in the thick of it, but it's like a fog is gone and I can see now how much I was wasting my own time. I'm not even talking about hindsight, it really feels like some sort of relationship fog was lifted.",我等了 8 年，太长了。身处其中时感觉没那么长，但就像迷雾散去，我现在能看见自己浪费了多少时间。我不是说事后诸葛，真的感觉某种关系迷雾被揭开了。,2026-07-19T23:06:04.000Z,https://www.reddit.com/r/DeadBedrooms/comments/1v0u3fm/comment/oykkaia/,05_使用阻碍-伴侣关系-感情隐患,,,,,sentiment
情感类社区,r/DeadBedrooms,oykk5mh,1v0uux2,Sacrip,"Has he been diagnosed as ADHD? It might be worth looking into, even if you don't end up staying with him.",他被诊断过 ADHD 吗？可能值得查一下，即使你最终不和他在一起。,2026-07-19T23:05:25.000Z,https://www.reddit.com/r/DeadBedrooms/comments/1v0uux2/comment/oykk5mh/,06_克服方式-心理调适-学习知识,,,,,sentiment
情感类社区,r/DeadBedrooms,oykgpms,1v0u3fm,farrah_berra,Same!,一样！,2026-07-19T22:49:01.000Z,https://www.reddit.com/r/DeadBedrooms/comments/1v0u3fm/comment/oykgpms/,未提及,,,,,sentiment
情感类社区,r/DeadBedrooms,oykd5rx,1v0u3fm,ArcticLeopard,"The stained glass was beautiful, btw",顺便说，彩色玻璃很漂亮。,2026-07-19T22:32:11.000Z,https://www.reddit.com/r/DeadBedrooms/comments/1v0u3fm/comment/oykd5rx/,未提及,,,,,sentiment
情感类社区,r/DeadBedrooms,oykcaz4,1v06qzh,borgiesdog,So far I haven’t found a doctor that my insurance covers who will let me have hormones because I am only 43😭😩 I probably need testosterone as well. They just run hormone panels and ignore it after that and I do not have the money to go to one of the private menopause specialists unfortunately,到目前为止我还没找到保险覆盖、允许我使用激素的医生，因为我只有 43 岁 😭😩 我可能也需要睾酮。他们就是做激素检查然后不管了，而我也没有钱去私人更年期专科。,2026-07-19T22:28:19.000Z,https://www.reddit.com/r/DeadBedrooms/comments/1v06qzh/comment/oykcaz4/,05_使用阻碍-产品本身-价格贵,,,,,sentiment
情感类社区,r/DeadBedrooms,oykc7s0,1v09rhx,Few_Jackfruit9209,I’m in this same boat!,我在这条船上！,2026-07-19T22:27:56.000Z,https://www.reddit.com/r/DeadBedrooms/comments/1v09rhx/comment/oykc7s0/,未提及,,,,,sentiment
情感类社区,r/DeadBedrooms,oydxa6b,1uzhofb,dfwcouple43sum,"Left a DB and rough marriage. Dated and had fun, but the time and energy it took to maintain a relationship just wasn’t something that worked for me.  I am much happier not being disappointed day after day.",离开了 DB 和艰难的婚姻。约会过、玩过，但维持关系所需的时间和精力不适合我。我不再一天天失望，快乐多了。,2026-07-18T23:59:29.000Z,https://www.reddit.com/r/DeadBedrooms/comments/1uzhofb/comment/oydxa6b/,06_克服方式-心理调适-接纳自我,,,,,sentiment
情感类社区,r/DeadBedrooms,oydwwci,1v0b796,Medium-Reference-147,No,不。,2026-07-18T23:57:19.000Z,https://www.reddit.com/r/DeadBedrooms/comments/1v0b796/comment/oydwwci/,未提及,,,,,sentiment
情感类社区,r/DeadBedrooms,oydwpwi,1uzjawn,dfwcouple43sum,Does he think he has a gaming addiction? Those times you threw out there - wow! I don’t even know how he can function and make the logistics work.,他认为自己有游戏成瘾吗？你提到的那些时间——哇！我甚至不知道他怎么正常运作和安排生活。,2026-07-18T23:56:19.000Z,https://www.reddit.com/r/DeadBedrooms/comments/1uzjawn/comment/oydwpwi/,05_使用阻碍-伴侣关系-感情隐患,,,,,sentiment
情感类社区,r/DeadBedrooms,oydwm2s,1v00fgx,rowanrulith,Please consider also posting r/deadbedroomsmd,请考虑也在 r/deadbedroomsmd 发帖。,2026-07-18T23:55:43.000Z,https://www.reddit.com/r/DeadBedrooms/comments/1v00fgx/comment/oydwm2s/,未提及,,,,,sentiment
情感类社区,r/DeadBedrooms,oydwk06,1v0b796,Pure_Elephant2152,Do you seek someone else sexually?,你会性方面寻求别人吗？,2026-07-18T23:55:24.000Z,https://www.reddit.com/r/DeadBedrooms/comments/1v0b796/comment/oydwk06/,未提及,,,,,sentiment
情感类社区,r/DeadBedrooms,oydw4g6,1utmasu,Camo138,Fuck him.. and good working for getting out of that situation.. :) may your life be so much better,去他妈的……干得好，摆脱了那个处境…… :) 愿你的生活好得多。,2026-07-18T23:52:58.000Z,https://www.reddit.com/r/DeadBedrooms/comments/1utmasu/comment/oydw4g6/,06_克服方式-心理调适-接纳自我,,,,,sentiment
情感类社区,r/DeadBedrooms,oydvvzf,1uywpwf,khaleesi_36,"Of course you don’t want to have sex with a partner who has poor hygiene, and who is sexually selfish and uninterested with your pleasure. That is a normal response!  You should leave him. You can’t make someone care about your experience with sex. You admit he’s selfish. Why would you want to be with someone who sees your orgasm and pleasure as optional?   If you ignore this advice and choose to stay, know that you can’t make him change, and you can’t make him care. [He knows. He just doesn’t care](https://www.reddit.com/r/TwoXChromosomes/comments/17yzw35/he_knows_he_doesnt_care/).  If he gets pissy about your declining libido, send him [this blog post](https://zawn.substack.com/p/why-doesnt-my-wife-want-to-have-sex-791). Sums up your issues (and possibly others) quite well.",你当然不想和一个卫生差、性自私、对你的快乐不感兴趣的人做爱。那是正常反应！你应该离开他。你无法让某人在乎你关于性的体验。你自己承认他自私。为什么你想和一个把你的高潮和快乐视为可选项的人在一起？如果你忽略这个建议选择留下，要知道你无法让他改变，无法让他关心。他知道。他只是不在乎。如果他因为你性欲下降而生气，发给他这篇博客文章。很好总结你的问题（可能还有其他的）。,2026-07-18T23:51:39.000Z,https://www.reddit.com/r/DeadBedrooms/comments/1uywpwf/comment/oydvvzf/,05_使用阻碍-伴侣关系-感情隐患,,,,,sentiment
情感类社区,r/DeadBedrooms,oydv3tc,1v03o9p,No-Drawers573,I'm new too...been awhile since any contact for me. I'm not sure what to do anymore,我也是新手……我已经很久没有接触了。我不知道该怎么办了。,2026-07-18T23:47:20.000Z,https://www.reddit.com/r/DeadBedrooms/comments/1v03o9p/comment/oydv3tc/,05_使用阻碍-心理状态-预期失望,,,,,sentiment
情感类社区,r/DeadBedrooms,oyduzcb,1v06qzh,Yup_ImAwesome,"Communication only works if the other person is willing to listen and try to help the situation. You can have the same conversation hundreds of times but if the other person doesn’t see the issues or what change, it won’t happen.",沟通只有在对方愿意倾听并尝试帮助情况时才有用。你可以把同样的对话进行几百次，但如果对方看不到问题或不想改变，就不会发生。,2026-07-18T23:46:39.000Z,https://www.reddit.com/r/DeadBedrooms/comments/1v06qzh/comment/oyduzcb/,05_使用阻碍-伴侣关系-感情隐患,,,,,sentiment
情感类社区,r/DeadBedrooms,oydu8xp,1uzgy6i,khaleesi_36,"If your partner is incapable of learning how to improve, and is not interested in being taught how to please you, then yes they are sexually selfish and you should end the relationship.   This won’t get better. Do you want to live your life never being sexually fulfilled?",如果你的伴侣没有能力学习如何改进，也没有兴趣被教导如何取悦你，那么是的，他们是性自私的，你应该结束关系。这不会变好。你想过永远性得不到满足的生活吗？,2026-07-18T23:42:38.000Z,https://www.reddit.com/r/DeadBedrooms/comments/1uzgy6i/comment/oydu8xp/,05_使用阻碍-伴侣关系-感情隐患,,,,,sentiment
情感类社区,r/DeadBedrooms,oy74aw6,1uydlaa,bbevem,Same here. At this stage i think we are more like separated and just raising kids together. Sleep in our own rooms. Not even a touch. No sex no attraction. Idk what to do. Feels so lonely. And i see other couples and i wonder how they feel. How does it feel to be wanted and happy for once,这里也一样。到这个阶段我觉得我们更像是分居了，只是在一起养孩子。睡各自的房间。连触碰都没有。没有性没有吸引。我不知道该怎么办。感觉如此孤独。我看到其他情侣，想知道他们的感受。被想要和快乐一次是什么感觉。,2026-07-17T23:59:53.000Z,https://www.reddit.com/r/DeadBedrooms/comments/1uydlaa/comment/oy74aw6/,05_使用阻碍-心理状态-预期失望,,,,,sentiment
情感类社区,r/DeadBedrooms,oy73o4t,1uyycjh,Jerichothered,Don’t do it,别这么做。,2026-07-17T23:56:18.000Z,https://www.reddit.com/r/DeadBedrooms/comments/1uyycjh/comment/oy73o4t/,未提及,,,,,sentiment
情感类社区,r/DeadBedrooms,oy73dq3,1uzg0c4,inthebin_throwaway,"When we first started dating it was great, he always told me how beautiful I was, how he misses me, loves me, etc. We’d have sex multiple times a day. But, I do recognise that could’ve been the honeymoon phase. Even first moving in together it still carried on. After working full-time again it’s almost stopped. I do understand just genuinely being too tired for anything cuz full-time hours are horrendous sometimes. but even on his days off it’s just video games and that’s it. I feel like a flatmate loool",我们刚开始约会时很棒，他总是说我多漂亮、多想我、多爱我等等。我们一天做爱多次。但我确实认识到那可能是蜜月期。甚至刚搬一起住时还持续。重新全职工作后几乎停了。我确实理解有时真的太累，因为全职时间有时很可怕。但即使他休息日也只有电子游戏。我感觉像室友哈哈哈。,2026-07-17T23:54:38.000Z,https://www.reddit.com/r/DeadBedrooms/comments/1uzg0c4/comment/oy73dq3/,05_使用阻碍-伴侣关系-感情隐患,,,,,sentiment
情感类社区,r/DeadBedrooms,oy73ac3,1uz0yxg,EscapyReality,"Very relatable. I have been the only one to initiate anything in regards to sex or hugs or kisses most of my 20 year relationship. Recently pulled back even more. I basically I just match his energy. Not because I think it will fix anything, I know it won't. Don't think he cares. Its for my own sanity. When I focus so much on trying to work on it it is super painful. We still show each other a kind of love like buying each other things to show consideration and spending time together. It feels like he's a good friend. He's not my lover anymore.",非常有共鸣。在我们 20 年的关系中，性、拥抱或亲吻几乎一直是我唯一主动。最近更是退后了。我基本只是匹配他的能量。不是因为我觉得那能修复什么，我知道不会。不觉得他在乎。这是为了我自己的理智。当我太专注于努力解决它时超级痛苦。我们仍然展示一种爱，比如互买礼物表达关心、一起度过时间。感觉他是个好朋友。他不再是我的爱人了。,2026-07-17T23:54:06.000Z,https://www.reddit.com/r/DeadBedrooms/comments/1uz0yxg/comment/oy73ac3/,05_使用阻碍-心理状态-预期失望,,,,,sentiment
情感类社区,r/DeadBedrooms,oy72pbb,1uzegv7,Beneficial_Active352,Thanks so much!,非常感谢！,2026-07-17T23:50:47.000Z,https://www.reddit.com/r/DeadBedrooms/comments/1uzegv7/comment/oy72pbb/,未提及,,,,,sentiment
情感类社区,r/DeadBedrooms,oy72c3g,1uyqe0g,Prettyforme,Please please research asexuality; everything sounds so much like my situation and that’s what my husband finally admitted he was.,请一定研究无性恋；一切听起来都太像我情况了，那是我丈夫终于承认的。,2026-07-17T23:48:43.000Z,https://www.reddit.com/r/DeadBedrooms/comments/1uyqe0g/comment/oy72c3g/,06_克服方式-心理调适-学习知识,,,,,sentiment
情感类社区,r/DeadBedrooms,oy725f7,1uzg0c4,Krimmothy,"Has it always been this way? Or did it used to be different? If it used to be different, what changed?",一直是这样吗？还是以前不一样？如果以前不一样，是什么变了？,2026-07-17T23:47:40.000Z,https://www.reddit.com/r/DeadBedrooms/comments/1uzg0c4/comment/oy725f7/,未提及,,,,,sentiment
情感类社区,r/DeadBedrooms,oy71xlo,1uzegv7,EscapyReality,"Don't really have any advice just support. Lots of relatable points 🫂  It sounds to me like your communication has been good. Keep having those difficult convos, try to be open and honest with each other, and yeah a therapist sounds like a good move.",真没有建议，只有支持。很多共鸣点 🫂。听起来你们的沟通一直很好。继续那些艰难对话，试着对彼此开放诚实，是的，治疗师听起来是个好主意。,2026-07-17T23:46:27.000Z,https://www.reddit.com/r/DeadBedrooms/comments/1uzegv7/comment/oy71xlo/,06_克服方式-社群支持-社群求助,,,,,sentiment
情感类社区,r/DeadBedrooms,oy71ncn,1uz9f1i,pingpongjingjong,"> It’s not just sex that I miss. It’s all of the things that go along with it. The intimacy. The connectedness. The teasing and playfulness. The profound feeling of unmatched joy, like we’re the only two people in the world that matter in that moment. The sheer alchemy of giving and receiving pleasure all at once.  You have encapsulated what it feels like incredibly well here.   Very sorry you are going through this.   My only advice to you would be to try to avoid descending into bitterness. It’s very tempting but in the end the person that will suffer most is yourself.   Plus, you don’t mention kids. If kids aren’t involved then know that your feelings - and any subsequent decisions you make, one way or the other - are entirely valid.",'我想念的不只是性。是和它一起的所有东西。亲密。连接。调情和玩闹。无与伦比的快乐深度感觉，像那一刻世界上只有我们两个。同时给予和接受快乐的纯粹炼金术。' 你在这里完美概括了那感觉。很抱歉你正在经历这个。我唯一的建议是避免陷入苦涩。那很诱人，但最终最受苦的是你自己。而且你没提到孩子。如果没孩子，要知道你的感受——以及你做的任何后续决定——完全正当。,2026-07-17T23:44:51.000Z,https://www.reddit.com/r/DeadBedrooms/comments/1uz9f1i/comment/oy71ncn/,05_使用阻碍-心理状态-预期失望,,,,,sentiment
情感类社区,r/DeadBedrooms,oxzu5yi,1uvdoiq,BookGirl67,"My husband is older (75 / I’m 61) and we have successfully rekindled our sex life. But it looks different than when we were young and much like OP’s.   We do some intercourse but oral and hands is the main event for both of us now. And, it’s great. I’m loving it.   I could never come from intercourse anyway. The only real difference is now he rarely can either. He says hard for PiV and we do it some and it feels good for both of us but it no longer is what it’s all about.   The key to a good (dare I say, great) sex life as you age is being flexible about how to work with the changes to your body. Things will be different. But for us, they are better than ever. We are freer and having more fun and are more in love than at any point in our marriage.  The one thing I would suggest OP look into is having her husband take the Viagra. Make him talk to you about what his reluctance is. There may be an easy fix, like the daily Cialis pill instead.",我丈夫更老（75 岁/我 61 岁），我们成功重燃了性生活。但它看起来和年轻时不同，很像 OP 的。我们做插入但口交和手是现在的主菜。而且很棒。我爱它。我从来无法从插入中高潮。唯一真正的区别是现在他也很少能。他说 PIV 很难，我们也做，对双方感觉都好，但它不再是全部意义。随着年龄增长拥有好的性生活的关键是灵活应对身体变化。事情会不同。但对我们来说，比以往都好。我们更自由、玩得更开心、比婚姻任何时刻都更相爱。我建议 OP 考虑让她丈夫吃伟哥。让他和你说说他为什么抗拒。可能有简单的解决方案，比如改吃每天一粒的西地那非。,2026-07-16T23:58:19.000Z,https://www.reddit.com/r/DeadBedrooms/comments/1uvdoiq/comment/oxzu5yi/,06_克服方式-产品改进-加热降温,,,,,sentiment
情感类社区,r/DeadBedrooms,oxzqdu6,1uxbqak,DodobirdNow,Thank you for sharing your success story  I must add this to the list of things to show my wife.,谢谢分享你的成功故事。我必须把它加到给我妻子看的清单里。,2026-07-16T23:38:17.000Z,https://www.reddit.com/r/DeadBedrooms/comments/1uxbqak/comment/oxzqdu6/,未提及,,,,,sentiment
情感类社区,r/DeadBedrooms,oxzq28u,1uxmey3,Huge_Cuecumber2428,"the shame. the damn shame. its like the whole worlds laughing at me for saying I love you or needed to feel a body against mine.     yep all true. I didnt gwt close to her at all though we sat 50cm apart, my arm stretched, and I scratched her back from the other side of the bed.     Im not bothering anymore thats it. done.",羞耻。该死的羞耻。就像全世界都在嘲笑我说我爱你或需要身体贴着我。是的，都是真的。我根本没靠近她，虽然我们只坐 50 厘米远，我的手臂伸着，从床的另一边给她挠背。我不再打扰了。结束了。,2026-07-16T23:36:35.000Z,https://www.reddit.com/r/DeadBedrooms/comments/1uxmey3/comment/oxzq28u/,05_使用阻碍-心理状态-羞耻愧疚,,,,,sentiment
情感类社区,r/DeadBedrooms,oxzpbw1,1uxmey3,Huge_Cuecumber2428,lol Ra is my favourite.,哈哈 Ra 是我最喜欢的。,2026-07-16T23:32:42.000Z,https://www.reddit.com/r/DeadBedrooms/comments/1uxmey3/comment/oxzpbw1/,未提及,,,,,sentiment
情感类社区,r/DeadBedrooms,oxzp83s,1uxmey3,Huge_Cuecumber2428,yep kids. locked in for 20 years too bad.,是的，孩子。锁死 20 年，太糟了。,2026-07-16T23:32:09.000Z,https://www.reddit.com/r/DeadBedrooms/comments/1uxmey3/comment/oxzp83s/,05_使用阻碍-伴侣关系-感情隐患,,,,,sentiment
情感类社区,r/DeadBedrooms,oxzp5r3,1uxmey3,Huge_Cuecumber2428,right! omg right! its any excuse. any. it doesnt matter what it is. Its too hot. its too cold. theres a light on. theres not enough lights on. theres a sound outside... theres no sound outside... I mean at what point do you say ok... thats fine. im out. I think I hit that point im just never going to try again. ever.,对啊！天哪对啊！什么都是借口。什么都行。太热了。太冷了。有灯亮着。灯不够亮。外面有声音……外面没声音……我是说到什么程度你说好吧……那行。我退出。我想我到了那个点，我再也不会试了。永远不会。,2026-07-16T23:31:50.000Z,https://www.reddit.com/r/DeadBedrooms/comments/1uxmey3/comment/oxzp5r3/,05_使用阻碍-心理状态-预期失望,,,,,sentiment
情感类社区,r/DeadBedrooms,oxzoqy9,1uxmey3,Huge_Cuecumber2428,"thanks its ok, I dont really celebrate it. I dint have family.",谢谢，没关系，我不怎么庆祝。我没有家人。,2026-07-16T23:29:41.000Z,https://www.reddit.com/r/DeadBedrooms/comments/1uxmey3/comment/oxzoqy9/,未提及,,,,,sentiment
情感类社区,r/DeadBedrooms,oxzondu,1uxmey3,Huge_Cuecumber2428,exactly just keep on chugging along right,正是，就继续硬撑对吧。,2026-07-16T23:29:10.000Z,https://www.reddit.com/r/DeadBedrooms/comments/1uxmey3/comment/oxzondu/,未提及,,,,,sentiment
情感类社区,r/DeadBedrooms,oxzokb2,1uxmey3,Huge_Cuecumber2428,Its more painful then breaking a leg or falling off a cliff. time doesnt heal it. just keeps going. sorry to trigger you. I just want to scream,这比断腿或摔下悬崖还痛。时间不治愈它。只是继续。抱歉触发你。我只想尖叫。,2026-07-16T23:28:43.000Z,https://www.reddit.com/r/DeadBedrooms/comments/1uxmey3/comment/oxzokb2/,05_使用阻碍-心理状态-羞耻愧疚,,,,,sentiment
情感类社区,r/DeadBedrooms,oxzoco5,1uxmey3,Huge_Cuecumber2428,thanks. sorry didnt mean to trigger anything if I did,谢谢。抱歉如果触发什么了。,2026-07-16T23:27:36.000Z,https://www.reddit.com/r/DeadBedrooms/comments/1uxmey3/comment/oxzoco5/,未提及,,,,,sentiment
情感类社区,r/DeadBedrooms,oxzo6pp,1uxmey3,Huge_Cuecumber2428,oh shit sorry thats true. you just dropped a knowledge bonb,哦该死，抱歉那是真的。你刚扔了个知识炸弹。,2026-07-16T23:26:44.000Z,https://www.reddit.com/r/DeadBedrooms/comments/1uxmey3/comment/oxzo6pp/,未提及,,,,,sentiment
情感类社区,r/DeadBedrooms,oxzo3f4,1uxmey3,Huge_Cuecumber2428,true lol guess thats why everyones here,真的哈哈，难怪大家都在这。,2026-07-16T23:26:15.000Z,https://www.reddit.com/r/DeadBedrooms/comments/1uxmey3/comment/oxzo3f4/,未提及,,,,,sentiment
情感类社区,r/DeadBedrooms,oxsgx1s,1uxglm3,Opposite-Ant8522,100% agreed. What she asked op to change were pretty big changes too. If he’s done all of that then she’s a lost cause. She needs to look inward on why she’s so miserable given she has a partner who takes their relationship so seriously.,100% 同意。她让 OP 改的是相当大的改变。如果他全部做到了，那她就是无可救药。她需要内省为什么在有一个如此认真对待关系伴侣的情况下还如此痛苦。,2026-07-15T23:59:52.000Z,https://www.reddit.com/r/DeadBedrooms/comments/1uxglm3/comment/oxsgx1s/,未提及,,,,,sentiment
情感类社区,r/DeadBedrooms,oxsftfv,1uu5x9l,WaterLily55896,"it is a good mindset, no doubt. but have you managed to do it yourself - love someone just because they are right for you, share the same values, aligned in many things. if you have, does it make you happy? I need to feel excited about my partner, be curious about him, feel alive. this makes me happy. I can be perfectly content with just myself, with friends, children, interests, etc.",这是个好心态，毫无疑问。但你做到了吗——仅仅因为对方适合你、价值观相同、很多方面一致就爱他们。如果你做到了，那让你快乐吗？我需要对我的伴侣感到兴奋，对他好奇，感到活着。这让我快乐。我可以只和自己、朋友、孩子、兴趣等完全满足。,2026-07-15T23:54:01.000Z,https://www.reddit.com/r/DeadBedrooms/comments/1uu5x9l/comment/oxsftfv/,09_十三种需求-身份层-主宰,,,,,sentiment
情感类社区,r/DeadBedrooms,oxsegw7,1usaqd0,ShadowChaser28,"Exactly, it might show he's abandoning the marital home which could work against him in divorce court.",正是，这可能显示他放弃了婚姻住所，这在离婚法庭上可能对他不利。,2026-07-15T23:46:56.000Z,https://www.reddit.com/r/DeadBedrooms/comments/1usaqd0/comment/oxsegw7/,未提及,,,,,sentiment
情感类社区,r/DeadBedrooms,oxse2vi,1uxmbtb,Ok_Improvement_5217,"I don't think this is deadbedroom material, more ""how can we get freaky without the whole house finding out"" material :)   vanilla quiet sex (or have her muffled with a pillow or something) while in the house, no-tell motel or camping in the middle of nowhere with a tent if money is an issue and get freaky hah. Cheap small tent, couple of sleeping bags and a washable blanket to cover them (easier to wash hah).",我不觉得这是 deadbedroom 材料，更像是'怎么让全家不知道地疯一下'的材料 :) 在屋里做安静的香草性爱（或用枕头捂住她的嘴之类），没钱就开房或去荒野露营搭帐篷疯一下哈哈。便宜小帐篷、几个睡袋和一条可洗毯子盖着（更好洗哈哈）。,2026-07-15T23:44:54.000Z,https://www.reddit.com/r/DeadBedrooms/comments/1uxmbtb/comment/oxse2vi/,04_使用场景-空间场景-车内户外,,,,,sentiment
情感类社区,r/DeadBedrooms,oxkyew9,1urlhed,Ok-Drummer7621,"My journey is similar to yours. I begged for therapy to try to help our situation. Only when I was ready to walk was therapy agreed to. We went 3 times, wasted 6 hours (we opted for the long session - we each got time alone and ended with us both in there), wasted money and ultimately it ended with him and the therapist at odds because he felt he was being criticized. Maybe it's my own exhaustion, resentment (I'm about 10 years more into the DB than you), but my advice is to call it a day, and move on. Wishing you the best :-)",我的旅程和你相似。我求着做治疗来帮助我们的状况。只有在我准备走时治疗才被同意。我们去了 3 次，浪费 6 小时（我们选了长时段——各自独处时间最后一起结束），浪费钱，最终以他和治疗师不和结束，因为他觉得被批评。也许是我自己的疲惫、怨恨（我比你深入 DB 大约 10 年），但我的建议是叫停，继续前进。祝你好运 :-),2026-07-14T23:48:55.000Z,https://www.reddit.com/r/DeadBedrooms/comments/1urlhed/comment/oxkyew9/,05_使用阻碍-伴侣关系-感情隐患,,,,,sentiment
情感类社区,r/DeadBedrooms,oxkx4t7,1uvqqo9,One_Power_8223,You have a good sense of humor.,你很有幽默感。,2026-07-14T23:42:05.000Z,https://www.reddit.com/r/DeadBedrooms/comments/1uvqqo9/comment/oxkx4t7/,未提及,,,,,sentiment
情感类社区,r/DeadBedrooms,oxkvic9,1uw8im3,Unique_Ladyy,Seems more like a friendship and not a relationship. I love cuddles!   Talk to her and tell her straight how you feel ask how she feels and if you don’t get the answers you want it’s really up to yourself what do you want? Are you happy?   She isn’t sure she wants to continue the relationship speaks many words. Either you do or you don’t and she’s unsure there more she’s not saying…   Look after yourself!,这更像是友谊而不是关系。我爱拥抱！和她谈谈，直说你的感受，问她感觉如何，如果你得不到想要的答案，真的取决于你自己想要什么？你快乐吗？她不确定是否想继续关系说明了很多。要么你要么你不要，她不确定，还有更多她没说的……照顾好自己！,2026-07-14T23:33:32.000Z,https://www.reddit.com/r/DeadBedrooms/comments/1uw8im3/comment/oxkvic9/,05_使用阻碍-伴侣关系-感情隐患,,,,,sentiment
情感类社区,r/DeadBedrooms,oxdmt2p,1uvqqo9,GrouchyBees,"I did the same! Especially when it was similar situation. I can finally laugh about it now, but I was mad as hell for like a year lol. Now, I’m like pffft I’ll grow a freaking 80’s bush full blast before I hear that shit again lol",我也做了同样的事！尤其情况相似时。我现在终于能笑了，但我疯了大概一年哈哈。现在，我就像，呸，在听到那种话之前我要留一个 80 年代的浓密丛林哈哈。,2026-07-13T23:59:34.000Z,https://www.reddit.com/r/DeadBedrooms/comments/1uvqqo9/comment/oxdmt2p/,06_克服方式-心理调适-接纳自我,,,,,sentiment
情感类社区,r/DeadBedrooms,oxdmgdo,1uv8rp4,Debug_Breakpoint,"This is a bit of a rant (sorry), but I've had my posts/comments flagged by mods so many times recently too that it's triggered me.   I personally feel that the rules have skewed too far towards protecting people's feelings at the cost of allowing others to express theirs.  It's feels very anti-HL at the moment, but perhaps that's my bias as a HL coming through? I know LL posters might feel like the HLs must hate them, but almost universally I've seen HLs engage with them inquisitively and with respect (or maybe the mods are good at their jobs and clean the shit up before I see it). I think HLFs are the real heroes in this sub for the bullshit DMs they have to endure just for existing like OP here.  Just as an example of what I mean about the rules being anti-HL, I've been flagged multiple times for under rule 5a for describing the reason my LL rejected intimacy as an ""excuse"" as it ""invalidates their no"".  I'm sorry, but to give an excuse literally means to give a justification for something that may be viewed negatively. A LL giving a reason to their HL for saying no to intimacy _is an excuse_ by definition. Calling it an ""excuse"" does not inherently ""invalidate their no"".   I agree with the rules that bad faith claims that assume the excuse is false should not be allowed, but I also believe that a HLs observations or experiences can also legitimately invalidate an excuse, or at the verify least call it's validity into question and that not allowing this because they simply called it an ""excuse"" (which it is) is simultaneously invalidating the HLs perspective on their own experience.   Bad faith arguments that an excuse is false should only be judged against whether the author has provided reasonable evidence to justify their false claim is suspicious.  To be clear though, most of the rules here are good and I believe even the ones I dislike are written with good intent, but I could probably write a thesis on a few of them where either the range of inconsistencies in which they are applied or how their application can fight against their intent at times. I know the mods do their best with the rules as they're written so please don't take this as an personal attack on you. If there is a better forum to take my feedback, please let me know.  /rant",这有点抱怨（抱歉），但我最近帖子/评论被版主标记太多次了，触发了我。我个人觉得规则过于偏向保护某些人的感受，代价是不允许另一些人表达他们的。目前感觉非常反 HL，但也许那是作为 HL 的我的偏见？我知道 LL 发帖者可能觉得 HL 恨他们，但我几乎普遍看到 HL 好奇且尊重地和他们互动（或者也许版主工作很好，在我看到前清理了垃圾）。我认为 HLF 是这个 sub 真正的英雄，她们要忍受那些荒谬的私信，就像这里 OP 一样。举个规则反 HL 的例子：我多次因规则 5a 被标记，因为我描述 LL 拒绝亲密的原因时用了'借口'一词，说是'否定了他们的不'。抱歉，给借口字面意思就是为可能被负面看待的事提供理由。LL 向 HL 解释为什么说不亲密，按定义就是'借口'。叫它'借口'并不固有地'否定他们的不'。我同意坏信念的声称——假设借口是假的——不应该被允许，但我也相信 HL 的观察或经验可以合法地否定一个借口，或者至少质疑它的有效性，而仅仅因为他们叫它'借口'（它就是）就不允许这样做，同时也在否定 HL 对自己经验的视角。坏信念的论点只能根据作者是否提供了合理证据来证明其虚假声称可疑来评判。要清楚的是，这里大部分规则是好的，我相信即使我不喜欢的也是出于好意，但我可以就其中几条写篇论文，关于应用的矛盾范围或应用方式有时如何与意图相悖。我知道版主在规则范围内尽力了，所以别把这当个人攻击。如果有更好的论坛接受我的反馈，请告诉我。/抱怨结束,2026-07-13T23:57:40.000Z,https://www.reddit.com/r/DeadBedrooms/comments/1uv8rp4/comment/oxdmgdo/,未提及,,,,,sentiment
情感类社区,r/DeadBedrooms,oxdmfpe,1uvrqc3,A-Z-Money,https://allisonzamani.substack.com/p/i-want-you-to-want-me,https://allisonzamani.substack.com/p/i-want-you-to-want-me 链接。,2026-07-13T23:57:34.000Z,https://www.reddit.com/r/DeadBedrooms/comments/1uvrqc3/comment/oxdmfpe/,未提及,,,,,sentiment
情感类社区,r/DeadBedrooms,ox6grwt,1uu5x9l,WaterLily55896,who you should be with then? if not with the person you love?,那你应该和谁在一起？如果不是和你爱的人？,2026-07-12T23:59:37.000Z,https://www.reddit.com/r/DeadBedrooms/comments/1uu5x9l/comment/ox6grwt/,未提及,,,,,sentiment
情感类社区,r/DeadBedrooms,ox6gl7u,1uu5x9l,WaterLily55896,"you unhappy, nothing wrong with voicing it especially BEFORE the marriage. Why marry someone when you are not 100% sure they will make you happy? Unless you want to take a big risk with the rest of your life.",你不开心，在婚前说出来没错。为什么和一个你不 100% 确定会让你快乐的人结婚？除非你想拿余生冒险。,2026-07-12T23:58:32.000Z,https://www.reddit.com/r/DeadBedrooms/comments/1uu5x9l/comment/ox6gl7u/,06_克服方式-心理调适-学习知识,,,,,sentiment
情感类社区,r/DeadBedrooms,ox6gcux,1uuer35,Medium-Reference-147,Pictures do nothing for my husband either,照片对我丈夫也没用。,2026-07-12T23:57:13.000Z,https://www.reddit.com/r/DeadBedrooms/comments/1uuer35/comment/ox6gcux/,未提及,,,,,sentiment
情感类社区,r/DeadBedrooms,ox6g2cl,1uoaxr0,pher1974,"Sorry, this go filter but here is most of what I said.  Currently I'm doing the following:  Small investments into the Share Market however given the time frame is short, it's best not to use this for a large amount of funds.  Small investments into Crypto for the same reason  Building my small IT business to get to an extra $1000 a month. (Work in progress)  Market Research through Askable - up to $100/week if you qualify for their research.  Using ShopBack for online shopping, surveys, incentivised gaming - probably about $100/month if I'm hitting it hard.  Octopus group for Surveys - about $15/hour for surveys.  Field hockey umpiring - about $3K/year during winter. Also my self care as I love it and it's good exercise.  Selling on Etsy - no sales yet but I'm going to keep on building different digital products.  RollerCoin - GPT play games. I'm making about 50c/day  Airtasker - I'm a bit hit and miss with it as I'm not consistent about advertising myself on it. about $80/hour for IT support after fees.  Ebay - not much as I'm inconsistent with it as well.  Credit card flipping for points  But I'm always open for other ways to make extra coin.  All this is on top of my full time job earning over $130K/year. and according to her, it's still not enough as we still don't own our own house.",抱歉，这被过滤了，但这是我说的主要内容。目前我在做：小额投资股票市场（鉴于时间短，最好别用大额资金）。小额投资加密货币（同样原因）。建立我的小型 IT 业务以达到每月额外 1000 美元。（进行中）通过 Askable 做市场调研——符合条件每周最多 100 美元。用 ShopBack 网购、调查、激励游戏——大约每月 100 美元如果努力的话。Octopus 集团做调查——每小时约 15 美元。曲棍球裁判——冬天约每年 3K 美元。也是我的自我关怀，因为我爱它而且是不错的运动。Etsy 卖东西——还没有销售但我会继续做不同的数字产品。RollerCoin——GPT 玩游戏。我每天赚约 50 美分。Airtasker——我有点时好时坏，因为我广告自己不稳定。IT 支持扣费后每小时约 80 美元。eBay——不多，因为我也不稳定。信用卡积分翻倍。但我总是开放其他赚钱方式。所有这些都在我年薪 13 万美元的全职工作之外。按她的说法，还是不够，因为我们还没有自己的房子。,2026-07-12T23:55:33.000Z,https://www.reddit.com/r/DeadBedrooms/comments/1uoaxr0/comment/ox6g2cl/,05_使用阻碍-伴侣关系-感情隐患,,,,,sentiment
情感类社区,r/DeadBedrooms,ox6foqq,1uuh3bp,Ynotstp,This is very true! It’s hard to not have resentment after a while.,这非常真实！一段时间后很难没有怨恨。,2026-07-12T23:53:24.000Z,https://www.reddit.com/r/DeadBedrooms/comments/1uuh3bp/comment/ox6foqq/,05_使用阻碍-心理状态-预期失望,,,,,sentiment
情感类社区,r/DeadBedrooms,ox6fhx7,1uuqg1o,Nice-Refrigerator122,"Her low libido not changing is not the worst case scenario, it is the 99% most likely one.",她的低性欲不改变不是最坏的情况，是 99% 最可能的情况。,2026-07-12T23:52:20.000Z,https://www.reddit.com/r/DeadBedrooms/comments/1uuqg1o/comment/ox6fhx7/,未提及,,,,,sentiment
情感类社区,r/DeadBedrooms,ox6fain,1uusbdy,Haunting_Yellow_258,It hurts either way ❤️,无论哪种都痛 ❤️,2026-07-12T23:51:08.000Z,https://www.reddit.com/r/DeadBedrooms/comments/1uusbdy/comment/ox6fain/,未提及,,,,,sentiment
情感类社区,r/DeadBedrooms,ox6f3jh,1uuh3bp,Trigirl20,And sometimes it can be hard even be friends with the frustration.,有时候连和挫败感做朋友都难。,2026-07-12T23:50:03.000Z,https://www.reddit.com/r/DeadBedrooms/comments/1uuh3bp/comment/ox6f3jh/,05_使用阻碍-心理状态-预期失望,,,,,sentiment
情感类社区,r/DeadBedrooms,ox6d3k6,1uusbdy,No_Muffin_9925,I definitely worry about not having someone around if I have health issues come up. I spent a career in LE and too many times I would respond to a death scene where an elderly person was dead for days in their home. There was no one living with them and nobody checking in. I don’t want that fear.,我确实担心健康问题出现时身边没人。我整个职业生涯都在执法部门，太多次我出警到老人死在家里好几天的现场。没有人和他们住，也没人查看。我不想要那种恐惧。,2026-07-12T23:38:40.000Z,https://www.reddit.com/r/DeadBedrooms/comments/1uusbdy/comment/ox6d3k6/,06_克服方式-心理调适-接纳自我,,,,,sentiment
情感类社区,r/DeadBedrooms,ox6bvld,1uusbdy,1776AmericanRepublic,"I may be part of the few, but I feel therapy doesnt work. I feel talking it out, I mean all out, with your partner is what helps. The micro resentments I absolutely understand. Its hard not to be resentful because when someone doesnt want you in that way, it makes you angry as if they make you feel not good enough.",我可能是少数，但我觉得治疗没用。我觉得和伴侣把所有话说开才有帮助。微观怨恨我完全理解。很难不怨恨，因为当某人不需要你，会让你生气，好像他们让你觉得自己不够好。,2026-07-12T23:31:42.000Z,https://www.reddit.com/r/DeadBedrooms/comments/1uusbdy/comment/ox6bvld/,06_克服方式-心理调适-接纳自我,,,,,sentiment
情感类社区,r/DeadBedrooms,ox6bbp1,1uusbdy,1776AmericanRepublic,"Im 51 so I understand how that plays a factor. I also wonder about what if something happens health wise. Do you stay because you know that partner would be there for you. It really is mentally exhausting. My self confidence ect like yours had completely taken a nose dive. I ask myself:well when you were active, was it through that act is why you felt pretty? Intimacy I feel makes us feel attractive. Lack of, unattractive.",我 51 岁，所以我理解那是一个因素。我也想知道如果健康出问题会怎样。你留下是因为知道那个伴侣会陪伴你吗？这真的精神上很累。我的自信等完全和你一样跳水了。我问自己：嗯，当你活跃时，是因为那个行为你才觉得自己漂亮吗？我觉得亲密让我们觉得自己有吸引力。缺乏亲密让我们觉得自己没有。,2026-07-12T23:28:35.000Z,https://www.reddit.com/r/DeadBedrooms/comments/1uusbdy/comment/ox6bbp1/,05_使用阻碍-心理状态-羞耻愧疚,,,,,sentiment
情感类社区,r/DeadBedrooms,owzmdrz,1utzcnp,hatter071987,Same here it's such a struggle,这里也一样，真是一场挣扎。,2026-07-11T23:59:08.000Z,https://www.reddit.com/r/DeadBedrooms/comments/1utzcnp/comment/owzmdrz/,05_使用阻碍-心理状态-预期失望,,,,,sentiment
情感类社区,r/DeadBedrooms,owzkr5u,1utzcnp,Clouds33An,"Same scenario for me, LLH is not interested, expect every few months. I can tell you it’s not about you. Once they have made up their minds, it’s hard to turn back time 😓",我的情况也一样，LLH 不感兴趣，每几个月一次。我可以告诉你这和你无关。一旦他们下定决心，很难回到从前 😓,2026-07-11T23:51:21.000Z,https://www.reddit.com/r/DeadBedrooms/comments/1utzcnp/comment/owzkr5u/,06_克服方式-心理调适-降低预期,,,,,sentiment
情感类社区,r/DeadBedrooms,owzjk7t,1uts2jh,Snickersnee99,"You have my sympathy. We've made good progress, but my partner and I have both found shame an infuriatingly hard habit to break.",你得到我的同情。我们取得了好的进展，但我的伴侣和我都发现羞耻是一个顽固地难改的习惯。,2026-07-11T23:45:32.000Z,https://www.reddit.com/r/DeadBedrooms/comments/1uts2jh/comment/owzjk7t/,05_使用阻碍-心理状态-羞耻愧疚,,,,,sentiment
情感类社区,r/DeadBedrooms,owswn7j,1usyguk,spicyhotfrog,"Yeahh the whole thing sucks to rationalize, especially when we were going at it constantly when we first got together and this started gradually a couple months in. After realizing how I was coming off I kinda think I'd feel guilty if we did have sex again tho 🤦🏻‍♀️",是啊，整件事很难合理化，尤其我们刚开始在一起时一直在做，几个月后开始逐渐减少。意识到我是怎么表现的后，我有点觉得如果我们再做爱我会内疚 🤦🏻‍♀️,2026-07-10T23:59:13.000Z,https://www.reddit.com/r/DeadBedrooms/comments/1usyguk/comment/owswn7j/,05_使用阻碍-心理状态-负罪感,,,,,sentiment
情感类社区,r/DeadBedrooms,owsw1yw,1urnnt0,Infinite-Low4662,"Yes. I used to feel guilty about it too, but then I stopped caring the longer DB lasted.",是的。我以前也为此内疚，但 DB 持续越久我就越不在乎了。,2026-07-10T23:55:52.000Z,https://www.reddit.com/r/DeadBedrooms/comments/1urnnt0/comment/owsw1yw/,06_克服方式-心理调适-接纳自我,,,,,sentiment
情感类社区,r/DeadBedrooms,owsw19p,1unjfjh,Other-Leg1898,"That would likely not work at all considering our situation. I’m starting to think she’s either completely lost all desire or is LL4me. It’s hard to have hope after 25 years of declining frequency. I can accept that certainly I’ve had a role in this, and that hurts. On the bright side I started therapy on Tuesday.",考虑到我们的情况，那很可能完全没用。我开始觉得她要么完全失去欲望，要么就是 LL4me。在 25 年频率下降后很难抱有希望。我能接受我当然在这之中有角色，那很痛。好的一面是我周二开始治疗了。,2026-07-10T23:55:46.000Z,https://www.reddit.com/r/DeadBedrooms/comments/1unjfjh/comment/owsw19p/,06_克服方式-心理调适-学习知识,,,,,sentiment
情感类社区,r/DeadBedrooms,owsvmag,1ucexc4,sneakygirl24x,incredibly solid advice,难以置信地扎实的建议。,2026-07-10T23:53:23.000Z,https://www.reddit.com/r/DeadBedrooms/comments/1ucexc4/comment/owsvmag/,未提及,,,,,sentiment
情感类社区,r/DeadBedrooms,owsv406,1uszmjv,Embrace-Mania,*had to repost do to automod  It seems like he is not continuing after you tell him no. This is good. Perhaps he is expressing emotional hurt and feels like the implications that he isn't listening to your consent an insult he wants to win rather than understand.  But I'm not sure based on the post.,*因自动版主重发。看起来你拒绝后他没有继续。这是好的。也许他在表达情绪伤害，觉得'他没有听你的同意'的暗示是一种他想赢而不是理解的侮辱。但我不确定基于帖子。,2026-07-10T23:50:29.000Z,https://www.reddit.com/r/DeadBedrooms/comments/1uszmjv/comment/owsv406/,未提及,,,,,sentiment
情感类社区,r/DeadBedrooms,owsuvsd,1uszmjv,ForeAmigo,This reads like a lecture,这读起来像说教。,2026-07-10T23:49:11.000Z,https://www.reddit.com/r/DeadBedrooms/comments/1uszmjv/comment/owsuvsd/,未提及,,,,,sentiment
情感类社区,r/DeadBedrooms,owsupbw,1us6bnq,Infinite-Low4662,Cheating is the worst thing ever but this quote will always stick with me:  Maureen: She's not younger than me. She's not skinnier than me. She's not prettier than me. Why couldn't it just be me? Phil: Because she's softer than you. She's quieter than you. She doesn't yell at me. She doesn't call me an idiot or tell me to shut up all the time. She listens to me. She's nice to me. She doesn't make me feel like the only thing stopping her from being happy... is me.,出轨是最糟糕的事，但这句话永远留在我心里：莫琳：她没我年轻。她没我瘦。她没我漂亮。为什么不能是我？菲尔：因为她比你柔软。她比你安静。她不吼我。她不一直叫我白痴或让我闭嘴。她听我说话。她对我好。她不让我觉得阻止她快乐的唯一东西……是我。,2026-07-10T23:48:10.000Z,https://www.reddit.com/r/DeadBedrooms/comments/1us6bnq/comment/owsupbw/,05_使用阻碍-伴侣关系-感情隐患,,,,,sentiment
情感类社区,r/DeadBedrooms,owsuogs,1usyguk,snaccccident,Honestly no. He says he can feel my disappointment and feels ashamed but really just makes me feel bad bc he feels bad…. He’s been really stressed lately so I’ve been not bringing it up but gosh do I want to bc it hurts…,说实话不。他说他能感到我的失望，感到羞耻，但真的只是因为他感觉不好而让我难受……他最近压力很大，所以我一直没提，但天哪我想提，因为它伤人……,2026-07-10T23:48:02.000Z,https://www.reddit.com/r/DeadBedrooms/comments/1usyguk/comment/owsuogs/,05_使用阻碍-心理状态-预期失望,,,,,sentiment
情感类社区,r/DeadBedrooms,owsuh5f,1usyguk,snaccccident,How do I make the change if it’s not up to me?,如果不由我做决定，我怎么改变？,2026-07-10T23:46:53.000Z,https://www.reddit.com/r/DeadBedrooms/comments/1usyguk/comment/owsuh5f/,未提及,,,,,sentiment
情感类社区,r/DeadBedrooms,owsuea7,1usyguk,HopefulDraft7662,"Make a change. It will not fix itself. And the longer you accept it, the time will pass faster and faster and before you know it… 10 years will have passed and you will regret letting life pass you by",做出改变。它不会自己修复。你接受得越久，时间过得越快，不知不觉……10 年就过去了，你会后悔让生活从身边溜走。,2026-07-10T23:46:26.000Z,https://www.reddit.com/r/DeadBedrooms/comments/1usyguk/comment/owsuea7/,06_克服方式-心理调适-接纳自我,,,,,sentiment
情感类社区,r/DeadBedrooms,owsuc38,1usyguk,snaccccident,I don’t want to,我不想。,2026-07-10T23:46:05.000Z,https://www.reddit.com/r/DeadBedrooms/comments/1usyguk/comment/owsuc38/,未提及,,,,,sentiment
情感类社区,r/DeadBedrooms,owsubaf,1usyguk,snaccccident,I can’t,我不能。,2026-07-10T23:45:58.000Z,https://www.reddit.com/r/DeadBedrooms/comments/1usyguk/comment/owsubaf/,未提及,,,,,sentiment
情感类社区,r/DeadBedrooms,owsuaes,1usyguk,snaccccident,I can’t leave him bc of sex. I don’t want to,我不能因为性离开他。我不想。,2026-07-10T23:45:49.000Z,https://www.reddit.com/r/DeadBedrooms/comments/1usyguk/comment/owsuaes/,05_使用阻碍-伴侣关系-感情隐患,,,,,sentiment
情感类社区,r/DeadBedrooms,owllq3g,1urrh6g,CinnabonNoFrosting,"> I’ll never understand the position of “no I won’t have sex but you can’t either”.  It’s due to people seeing a romantic relationship as an exclusive connection (emotional and/or sexual). So the idea that “you can only have sex with me” is sexual fidelity, and doesn’t imply you’re actually having sex.  Like you can only go to the movies on Thursdays doesn’t mean you actually are going to the movies this Thursday.",'我不会理解'不，我不做爱但你也不能''的立场。这是因为人们把浪漫关系视为排他连接（情感和/或性的）。所以'你只能和我做爱'是性忠诚，并不意味着你实际在做爱。就像你只能在周四去看电影，并不意味着你这个周四真的会去看电影。,2026-07-09T23:58:34.000Z,https://www.reddit.com/r/DeadBedrooms/comments/1urrh6g/comment/owllq3g/,未提及,,,,,sentiment
情感类社区,r/DeadBedrooms,owllo60,1us79ng,Much-Technology-8220,Thank you for the info,谢谢信息。,2026-07-09T23:58:17.000Z,https://www.reddit.com/r/DeadBedrooms/comments/1us79ng/comment/owllo60/,未提及,,,,,sentiment
情感类社区,r/DeadBedrooms,owllmb1,1us61vb,BobLoblawsLawBlogged,"Congrats, I’m sure it wasn’t easy",恭喜，我相信不容易。,2026-07-09T23:58:01.000Z,https://www.reddit.com/r/DeadBedrooms/comments/1us61vb/comment/owllmb1/,未提及,,,,,sentiment
情感类社区,r/DeadBedrooms,owllhkx,1us79ng,billguy2956,"FWIW, things without the ""s"" seem a little freer",随便说说，没有's'的事情似乎自由一点。,2026-07-09T23:57:19.000Z,https://www.reddit.com/r/DeadBedrooms/comments/1us79ng/comment/owllhkx/,未提及,,,,,sentiment
情感类社区,r/DeadBedrooms,owlkomj,1us6y7h,DapperLab7515,"That’s what I find difficult, is the thought of being like this for another 10+ years. I don’t want that for myself. Thank you.",我觉得难的是想到还要这样 10 多年。我不想要那样。谢谢。,2026-07-09T23:53:01.000Z,https://www.reddit.com/r/DeadBedrooms/comments/1us6y7h/comment/owlkomj/,05_使用阻碍-心理状态-预期失望,,,,,sentiment
情感类社区,r/DeadBedrooms,owlkofn,1us6y7h,mactire45,"I can't help thinking that perhaps he had some sort of unpleasant sex-adjacent experience in his past, (virgin doesn't necessarily mean untouched).   Has he (or you both) talked to any kind of therapist about his part in this situation?",我忍不住想也许他过去有某种不愉快的与性相关的经历（处女不一定意味着没被碰过）。他（或你们俩）有没有和任何治疗师谈过他在这情况中的部分？,2026-07-09T23:52:59.000Z,https://www.reddit.com/r/DeadBedrooms/comments/1us6y7h/comment/owlkofn/,06_克服方式-心理调适-学习知识,,,,,sentiment
情感类社区,r/DeadBedrooms,owlkipq,1us79ng,Much-Technology-8220,I’m sure this will be taken down soon lol,我确定这很快会被删哈哈。,2026-07-09T23:52:09.000Z,https://www.reddit.com/r/DeadBedrooms/comments/1us79ng/comment/owlkipq/,未提及,,,,,sentiment
情感类社区,r/DeadBedrooms,owlkgcq,1us6y7h,DapperLab7515,"Yes I completely resonate with everything you have said. I’ve recently started going back to the gym and taking better care of myself because I think if he won’t appreciate it then at least I can appreciate it for myself.   Thank you, I hope the same for you too!",是的，我完全共鸣你说的一切。我最近开始回健身房，更好地照顾自己，因为我想如果他不懂欣赏，至少我可以为自己欣赏。谢谢，我也希望你好！,2026-07-09T23:51:48.000Z,https://www.reddit.com/r/DeadBedrooms/comments/1us6y7h/comment/owlkgcq/,06_克服方式-心理调适-接纳自我,,,,,sentiment
情感类社区,r/DeadBedrooms,owlkdht,1us61vb,Exciting-Current-778,Don't   Go  Back,不要。回去。,2026-07-09T23:51:23.000Z,https://www.reddit.com/r/DeadBedrooms/comments/1us61vb/comment/owlkdht/,未提及,,,,,sentiment
情感类社区,r/DeadBedrooms,owlk6bw,1us79ng,akeithwill33088,Same,一样。,2026-07-09T23:50:19.000Z,https://www.reddit.com/r/DeadBedrooms/comments/1us79ng/comment/owlk6bw/,未提及,,,,,sentiment
情感类社区,r/DeadBedrooms,owlk2q8,1urmghn,Conscious_until_1565,"Yes and yes- totally lost interest and felt anxious and worse. Pressures and whining about sex were libido killers and just horrible.  Counseling didn’t necessarily help us, but I think it could help. At a minimum it buys you time to work things out, and gain insight. Also, how can you really know if you’re emotionally done if you don’t at least try?  But also, why not the open relationship? At the peak of our disconnect, when it was the last thing on my mind and the only thing on his mind, when the pressure of it was destroying us, I asked him to please find sex elsewhere, if that’s what he needed. I don’t want to say I begged, but almost. He didn’t , and idk what would have happened, but at the worst you’ll end up separating anyway, and at the best it will take a ton of pressure off and actually give you the space you need to become interested again. To re-approach. It’s so hard to do that with a sex-deprived crazy person breathing down your neck. I mean that in the best way.",是的和是的——完全失去兴趣，感到焦虑和更糟。压力和唠叨性爱是性欲杀手，太可怕了。咨询不一定帮到我们，但我认为它能帮。至少它给你时间解决问题和获得洞察。而且，如果你不至少试一下，你怎么真正知道自己是否情感上结束了？但还有，为什么不开房？在我们断连的高峰期，当它是我最不想的事、他唯一想的事、压力在摧毁我们时，我请他去找别的性，如果那是他需要的。我不想说求，但差不多。他没去，我不知道会发生什么，但最糟你最终也会分居，最好它会卸下大量压力，真正给你重新产生兴趣所需的空间。重新接近。在一个性饥渴的疯子盯着你脖子后面时很难做到。我是在最好的意义上说的。,2026-07-09T23:49:47.000Z,https://www.reddit.com/r/DeadBedrooms/comments/1urmghn/comment/owlk2q8/,05_使用阻碍-伴侣关系-感情隐患,,,,,sentiment
情感类社区,r/DeadBedrooms,owe6u6w,1ur9knv,HikerJoel,"Yeah, I think that you're on to something. As things became more infrequent we can put too much pressure on 'making the most' of the few opportunities that happen, getting in our own heads and self-sabotaging. If sex effectively stops it can be a daunting task to get back into.",是的，我觉得你说到点子上了。当事情变得不那么频繁，我们可能给少数机会施加太多'充分利用'的压力，陷入自我怀疑和自我破坏。如果性实际上停止了，重新进入可能是项艰巨的任务。,2026-07-08T23:59:42.000Z,https://www.reddit.com/r/DeadBedrooms/comments/1ur9knv/comment/owe6u6w/,06_克服方式-心理调适-接纳自我,,,,,sentiment
情感类社区,r/DeadBedrooms,owe63yp,1uqwaqu,bennbeckmanswife,Yep but it is 100% manipulative and will be used against him if he gets a side chick and divorces her.,是的，但这是 100% 操纵性的，如果他找了情人并和她离婚，这会被用来对付他。,2026-07-08T23:55:46.000Z,https://www.reddit.com/r/DeadBedrooms/comments/1uqwaqu/comment/owe63yp/,未提及,,,,,sentiment
情感类社区,r/DeadBedrooms,owe5rfe,1uqwaqu,bennbeckmanswife,"Has she not broken your heart? She's made it clear she doesn't care if you leave.... so leave. Don't get a side chick and 'cheat' on her (she will 100% call you a cheater if you go through with it, don't fall for that trap). You deserve to be happy and wanted.",她还没伤透你的心吗？她已经明确表示不在乎你是否离开……所以离开。别找情人'背叛'她（如果你做了她 100% 会叫你出轨者，别落入那个陷阱）。你值得快乐和被想要。,2026-07-08T23:53:55.000Z,https://www.reddit.com/r/DeadBedrooms/comments/1uqwaqu/comment/owe5rfe/,06_克服方式-心理调适-接纳自我,,,,,sentiment
情感类社区,r/DeadBedrooms,owe5kjc,1uqwaqu,bennbeckmanswife,You should leave and find someone who wants and appreciates you. You don't have to provide for her; your children? Sure. But you can leave and start a new life where you're happy.,你应该离开，找一个想要和珍惜你的人。你不必养活她；你的孩子？当然。但你可以离开，开始一个你快乐的新生活。,2026-07-08T23:52:53.000Z,https://www.reddit.com/r/DeadBedrooms/comments/1uqwaqu/comment/owe5kjc/,06_克服方式-心理调适-接纳自我,,,,,sentiment
情感类社区,r/DeadBedrooms,owe5fq0,1uqwaqu,mongobob666,"For me, it’s not just that sex is unimportant to my wife. It’s that she knows it’s important to me, and she doesn’t care.",对我来说，不只是性对我妻子不重要。是她知道它对我重要，而她不在乎。,2026-07-08T23:52:10.000Z,https://www.reddit.com/r/DeadBedrooms/comments/1uqwaqu/comment/owe5fq0/,05_使用阻碍-伴侣关系-感情隐患,,,,,sentiment
情感类社区,r/DeadBedrooms,owe57ld,1ur4z8f,Dry_Biscotti8049,"I feel for you. I’m no expert, but it feels like you should stand up for yourself and stop letting her get away with what seems like from the outside to be a lot of disrespect. I hope you find a path forward. Wishing you the best.",我同情你。我不是专家，但感觉你应该为自己挺身而出，别让她继续逃过那些从外面看像是大量不尊重的行为。希望你找到前进的路。祝你好。,2026-07-08T23:50:57.000Z,https://www.reddit.com/r/DeadBedrooms/comments/1ur4z8f/comment/owe57ld/,06_克服方式-心理调适-接纳自我,,,,,sentiment
情感类社区,r/DeadBedrooms,owe4q2a,1ur4z8f,velvet_tide_123,"Not sure what you're looking for here. But it sounds like a tough situation. I am sorry you are going through that. I don't know how you used to treat her in the past, but the way she us handling it, the mocking and all that, sounds pretty toxic. Good luck with the counseling. Hope it gets better",不知道你想在这里得到什么。但听起来是个艰难的情况。很抱歉你正在经历。我不知道你过去怎么对她，但她处理的方式、嘲讽等等，听起来相当有毒。祝咨询顺利。希望会变好。,2026-07-08T23:48:24.000Z,https://www.reddit.com/r/DeadBedrooms/comments/1ur4z8f/comment/owe4q2a/,05_使用阻碍-伴侣关系-感情隐患,,,,,sentiment
情感类社区,r/DeadBedrooms,owe452d,1ur70qt,Suitable_Chemist2844,"I honestly think your note is incredibly mature and is coming from a place of love. It doesn’t automatically come off as an ultimatum. How has he reacted previously to verbal discussions? If he usually shuts down then the note might actually be really beneficial. It would give him the space to process it and not feel “attacked”. I would give it to him and let him bring it up if he wishes to.  Regardless, I would suggest individual therapy. You should not have to carry that burden and let it dull your confidence. I think when we love someone we attempt to protect and defend them at our own detriment (“it’s not his fault we’re not having sex, it HAS to do something with me”). I’m incredibly sorry you’re going through this and I hope you two are able to overcome this.",说实话我认为你的信非常成熟，来自爱的地方。它不会自动显得像最后通牒。他之前对口头讨论的反应如何？如果他通常关闭，那信可能真的非常有益。它会给他处理它的空间，不觉得'被攻击'。我会给他，让他愿意的话提起。不管怎样，我建议个人治疗。你不该背负那个负担让它磨钝你的自信。我认为当我们爱某人时，我们试图保护他们，以我们自己的损害为代价（'不是他的错我们没有性，一定和我有关'）。我非常抱歉你正在经历这个，希望你们俩能克服。,2026-07-08T23:45:17.000Z,https://www.reddit.com/r/DeadBedrooms/comments/1ur70qt/comment/owe452d/,06_克服方式-心理调适-学习知识,,,,,sentiment
情感类社区,r/DeadBedrooms,ow6wx12,1uppqil,No_Inspection2047,"it’s amazing that after literally thousands of years of families pressuring children to marry, and it often going bad, some cultures are still fixated in perpetuating this injustice.  i don’t know what to tell you. this isn’t a “can we recover what we had” situation, it sounds more like a “we never had it and probably would not choose each other again”.  one warning though: reddit bans people for using the term “d\*ty s\*x”. I don’t know why. they kicked me off for two weeks. hope it doesn’t happen to you",令人惊讶的是，在家庭逼迫孩子结婚几千年、而且经常变糟之后，一些文化仍固守着延续这种不公。我不知道告诉你什么。这不是'我们能恢复我们有的吗'的情况，听起来更像'我们从未有过，可能也不会再选择彼此'。一个警告：reddit 会因为使用'd\*ty s\*x'这个词封人。不知道为什么。他们把我踢出去两周。希望你不会。,2026-07-07T23:56:36.000Z,https://www.reddit.com/r/DeadBedrooms/comments/1uppqil/comment/ow6wx12/,05_使用阻碍-伴侣关系-感情隐患,,,,,sentiment
情感类社区,r/DeadBedrooms,ow6ww93,1unjfjh,Time_Section_1481,I have talked big about not trying or initiating (including posting here 🤪) but I usually don’t make it very long!  Has bike riding or exercise in general helped anything for you?,我大谈特谈不尝试不主动（包括在这里发帖 🤪），但我通常坚持不了太久！骑行或运动对你有帮助吗？,2026-07-07T23:56:28.000Z,https://www.reddit.com/r/DeadBedrooms/comments/1unjfjh/comment/ow6ww93/,06_克服方式-心理调适-接纳自我,,,,,sentiment
情感类社区,r/DeadBedrooms,ow6vu35,1upkm39,epic-curious-senior,Easy to stay faithful when nobody wants to sleep with you!,没人想和你睡的时候保持忠诚很容易！,2026-07-07T23:50:45.000Z,https://www.reddit.com/r/DeadBedrooms/comments/1upkm39/comment/ow6vu35/,未提及,,,,,sentiment
情感类社区,r/DeadBedrooms,ow6v4uy,1unpyhu,Dariusdee1979,"People always assume hysterical bonding is a bad thing. I dont always think it is, as it gets you back into the practice of haveing sex again I feel alot of deadbedrooms come from people getting to busy to have sex or there too tired or they put it off. Pretty soon its been months and now your not sure how to intiate or if you should.",人们总是假设歇斯底里连接是坏事。我不总这么认为，因为它让你重新练习做爱。我觉得很多死床来自人们太忙没时间做爱，或太累，或推迟。很快几个月过去了，你现在不确定怎么开始或是否该开始。,2026-07-07T23:46:59.000Z,https://www.reddit.com/r/DeadBedrooms/comments/1unpyhu/comment/ow6v4uy/,09_十三种需求-身份层-刺激,,,,,sentiment
情感类社区,r/DeadBedrooms,ow6u6zb,1uq6aw0,2muchtequila,It brought about a lot of changes. In my case I also brought up opening the relationship.,它带来了很多变化。我的情况是我还提出了开放关系。,2026-07-07T23:42:00.000Z,https://www.reddit.com/r/DeadBedrooms/comments/1uq6aw0/comment/ow6u6zb/,未提及,,,,,sentiment
情感类社区,r/DeadBedrooms,ow6smw0,1upkviq,Accomplished-Two2126,"Only time will tell, I guess. Please keep us informed as to your progress.",只有时间能证明，我猜。请随时告诉我们你的进展。,2026-07-07T23:33:48.000Z,https://www.reddit.com/r/DeadBedrooms/comments/1upkviq/comment/ow6smw0/,未提及,,,,,sentiment
情感类社区,r/DeadBedrooms,ow6s23d,1uq6aw0,Cashneto,"Yup, been there as well. If I'm not chasing her around the house grabbing her ass yet never getting any, I must be getting it from somewhere else. I'm supposed to desire her but, not the other way around.",是的，我也经历过。如果我不在屋里追着她抓屁股却什么也得不到，那我一定是在别处得到了。我应该渴望她，但不是反过来。,2026-07-07T23:30:45.000Z,https://www.reddit.com/r/DeadBedrooms/comments/1uq6aw0/comment/ow6s23d/,05_使用阻碍-伴侣关系-感情隐患,,,,,sentiment
情感类社区,r/DeadBedrooms,ow6s1ju,1upzhe5,kindakitten,"Book the hotel. Let her know you did, but stress that you got it so that you two can potentially stumble in the door late at night and not risk bothering/waking her mother. If you get one with a tub, tell her you got it because you know her feet hurt after concerts. Make the sole focus on the fact that it's just a logical, enjoyable thing, not that you're getting it to fuck like rabbits in.   Worst case, nothing happens, but you guys had a good night.   Best case, you could have a *really great* night.   Another in between but potentially beneficial for the longterm, is that you don't have sex, but the progress that *has* been made allows for her to REALLY appreciate getting to enjoy a night like this without the pressure, which sounds like it helps her foster intamacy.",订酒店。让她知道你订了，但强调你订是为了你们俩深夜回来时可能不用打扰/吵醒她妈妈。如果订到带浴缸的，告诉她你订是因为知道她音乐会后脚疼。让唯一焦点是它只是一个合理、愉快的事，而不是你要在里面像兔子一样做爱。最糟的情况，什么都没发生，但你们有个好夜晚。最好的情况，你可能有'真正很棒'的夜晚。还有一个中间但可能长期有益的：你们没做爱，但已有的进展让她真正享受这样一个没有压力的夜晚，听起来这有助于她培养亲密。,2026-07-07T23:30:40.000Z,https://www.reddit.com/r/DeadBedrooms/comments/1upzhe5/comment/ow6s1ju/,04_使用场景-空间场景-酒店,,,,,sentiment
情感类社区,r/DeadBedrooms,ow6s0sh,1upb4bo,Puzzle-headed97,god i could’ve written this. i’m so fucking sorry. i hope you’re ok.,天哪，这简直是我写的。我太他妈难过了。希望你好。,2026-07-07T23:30:33.000Z,https://www.reddit.com/r/DeadBedrooms/comments/1upb4bo/comment/ow6s0sh/,未提及,,,,,sentiment
情感类社区,r/DeadBedrooms,ow6rump,1uq562y,TheOfficeoholic,I am very much understand. My LLW holds all the cards and has professed she doesn’t have even enjoy being physical beyond asking for a massage.   I have given up and feel your pain.  The last time I stopped it and left the room because she couldn’t even make eye contact with me.,我非常理解。我的 LLW 掌握所有牌，并声称除了要求按摩外，她甚至不喜欢身体接触。我已经放弃了，感受到你的痛苦。上次我停止并离开房间，因为她甚至不能和我眼神接触。,2026-07-07T23:29:41.000Z,https://www.reddit.com/r/DeadBedrooms/comments/1uq562y/comment/ow6rump/,05_使用阻碍-伴侣关系-感情隐患,,,,,sentiment
情感类社区,r/DeadBedrooms,ow6r7vy,1uq6aw0,Empty-Hotel-,your wife seems very annoying,你妻子看起来非常烦人。,2026-07-07T23:26:25.000Z,https://www.reddit.com/r/DeadBedrooms/comments/1uq6aw0/comment/ow6r7vy/,未提及,,,,,sentiment
情感类社区,r/DeadBedrooms,ow6qxpi,1upkviq,anonymamiii,"Yes I was feeling insecure wondering if he loves me too or not, but I hope you’re right",是的，我在感到不安全，想知道他是否也爱我，但我希望你是对的。,2026-07-07T23:24:56.000Z,https://www.reddit.com/r/DeadBedrooms/comments/1upkviq/comment/ow6qxpi/,05_使用阻碍-心理状态-焦虑,,,,,sentiment
情感类社区,r/DeadBedrooms,ovzh59a,1updmml,Ecstatic_Account_561,"Yeah, I’ve always felt like we didn't have much sexual chemistry. I’ve always wanted to be adventurous in bed—I wanted to try anal with her, but she always rejected it. At first, she said she would do it after 2 years together, but she never did. Later, I questioned the fact that she had apparently done it with other people but wouldn't do it with me. She told me that sex in a relationship was different, that it was meant for 'pleasure.' Man, that made me feel awful.""",是的，我一直觉得我们没有太多性化学反应。我一直想在床上冒险——我想和她试肛交，但她总是拒绝。起初她说在一起 2 年后会做，但从未。后来我质疑她显然和别人做过却不愿和我做。她告诉我关系中的性是不同的，是为了'快乐'。天哪，那让我感觉糟透了。,2026-07-06T23:59:32.000Z,https://www.reddit.com/r/DeadBedrooms/comments/1updmml/comment/ovzh59a/,05_使用阻碍-伴侣关系-感情隐患,,,,,sentiment
情感类社区,r/DeadBedrooms,ovzgva8,1upb4bo,Haunting_Yellow_258,"It sounds like my issue, he has a porn and sex addiction, which makes him want anyone (including porn/masturbation) but not me.  I have a difficult time separating his choices from it being about me. He is apparently working on his addiction, but he still slips and relapses and I can’t help but internalize it.   I am sorry you are in the same situation, I have no advice except to emphasize, it’s a them problem, we are still the prize and it’s not because we are not enough. I try to live my life for me and work on knowing I’m lovable, but it’s hard and I see you. Hugs ❤️",听起来像我的问题，他有色情和性瘾，这让他想要任何人（包括色情/自慰）但不是我要。我很难把他的选择和我自己分开。他显然在努力戒瘾，但他仍然失足复发，我忍不住内化。很抱歉你在同样的情况，我没有建议，只强调：这是他们的问题，我们仍然是奖品，不是因为我不够好。我努力为自己而活，努力知道自己值得被爱，但很难，我看到你了。拥抱 ❤️,2026-07-06T23:58:05.000Z,https://www.reddit.com/r/DeadBedrooms/comments/1upb4bo/comment/ovzgva8/,05_使用阻碍-心理状态-羞耻愧疚,,,,,sentiment
情感类社区,r/DeadBedrooms,ovzgv2r,1upb4bo,More-Ground6989,Yes-this tears me up. Would celebrate if this happened to me. I do think though that the nature of the issues are different across the sexes?,是的——这让我心碎。如果发生在我身上我会庆祝。但我确实认为问题的性质在性别间是不同的？,2026-07-06T23:58:04.000Z,https://www.reddit.com/r/DeadBedrooms/comments/1upb4bo/comment/ovzgv2r/,未提及,,,,,sentiment
情感类社区,r/DeadBedrooms,ovzgu7s,1upb4bo,Firm_Lobster5163,I feel your pain. There is also something deeply humiliating about being a man who has to beg his own wife to even pretend to want him.,我感受到你的痛苦。作为一个必须求自己妻子甚至假装想要他的男人，有某种深深羞辱的东西。,2026-07-06T23:57:56.000Z,https://www.reddit.com/r/DeadBedrooms/comments/1upb4bo/comment/ovzgu7s/,05_使用阻碍-心理状态-羞耻愧疚,,,,,sentiment
情感类社区,r/DeadBedrooms,ovzgq7g,1up8dtb,Specific_Instance813,"Everything mentioned by these gentleman.  This happened in my early 30's...  Morals told me she is my wife, the only person I can have sex with.... There would be times I would get hints that she was interested and there was maybe a chance of it happening..  It didn't happen. It seemed cruel..it messed with my head and emotions. I felt broken.. the shell of me existed but underneath that shell was an emotional wreck..",这些先生们说的一切。这发生在我 30 出头……道德告诉我她是我妻子，我唯一能做爱的人……有时我会得到暗示她有兴趣，也许有机会发生……但没有发生。那看起来残酷……它搞乱了我的头脑和情绪。我觉得破碎……我的外壳存在，但外壳下面是情绪废墟……,2026-07-06T23:57:22.000Z,https://www.reddit.com/r/DeadBedrooms/comments/1up8dtb/comment/ovzgq7g/,05_使用阻碍-心理状态-预期失望,,,,,sentiment
情感类社区,r/DeadBedrooms,ovzganh,1updfz5,StrategyAncient6770,You clearly love your wife - that definitely came through 🖤 I really do hope you guys can find a way through together.,你显然爱你的妻子——那确实传达到了 🖤 我真的希望你们能找到一起度过的方法。,2026-07-06T23:55:06.000Z,https://www.reddit.com/r/DeadBedrooms/comments/1updfz5/comment/ovzganh/,未提及,,,,,sentiment
情感类社区,r/DeadBedrooms,ovzg2ou,1updfz5,Pudge-Heffelfinger,"Is it good, mutually enjoyable sex? Or does she just lie there and wait for you finish?  Assuming it’s good for both of you and not just duty, then I say take the win, brother. She’s made a huge effort to be a better partner and make you feel loved, and you should not expect perfection.   But if she’s just doing duty sex and there’s no genuine desire or enjoyment on her end, then you’ve just swapped out a dead bedroom for a different problem.   Good luck.",是好的、相互享受的性吗？还是她只是躺着等结束？假设对双方都好而不只是义务，那我收下这个胜利，兄弟。她做了巨大努力成为更好的伴侣让你感到被爱，你不该期望完美。但如果她只是做义务性爱，她这边没有真正的欲望或享受，那你只是把一个死床换成了另一个问题。祝好运。,2026-07-06T23:53:56.000Z,https://www.reddit.com/r/DeadBedrooms/comments/1updfz5/comment/ovzg2ou/,06_克服方式-心理调适-接纳自我,,,,,sentiment
情感类社区,r/DeadBedrooms,ovzdhgz,1updfz5,Friendlyandintrovert,Thank you for sharing your POV. It means a lot to me to hear the LL side. She has a hard time expressing herself other than through anger when the subject comes up. I’m hoping it came through. I don’t blame her. I still don’t fully understand her but I know she’s not the bad guy. I am worried about us “long term”.,谢谢分享你的观点。听到 LL 方的视角对我意义重大。她除了愤怒很难表达自己，当话题出现时。我希望它传达到了。我不怪她。我仍然不完全理解她，但我知道她不是坏人。我担心我们的'长期'。,2026-07-06T23:40:30.000Z,https://www.reddit.com/r/DeadBedrooms/comments/1updfz5/comment/ovzdhgz/,06_克服方式-心理调适-学习知识,,,,,sentiment
情感类社区,r/DeadBedrooms,ovs861c,1uoaxr0,Head2Toe9,"Mine had a hysterectomy about 30 years ago and no HRT, the only sex I have is when I basically insist. She enjoys it when we have it but she never initiates.",我的大约 30 年前做了子宫切除，没有 HRT，我唯一的性是我基本坚持时。我们做时她享受，但她从不主动。,2026-07-05T23:59:41.000Z,https://www.reddit.com/r/DeadBedrooms/comments/1uoaxr0/comment/ovs861c/,05_使用阻碍-产品本身-价格贵,,,,,sentiment
情感类社区,r/DeadBedrooms,ovs7v37,1uo7sve,Alex_Wats,No sensations and high libido is much worse than just high libido.,没有感觉的高性欲比只是高性欲糟糕得多。,2026-07-05T23:57:59.000Z,https://www.reddit.com/r/DeadBedrooms/comments/1uo7sve/comment/ovs7v37/,09_十三种需求-身份层-主宰,,,,,sentiment
情感类社区,r/DeadBedrooms,ovs78sv,1unsfej,maybe_ask_,"I try not to embrass her around her coworkers and bosses so I play my part. Away from that social circle I don't reward the coldness. I do understand what yiu are saying , but i won't Sacrifice her career relationships.",我尽量不在她同事和老板面前让她难堪，所以我扮演我的角色。离开那个社交圈我不会奖励冷淡。我明白你说什么，但我不会牺牲她的职业关系。,2026-07-05T23:54:36.000Z,https://www.reddit.com/r/DeadBedrooms/comments/1unsfej/comment/ovs78sv/,05_使用阻碍-伴侣关系-感情隐患,,,,,sentiment
情感类社区,r/DeadBedrooms,ovs6h62,1uoeyy1,Midnight5un,"They make excuses for why it doesn’t happen, which are almost never the real issue.",他们为不发生找借口，而这些几乎从来不是真正的问题。,2026-07-05T23:50:23.000Z,https://www.reddit.com/r/DeadBedrooms/comments/1uoeyy1/comment/ovs6h62/,05_使用阻碍-伴侣关系-感情隐患,,,,,sentiment
情感类社区,r/DeadBedrooms,ovs64kt,1uoc6bk,vaderteatime,Yea not for me but if it works for you then by all means.,是的，不适合我，但如果你觉得有用，尽管用。,2026-07-05T23:48:28.000Z,https://www.reddit.com/r/DeadBedrooms/comments/1uoc6bk/comment/ovs64kt/,未提及,,,,,sentiment
情感类社区,r/DeadBedrooms,ovs5eny,1unzavi,Yup_ImAwesome,She’s pretty much telling you it’s never going to change and you’re holding onto some hope that it will. Sounds like you’re going to be unhappy if you continue to hold onto hope. You can love her and be with her for who she is or you can find someone you are more sexually compatible with. Good luck.,她基本上在告诉你它永远不会改变，而你握着它会改变的一些希望。听起来如果你继续握有希望你会不开心。你可以爱她、因为她是她而和她在一起，或者你可以找一个性更兼容的人。祝好运。,2026-07-05T23:44:30.000Z,https://www.reddit.com/r/DeadBedrooms/comments/1unzavi/comment/ovs5eny/,06_克服方式-心理调适-降低预期,,,,,sentiment
情感类社区,r/DeadBedrooms,ovs5e2d,1uoaxr0,More-Ground6989,Or she is - just not with you. (Sadly),或者她是——只是不和你。（可悲）,2026-07-05T23:44:24.000Z,https://www.reddit.com/r/DeadBedrooms/comments/1uoaxr0/comment/ovs5e2d/,未提及,,,,,sentiment
情感类社区,r/DeadBedrooms,ovs483j,1uo6xya,SpeedDemon241428,"Exactly right. My go-to reply for folks like OP is, ”no ring, kids, or mortgage? Get out while you can, guy.”",完全正确。我对像 OP 这样的人的标准回答是，'没有戒指、孩子或房贷？趁还能走赶紧走，兄弟。',2026-07-05T23:38:01.000Z,https://www.reddit.com/r/DeadBedrooms/comments/1uo6xya/comment/ovs483j/,06_克服方式-心理调适-接纳自我,,,,,sentiment
情感类社区,r/DeadBedrooms,ovllj8w,1unl4jy,Chiknbiscuit,If you don’t have a kid get the fuck out. I stayed 5 yrs because of my kid and now she’s decided to divorce me though she was the beginning of the dead bedroom.,如果你没孩子，赶紧滚。我因为孩子待了 5 年，现在她决定和我离婚，虽然她是死床的开始。,2026-07-04T23:59:10.000Z,https://www.reddit.com/r/DeadBedrooms/comments/1unl4jy/comment/ovllj8w/,05_使用阻碍-伴侣关系-感情隐患,,,,,sentiment
情感类社区,r/DeadBedrooms,ovllhhb,1umqb48,wrngwithmechemically,"Absolutely. Life is messy. Life is expensive. But it's a decision between the two, if one could choose. No one genuinely stays with a LL F/M because they want to stay. At least, that's my belief.  I've always said, if I hit the lottery and someone asks me ""What are you buying first?"" I have a single word answer: Divorce. 😂🤣😭",当然。生活一团糟。生活昂贵。但这是两个人之间的决定，如果可以选的话。没有人真正因为想留下而和 LL 的 F/M 在一起。至少这是我的信念。我一直说，如果我中彩票有人问'你先买什么？'我有一个字的答案：离婚。😂🤣😭,2026-07-04T23:58:52.000Z,https://www.reddit.com/r/DeadBedrooms/comments/1umqb48/comment/ovllhhb/,05_使用阻碍-伴侣关系-感情隐患,,,,,sentiment
情感类社区,r/DeadBedrooms,ovliuhu,1unjfjh,Somebodyelse76,Oh... *hugs*... there's no safe comment for the amount of how awful that feels. 🥺,哦……*拥抱*……对于那感觉有多糟，没有安全的评论。🥺,2026-07-04T23:42:53.000Z,https://www.reddit.com/r/DeadBedrooms/comments/1unjfjh/comment/ovliuhu/,未提及,,,,,sentiment
情感类社区,r/DeadBedrooms,ovliic5,1unjfjh,siding2021,Done the same thing. Never works.,做了同样的事。从没成功过。,2026-07-04T23:40:53.000Z,https://www.reddit.com/r/DeadBedrooms/comments/1unjfjh/comment/ovliic5/,未提及,,,,,sentiment
情感类社区,r/DeadBedrooms,ovlewdx,1uneeun,Inevitable_Day1476,Same here. This shit is crushing.,这里也一样。这东西真压垮人。,2026-07-04T23:20:02.000Z,https://www.reddit.com/r/DeadBedrooms/comments/1uneeun/comment/ovlewdx/,未提及,,,,,sentiment
情感类社区,r/DeadBedrooms,ovldiqo,1unlpky,Vitamin-red,"I understand that your feelings were hurt in this situation, but I also want you to understand that something was communicated in the transaction. Your wife doesnt believe a smack on the butt is appropriate around the kids. So dont do it while kids are around.",我理解你在这情况中受伤了，但我也想让你理解交易中传达了某种信息。你妻子不认为在孩子面前拍屁股合适。所以孩子在场时别做。,2026-07-04T23:12:32.000Z,https://www.reddit.com/r/DeadBedrooms/comments/1unlpky/comment/ovldiqo/,未提及,,,,,sentiment
情感类社区,r/DeadBedrooms,ovldbzh,1unj0a7,pronetolecture,"thinks masturbating and lust are sinful, but fornication isn’t? It sounds like he’s just making excuses.",认为自慰和欲望是罪恶，但通奸不是吗？听起来他只是在找借口。,2026-07-04T23:11:33.000Z,https://www.reddit.com/r/DeadBedrooms/comments/1unj0a7/comment/ovldbzh/,05_使用阻碍-伴侣关系-感情隐患,,,,,sentiment
情感类社区,r/DeadBedrooms,ovlbpvz,1unjfjh,TheManInTheBoat1981,"I feel this, you're not alone",我感受到这个，你不孤单。,2026-07-04T23:03:23.000Z,https://www.reddit.com/r/DeadBedrooms/comments/1unjfjh/comment/ovlbpvz/,未提及,,,,,sentiment
情感类社区,r/DeadBedrooms,oveze3q,1ums3ju,seventhblunder,"I hope the wording was a lot nicer than that, because that honestly sounds a bit cruel on his part. The way you handled it was how most busy parents would, and it would have went well with a more libido matched partner. Which I think is where his comment came from, I think he was feeling pressure because he no longer had the excuse of the kids, so he turned it back on you. I do not think you attempting to build intimacy prior to sex is the reason for his low libido, and I think he needs to face the truth and be honest with you (whether that be a naturally low sex drive, or deeper issues). Granted I'm going under the assumption that everything in your sexual relationship has been respectful up to this point, and his response was not due to burn out or mistreatment. With that said, I'm sorry he made you feel that way as it wasn't kind and it wasn't what you deserved.",我希望措辞比那好得多，因为那听起来确实有点残忍。你的处理方式是大多数忙碌父母会做的，和性欲更匹配的伴侣会很顺利。我想这就是他评论的来源，我觉得他感到压力因为他不再有孩子的借口，所以他转过来怪你。我不认为你试图在性前建立亲密是他低性欲的原因，我认为他需要面对真相并诚实对你（无论是天生低性欲还是更深层的问题）。当然我假设你们性关系中到目前为止一直互相尊重，他的反应不是由于倦怠或被虐待。话说回来，很抱歉他让你那样觉得，那不友善也不是你应得的。,2026-07-03T23:58:13.000Z,https://www.reddit.com/r/DeadBedrooms/comments/1ums3ju/comment/oveze3q/,06_克服方式-心理调适-接纳自我,,,,,sentiment
情感类社区,r/DeadBedrooms,oveyunk,1umq0aw,LastChance2407,"Thats your moral compass, and may not be everyone's",那是你的道德指南针，可能不是每个人的。,2026-07-03T23:55:11.000Z,https://www.reddit.com/r/DeadBedrooms/comments/1umq0aw/comment/oveyunk/,未提及,,,,,sentiment
情感类社区,r/DeadBedrooms,oveyh3s,1umq0aw,Martianfromthefuture,Who the fuck are you? Sorry did you not read the part that he frequents sexting barely legal girls and AI?,你他妈是谁？抱歉你读了他在频繁勾搭刚成年的女孩和 AI 的部分吗？,2026-07-03T23:53:01.000Z,https://www.reddit.com/r/DeadBedrooms/comments/1umq0aw/comment/oveyh3s/,05_使用阻碍-伴侣关系-感情隐患,,,,,sentiment
情感类社区,r/DeadBedrooms,ovey2eb,1umq0aw,LastChance2407,"I hope you are not in medical or healthcare, else your solution would be to always to kill the patient and not cure them :)",我希望你不是在医疗或医护行业，否则你的解决方案会是总是杀了病人而不是治愈他们 :),2026-07-03T23:50:44.000Z,https://www.reddit.com/r/DeadBedrooms/comments/1umq0aw/comment/ovey2eb/,未提及,,,,,sentiment
情感类社区,r/DeadBedrooms,ovewuqu,1umrrhs,novice_nofix,"Personally, I’d be more confused than mad if my LL SO was watching porn because as far as I can tell they have literally no sexual impulse, but I’d definitely be a little mad too because i exist.",个人而言，如果我的 LL 伴侣看色情片，我会更困惑而不是生气，因为据我所知他们根本没有性冲动，但我肯定也会有点生气，因为我存在。,2026-07-03T23:43:53.000Z,https://www.reddit.com/r/DeadBedrooms/comments/1umrrhs/comment/ovewuqu/,05_使用阻碍-伴侣关系-感情隐患,,,,,sentiment
情感类社区,r/DeadBedrooms,ovew71u,1umeqga,615_Vibe_Seeker,"Well originally we weren’t supposed to get married. When we first started dating she told me up front that she never wanted to get married again. A few years later, if I recall we may have just got back from vacation and she seemed sad. She then said she thought I was going to propose. I said you had told me you didn’t want that and I respected that. Everything was going great in the bedroom at this time as well. After talking she admitted that was what she thought she wanted because of her past relationships. I was in a better place mentally and emotionally. I was still going out yo do the things I enjoyed doing and there were no temptations. The temptations didn’t start coming until the decline of physical intimacy.",嗯，最初我们本不该结婚。我们刚开始约会时她直接告诉我她再也不想结婚。几年后，我记得我们可能刚从度假回来她似乎难过。然后她说她以为我要求婚。我说你告诉过我你不想要，我尊重那个。当时卧室里一切也很棒。谈完后她承认那是她以为她想要的，因为她的过去关系。我当时在精神和情感上处于更好的状态。我仍然出去做我喜欢的事，没有诱惑。诱惑直到身体亲密衰退才开始来。,2026-07-03T23:40:12.000Z,https://www.reddit.com/r/DeadBedrooms/comments/1umeqga/comment/ovew71u/,05_使用阻碍-伴侣关系-感情隐患,,,,,sentiment
情感类社区,r/DeadBedrooms,ovew3fj,1umrrhs,Alxasauraus,"Its a means to meet your need, if that helps you get going, why not.  Its harmless , you can't get emotionally attached to pornstars.   I would encourage a healthy dose of porn to everyone.",这是满足你需求的手段，如果那帮你启动，为什么不。它无害，你不会对色情明星产生情感依恋。我会鼓励每个人都来点健康的色情。,2026-07-03T23:39:38.000Z,https://www.reddit.com/r/DeadBedrooms/comments/1umrrhs/comment/ovew3fj/,未提及,,,,,sentiment
情感类社区,r/DeadBedrooms,ovevtw6,1umrrhs,Trigirl20,Ouch. Virtual hug to you.,哎哟。给你虚拟拥抱。,2026-07-03T23:38:12.000Z,https://www.reddit.com/r/DeadBedrooms/comments/1umrrhs/comment/ovevtw6/,未提及,,,,,sentiment
情感类社区,r/DeadBedrooms,ovevt1h,1umrrhs,Alxasauraus,I think everyone define their own definition of cheating. Good to hear that you consider porn to be harmless.,我想每个人都定义自己的出轨定义。很高兴听到你认为色情无害。,2026-07-03T23:38:04.000Z,https://www.reddit.com/r/DeadBedrooms/comments/1umrrhs/comment/ovevt1h/,未提及,,,,,sentiment
情感类社区,r/DeadBedrooms,ov7zcfg,1ulwfsz,alternativelyangel,He is the one rejecting me. He said it’s the only thing that makes him happy…,他是拒绝我的那个。他说那是唯一让他快乐的事……,2026-07-02T23:59:51.000Z,https://www.reddit.com/r/DeadBedrooms/comments/1ulwfsz/comment/ov7zcfg/,05_使用阻碍-伴侣关系-感情隐患,,,,,sentiment
情感类社区,r/DeadBedrooms,ov7z11h,1ulsn8o,OneWay5050,"I wouldn't call it ignorant, because I'm not ignoring any of those factors. For many HL and LL people their libido is static. It's not common to read many stories from people who went from HL to LL and vice versa. It's important to know who you are.  You talk about how life works but you seem to overlook the fact that some people are able to simplify their lives and still have the libido they have regardless of the factors you mentioned.   I as an HL have dealt with all the factors you mentioned and I'm still not going to turn down intimacy if it's offered to me because I'm actually an HL.  If you want to be the type of person that has their libido ebb and flow that's fine, but too many HL and LL stay in relationships because they allow too much nuance to stop them from making hard choices.  If I'm in a relationship with a woman whose libido is constantly waning back and forth I think it would be best for both of us to find other people who we are more compatible with.   Just because this isn't how life works for you or others doesn't mean it can't work for me or others.",我不会叫它无知，因为我没有忽略那些因素。对许多 HL 和 LL 来说，性欲是静态的。不常读到从 HL 到 LL 或反之的故事。了解自己是谁很重要。你说生活如何运作，但你似乎忽略了有些人能简化生活并仍然保持他们的性欲，不管你说的那些因素。我作为 HL 处理过你提到的所有因素，如果提供亲密我仍然不会拒绝，因为我真的是 HL。如果你想成为性欲起伏的人，那可以，但太多 HL 和 LL 留在关系中，因为他们允许太多细微差别阻止他们做艰难的选择。如果我与一个性欲不断波动的女人在一起，我想对我们俩最好的是找更兼容的人。仅仅因为这不是你或其他人生活的方式，不意味着它不能适合我或其他人。,2026-07-02T23:58:09.000Z,https://www.reddit.com/r/DeadBedrooms/comments/1ulsn8o/comment/ov7z11h/,06_克服方式-心理调适-降低预期,,,,,sentiment
情感类社区,r/DeadBedrooms,ov7y1jl,1ulx0g2,Same-Pizza-1472,"My partner is loyally, handsome, and puts up with me better than anyone I’ve ever known.  He is also the most intelligent person and he is kind enough to make us dinner nearly every night.",我的伴侣忠诚、英俊，比任何人更能容忍我。他也是最聪明的人，几乎每晚都善良地为我们做晚餐。,2026-07-02T23:52:48.000Z,https://www.reddit.com/r/DeadBedrooms/comments/1ulx0g2/comment/ov7y1jl/,未提及,,,,,sentiment
情感类社区,r/DeadBedrooms,ov7xnq5,1ulx0g2,Same-Pizza-1472,Ditto. This is one of the best posts I’ve ever seen on here. Great job to OP for sharing this with us.,同上。这是我在这是见过的最好的帖子之一。OP 分享给我们做得很好。,2026-07-02T23:50:43.000Z,https://www.reddit.com/r/DeadBedrooms/comments/1ulx0g2/comment/ov7xnq5/,未提及,,,,,sentiment
情感类社区,r/DeadBedrooms,ov7xmlk,1ulsn8o,Cranksta,"I didn't use to feel this way! My husband (TMI) was one of several people - women and men, that I was sleeping with at the same time. I'm insanely sexual. I'm a smut writer- some of the best in my niche. I happily masturbate several times a day.  However, life kicked me in the teeth and my husband, like so many HLs here, only saw the decreased access to my pussy as a problem instead of paying attention to everything else I was saying. So I stopped wanting to screw him. What started as a *temporary* issue that would have resolved with time and care, became a permanent thing because he piled on the pressure and demands over and over again and ignored my complaints because they were inconvenient to his orgasm.   Now? I basically told him that he has to convince me to want to fuck him again. He's trying, to his credit, but I'm not on the other side of this yet and don't know if I'll ever be.  Libido isn't a personality trait. Treating it like it's a thing you can pair off of is ridiculous and not rooted in reality.",我以前不这么觉得！我丈夫（TMI）是同时和我睡觉的几个人之一——男女都有。我疯狂地性。我是情色作家——我领域里最好的之一。我快乐地一天自慰几次。然而，生活踢了我一脚，我丈夫，像这里很多 HL 一样，只看到我阴道使用减少是个问题，而不是注意我说的其他一切。所以我停止想和他做爱。一开始是个*暂时的*问题，时间和关心本会解决它，却变成了永久的事，因为他一遍又一遍堆积压力和需求，忽视我的抱怨，因为它们对他的高潮不方便。现在？我基本告诉他，他必须说服我想再次和他做爱。他在努力，为他记一功，但我还没有到另一边，不知道是否永远会。性欲不是人格特质。把它当作你可以配对的东西是荒谬的，不基于现实。,2026-07-02T23:50:33.000Z,https://www.reddit.com/r/DeadBedrooms/comments/1ulsn8o/comment/ov7xmlk/,05_使用阻碍-伴侣关系-感情隐患,,,,,sentiment
情感类社区,r/DeadBedrooms,ov7w6b3,1ulsn8o,Cranksta,"This is a lot of backtracking and goalpost moving.   You clearly stated that you do things you don't want to in order to make her happy and that you want that in return. This is said explicitly in the context of sex. Ergo, you are upset that she isn't having sex that she doesn't want in order to make you happy.   You don't need to sit here sputtering that that's not what you meant, you just need to think on that reality and how it's kneecapping your ability to have a good sex life. You *want* her to suffer for your benefit because you feel that's what proves love or you wouldn't have used an example of discomfort as an expression of love.",这是很多倒退和移动门柱。你清楚说为了让她快乐你做了不想做的事，你想要回报。这是在性语境中明确说的。因此，你生气她不是为了让你快乐而做她不想做的性。你不需要坐在这里支支吾吾说那不是你的意思，你只需要思考那个现实以及它如何妨碍你有好性生活的能力。你*想要*她为你受苦，因为你觉得那证明爱，否则你不会用不舒服的例子作为爱的表达。,2026-07-02T23:42:35.000Z,https://www.reddit.com/r/DeadBedrooms/comments/1ulsn8o/comment/ov7w6b3/,05_使用阻碍-伴侣关系-感情隐患,,,,,sentiment
情感类社区,r/DeadBedrooms,ov7w345,1ulsn8o,chuffedchimp,"You are treating libido as something that is static. Libido changes. Most people don’t even realize how life, hormone changes, new relationship energy, age, stress, etc. are going to affect their desire for sex. It’s not as simple as LL should be with LL and HL should be with HL. That’s ignorant and not at all how life works.",你把性欲当作静态的东西。性欲会变。大多数人甚至没意识到生活、激素变化、新关系能量、年龄、压力等会如何影响他们的性欲。不像 LL 应该和 LL、HL 应该和 HL 那么简单。那是无知的，完全不是生活运作的方式。,2026-07-02T23:42:06.000Z,https://www.reddit.com/r/DeadBedrooms/comments/1ulsn8o/comment/ov7w345/,未提及,,,,,sentiment
情感类社区,r/DeadBedrooms,ov7vo5p,1ulsn8o,Tough_Teaching_6589,"Ask me how I know hahaha  I hope you can work this out, best wishes to you",问我怎么知道的哈哈。希望你们能解决，祝好。,2026-07-02T23:39:48.000Z,https://www.reddit.com/r/DeadBedrooms/comments/1ulsn8o/comment/ov7vo5p/,未提及,,,,,sentiment
情感类社区,r/DeadBedrooms,ov7uvi3,1ulx0g2,MyAlternateReditAct,"This is an amazing thread. I’m gonna respond later when I have more time, but I wanted to make sure I got in and said how much I appreciate you posting this OP. A lot of negativity can permeate this sub (and for good enough reason - we got a legit issue we discuss here), but it’s nice to consider the other perspective.",这是惊人的帖。我有空会回复，但我想确保进来并说我多感谢你发这个 OP。很多负面可以渗透这个 sub（而且有足够理由——我们在这讨论的是真实问题），但考虑另一个视角是很好的。,2026-07-02T23:35:23.000Z,https://www.reddit.com/r/DeadBedrooms/comments/1ulx0g2/comment/ov7uvi3/,未提及,,,,,sentiment
情感类社区,r/DeadBedrooms,ov7uvf1,1ulsn8o,thekitchenislife,"Probably just read my reply to the post above this one if you're interested, it answers basically the same leap.",如果你有兴趣，可能就看我上面帖子的回复，它基本回答了同样的跳跃。,2026-07-02T23:35:22.000Z,https://www.reddit.com/r/DeadBedrooms/comments/1ulsn8o/comment/ov7uvf1/,未提及,,,,,sentiment
情感类社区,r/DeadBedrooms,ov0oxsx,1ul1n4b,Verdechi,Because I don’t really want to face the reality that someone I love really doesn’t want me like this. And it’s a really hard to accept this and to actually take the next step. I still wanted to believe somehow there was a way to fix us.,因为我不太想面对现实，我爱的某个人真的不想要我这样。而且很难接受并真正迈出下一步。我仍然想相信有办法修复我们。,2026-07-01T23:57:28.000Z,https://www.reddit.com/r/DeadBedrooms/comments/1ul1n4b/comment/ov0oxsx/,05_使用阻碍-心理状态-预期失望,,,,,sentiment
情感类社区,r/DeadBedrooms,ov0oct9,1ukz70i,Dull-Stick2040,"My situation is very similar to yours. Together 15 years, married 14, DB \~10 years.  I can’t get confirmation sex was withheld to punish me, but I get the strong impression that was a big part of it.  I asked her for \~5 years to attend couples therapy with me. When she finally did attend, she wouldn’t do the work.  Almost every disagreement we had, I would be on the receiving end of that Uno reverse card - “no, you’re the problem!”  I’m trying not to cling to the sadness and anger for wasting so much time being treated poorly and trying to make things work, but it’s hard to get over those feelings.",我的情况和你非常相似。在一起 15 年，结婚 14 年，DB 约 10 年。我无法确认性是被扣留来惩罚我，但我有强烈印象那是很大一部分。我求了她约 5 年和我一起参加夫妻治疗。当她终于参加时，她不愿做功课。几乎我们每次分歧，我都会收到那张反转卡——'不，你才是问题！'我尽量不执着于浪费太多时间被恶劣对待和努力解决问题的悲伤和愤怒，但很难克服这些感受。,2026-07-01T23:54:17.000Z,https://www.reddit.com/r/DeadBedrooms/comments/1ukz70i/comment/ov0oct9/,05_使用阻碍-伴侣关系-感情隐患,,,,,sentiment
情感类社区,r/DeadBedrooms,ov0nln3,1ul1n4b,Equivalent_Orca_883,this post makes me wanna cry my eyes out really. it’s just so incredibly sad not even getting a glance and i feel for you. im really sorry.,这个帖子真的让我想大哭一场。连一个眼神都没得到，太悲伤了，我为你感到难过。真的很抱歉。,2026-07-01T23:50:10.000Z,https://www.reddit.com/r/DeadBedrooms/comments/1ul1n4b/comment/ov0nln3/,05_使用阻碍-心理状态-羞耻愧疚,,,,,sentiment
情感类社区,r/DeadBedrooms,ov0nc29,1ukz70i,CollectsTooMuch,Been there. And withheld sex as a punishment.,经历过。还有扣留性作为惩罚。,2026-07-01T23:48:45.000Z,https://www.reddit.com/r/DeadBedrooms/comments/1ukz70i/comment/ov0nc29/,05_使用阻碍-伴侣关系-感情隐患,,,,,sentiment
情感类社区,r/DeadBedrooms,ov0n9kd,1ul1n4b,freelancemomma,Why did you need to ask? He already gave you a loud and clear answer with his behavior.,你为什么需要问？他已经用行为给了你响亮清晰的回答。,2026-07-01T23:48:23.000Z,https://www.reddit.com/r/DeadBedrooms/comments/1ul1n4b/comment/ov0n9kd/,未提及,,,,,sentiment
情感类社区,r/DeadBedrooms,ov0n14b,1ul1n4b,Salt-Significance593,Fly away as far as you can from that mess. There’s so so so many other partner options out there.,飞得越远越好，离开那团糟。外面有太多太多的伴侣选项。,2026-07-01T23:47:07.000Z,https://www.reddit.com/r/DeadBedrooms/comments/1ul1n4b/comment/ov0n14b/,06_克服方式-心理调适-接纳自我,,,,,sentiment
情感类社区,r/DeadBedrooms,ov0mol6,1ul1n4b,VeryHighLittle,"You have done enough, you initiated and created moments to let sex happen naturally but he didn’t even consider taking them moment which means he has 0 willing to fix anything or put any efforts into this. I totally get why its hard on you, rejection from a loved one is the hardest thing ever specially because you always have a hope they will change one day. Unfortunately, this is not how it always works.",你已经做得够多了，你主动并创造让性自然发生的时刻，但他甚至不考虑那些时刻，这意味着他 0 意愿修复任何东西或为此付出任何努力。我完全理解为什么这对你很难，来自爱人的拒绝是最难的事，尤其你总是有希望他们有一天会改变。不幸的是，这并不总是这样运作。,2026-07-01T23:45:17.000Z,https://www.reddit.com/r/DeadBedrooms/comments/1ul1n4b/comment/ov0mol6/,05_使用阻碍-伴侣关系-感情隐患,,,,,sentiment
情感类社区,r/DeadBedrooms,ov0mexr,1uko9o8,Limp_Honey8488,I agree with you my libido went down the drain because my husband was cheating and he was angry all the time. I put us in marital counseling 4 times. He just wanted instant gratification. We’re no longer together. He just couldn’t see that he was part of the problem.   I had to go on anti anxiety medication during the marriage because my self esteem was so shot from him telling me how much he hated me and deserved better. Then when he was over it he wanted me to stop taking the medication because of my sex drive. Then recently confessed to an added affair (there were other times he cheated) that he had 10 years ago whom he was in love with.   She was a part of our lives for a long time because the were “friends” I used to tell him I was uncomfortable with getting being around and he’d tell me I was crazy. Resentment built up and I just lost the drive.  There’s always more to the story then what people say,我同意你，我的性欲因为丈夫出轨而且总是生气而一落千丈。我 4 次把我们放进婚姻咨询。他只想要即时满足。我们不再在一起。他就是看不到他是问题的一部分。婚姻期间我不得不吃抗焦虑药，因为我的自尊被他告诉我他多恨我、他值得更好的打垮了。然后他过去后又要我停药因为我的性欲。最近还坦白了一次额外的婚外情（还有其他出轨），那是 10 年前的，他爱她。她是我们生活的一部分很久，因为他们是'朋友'，我常告诉他我不舒服她在周围，他说我疯了。怨恨累积，我失去了欲望。总是有比人们说的更多的故事。,2026-07-01T23:43:51.000Z,https://www.reddit.com/r/DeadBedrooms/comments/1uko9o8/comment/ov0mexr/,05_使用阻碍-伴侣关系-感情隐患,,,,,sentiment
情感类社区,r/DeadBedrooms,ov0lwwz,1ufvpv9,Left-Relief-5258,I honesty believe my partner isn’t attracted to me either there has been times he chooses to masterbate over me and he also says it’s easier ! Only ever tells me I look nice nothing else it’s soul destroying and then when I go out I have randomers say better compliments ! He is always to hot always has a head ache I ask can I preform oral on him and he literally says no 😂 excuse after excuse after excuse and when we do it he barley finishes with me 😭,我真心相信我的伴侣也不被吸引，有几次他选择自慰而不是我，他还说那更容易！只告诉我看起来不错，其他什么都不说，这摧毁灵魂，然后我出门有陌生人给我更好的赞美！他总是太热总是头疼，我问能不能给他口交，他字面说不行 😂 一个又一个借口，当我们做时他几乎不和我一起结束 😭,2026-07-01T23:41:11.000Z,https://www.reddit.com/r/DeadBedrooms/comments/1ufvpv9/comment/ov0lwwz/,05_使用阻碍-伴侣关系-感情隐患,,,,,sentiment
情感类社区,r/DeadBedrooms,out7taj,1ujxxcg,dingatremel,"I’ve certainly had the thoughts, but….and this is probably the wrong reason not to cheat, but….it sure seems like a lot of work to keep secrets and make up excuses for being MIA. I don’t manage stress well to begin with (which I think is a driving factor for why my partner seems to find me unattractive), so what would that even help?? I think I’d just be more stressed.  And then there’s the guilt. Don’t manage that well, either.  That said, if an attractive woman showed me any authentic affection at all, I would almost certainly lose my faculties.",我当然有过那些想法，但……这可能是出轨的错误理由，但……保守秘密和为失踪找借口似乎是很多工作。我本来就不擅长管理压力（我认为这是伴侣觉得我没吸引力的驱动力），那又有什么帮助？我想我只会更有压力。然后还有内疚。那个我也不擅长管理。话虽如此，如果有个漂亮女人对我展示任何真实的感情，我几乎肯定会失去理智。,2026-06-30T23:55:14.000Z,https://www.reddit.com/r/DeadBedrooms/comments/1ujxxcg/comment/out7taj/,05_使用阻碍-心理状态-羞耻愧疚,,,,,sentiment
情感类社区,r/DeadBedrooms,out6yca,1uk0p0o,C_mac16,you’d be correct about the last part,你关于最后部分的判断是对的。,2026-06-30T23:50:34.000Z,https://www.reddit.com/r/DeadBedrooms/comments/1uk0p0o/comment/out6yca/,未提及,,,,,sentiment
情感类社区,r/DeadBedrooms,out6p7c,1uk5hjt,Affectionate_Leg1407,“Beating around the bush” and “counting your eggs”?!? LOL,'旁敲侧击'和'数鸡蛋'？！？哈哈,2026-06-30T23:49:13.000Z,https://www.reddit.com/r/DeadBedrooms/comments/1uk5hjt/comment/out6p7c/,未提及,,,,,sentiment
情感类社区,r/DeadBedrooms,oulwboq,1uizpdk,EnvironmentSad2115,Did your ex want to stay married or were they over it too?,你的前任想维持婚姻还是他们也受够了？,2026-06-29T23:58:40.000Z,https://www.reddit.com/r/DeadBedrooms/comments/1uizpdk/comment/oulwboq/,未提及,,,,,sentiment
情感类社区,r/DeadBedrooms,oulvs4b,1uj2z37,scrappyass123,she wants it because she has desire for other men but don’t want to cheat on you.  But with you there is something that doesn’t make her horny…  I would talk to her and ask her also to never bring up mfm again because is disrespectful,她想要是因为她对其他男人有欲望，但不想背叛你。但对你有什么东西不让她性奋……我会和她谈，也要求她永远别再提 mfm，因为那是不尊重的。,2026-06-29T23:55:55.000Z,https://www.reddit.com/r/DeadBedrooms/comments/1uj2z37/comment/oulvs4b/,05_使用阻碍-伴侣关系-感情隐患,,,,,sentiment
情感类社区,r/DeadBedrooms,oulvrak,1uj8vyz,Serious_Jellyfish_33,I will make an update tomorrow morning ! Thanks everyone ! Fingers crossed 🤞🏼,我明早会更新！谢谢大家！祈祷好运 🤞🏼,2026-06-29T23:55:48.000Z,https://www.reddit.com/r/DeadBedrooms/comments/1uj8vyz/comment/oulvrak/,未提及,,,,,sentiment
情感类社区,r/DeadBedrooms,oulvq6t,1uj4ek8,italiangel24,Thank you! I had no idea that one existed. I appreciate you pointing me in the right direction.,谢谢！我不知道那个存在。感谢你指我正确的方向。,2026-06-29T23:55:38.000Z,https://www.reddit.com/r/DeadBedrooms/comments/1uj4ek8/comment/oulvq6t/,未提及,,,,,sentiment
情感类社区,r/DeadBedrooms,oulvnj1,1uj2z37,Significant_Sink_628,My wife was the same before me. It took 8 years for her to fully allow herself to show me real affection.   You can imagine what it’s done to my confidence.,我妻子在我之前也一样。她花了 8 年才完全允许自己对我展示真实的感情。你能想象那对我的自信做了什么。,2026-06-29T23:55:15.000Z,https://www.reddit.com/r/DeadBedrooms/comments/1uj2z37/comment/oulvnj1/,05_使用阻碍-心理状态-羞耻愧疚,,,,,sentiment
情感类社区,r/DeadBedrooms,oulvh7m,1uj8vyz,Dry_Biscotti8049,Wishing you the best of luck!,祝你好运！,2026-06-29T23:54:21.000Z,https://www.reddit.com/r/DeadBedrooms/comments/1uj8vyz/comment/oulvh7m/,未提及,,,,,sentiment
情感类社区,r/DeadBedrooms,ouluue5,1uj1f1v,EnvironmentSad2115,"Having the talk might just make it clear you need to divorce, but not having the talk will send you into the kind of resentment that will for sure end your marriage.",谈一次可能只会明确你需要离婚，但不谈会让你陷入那种必然结束婚姻的怨恨。,2026-06-29T23:51:10.000Z,https://www.reddit.com/r/DeadBedrooms/comments/1uj1f1v/comment/ouluue5/,06_克服方式-心理调适-学习知识,,,,,sentiment
情感类社区,r/DeadBedrooms,ouluozu,1uizpdk,Express-Pianist-7208,my (23hlf) fiance (23llm) loves stuff like cuddling and holding hands but im steadily growing resentful and kind of embarrassed of his ll so we haven’t been doing much of it. for his sake i hope kids just exaggerated by pregnancy hormones but lately i really don’t even want to look at him,我（23hlf）的未婚夫（23llm）喜欢拥抱牵手之类，但我渐渐变得怨恨，有点为他的 ll 尴尬，所以我们没怎么做了。为了他好我希望孩子只是被怀孕激素夸大了，但最近我真的连看都不想看他。,2026-06-29T23:50:25.000Z,https://www.reddit.com/r/DeadBedrooms/comments/1uizpdk/comment/ouluozu/,05_使用阻碍-心理状态-预期失望,,,,,sentiment
情感类社区,r/DeadBedrooms,oulukb6,1uj8iat,honestphantom,"do you think the two are related?   For my part, I think my lack of initiation really comes in part from a lack of confidence, which has also developed because I was rejected a lot even before my wife got pregnant, and then post pregnancy (around the 8 month mark), most of the time my wife wouldn't even want to be touched. This, coupled with a sense of ""what am i doing with my life"" has made me feel lost, and how on earth do i present myself as a 'leader' when im not leading or following anything?",你觉得两者相关吗？就我而言，我觉得我缺乏主动部分来自缺乏自信，这也因为我在妻子怀孕前就经常被拒绝而发展起来，然后产后（大约 8 个月时），大多数时候妻子连被碰都不想。加上'我在我生活里做什么'的感觉让我迷失，而且当我既不领导也不跟随任何东西时，我到底怎么把自己表现为'领导者'？,2026-06-29T23:49:46.000Z,https://www.reddit.com/r/DeadBedrooms/comments/1uj8iat/comment/oulukb6/,05_使用阻碍-心理状态-羞耻愧疚,,,,,sentiment
情感类社区,r/DeadBedrooms,oului2a,1uj8vyz,Competitive_Sky_5177,Good luck!! Please update us!!,祝好运！！请更新我们！！,2026-06-29T23:49:27.000Z,https://www.reddit.com/r/DeadBedrooms/comments/1uj8vyz/comment/oului2a/,未提及,,,,,sentiment
情感类社区,r/DeadBedrooms,oulubdk,1uj2z37,HeySpudEyeSeeYou,"Dude, stop crying? Really? She's ripping open wounds knowing he was sexually abused and has trauma related to men.   He is absolutely justified in crying.",老兄，别哭了？真的？她在撕开伤口，知道他被性虐待过、有与男性相关的创伤。他绝对有理由哭。,2026-06-29T23:48:31.000Z,https://www.reddit.com/r/DeadBedrooms/comments/1uj2z37/comment/oulubdk/,未提及,,,,,sentiment
情感类社区,r/DeadBedrooms,oulu0zt,1uj2z37,HeySpudEyeSeeYou,"This was the situation in my last marriage. My ex-wife became obsessed with the idea of an MFM toward the end of our marriage. I agreed to indulge it because her libido was finally returning after years of infertility (at least that's what she claimed and I thought it was at the time) had killed her drive.   My experience isn't nearly as bad as yours, but she also knew I had been cheated on or told I ""owed"" my partner an open relationship because I wasn't sexually satisfying enough and that's the only way I would be 'allowed' to stay with any woman. I won't get into all the humiliation I was subjected to, but needless to say, it was a hurtful request - hurtful even more once the other guy declined, and she decided instead just to sleep with him.  The behavior of your wife with you is already unfaithful without the actual act, but moreover, it's abusive. I'm typically the guy to push back on how often people insist that the partner wanting sex over the partner who doesn't is valuing getting laid over the other person, but most of the time that sex is about connection and desire for the one they love.   What this woman is doing doesn't demonstrate any sort of love. These actions are malicious, cruel, and abusive. Beyond just making you feel unwanted, it dismisses your trauma as inconsequential. This is not the behavior you want modeled for your sons of how you treat someone you love, nor how you should be treated by someone who claims to love you.  I'm so sorry, man. The partner (well sadly, partners) I had like that left me feeling like I was disgusting and no woman would ever love or desire me that way. But I did eventually find her and many years in, she still makes me feel chosen every single day. You deserve better. Her selfishness has nothing to do with your worth as a man or human being.",这是我上段婚姻的情况。我的前妻在婚姻末期痴迷于 MFM 的想法。我同意纵容它，因为她的性欲终于在多年不孕（至少她当时声称的，我也相信）杀死她的欲望后回来了。我的经历没有你那么糟，但她也知道我被背叛过，或被告知我'欠'伴侣开放关系，因为我在性上不够满足，那是唯一能'被允许'和任何女人在一起的途径。我不深入我受的所有羞辱，但不用说，那是个伤人的请求——一旦另一个男人拒绝，她决定干脆和他睡，就更伤人。你妻子对你的行为已经是不忠的，没有实际行为，而且更是虐待。我通常是那种反对人们坚持认为想要性的伴侣比不想要的伴侣更看重上床的人，但大多数时候性是关于连接和对所爱之人的欲望。这个女人在做的没有展示任何爱。这些行为是恶意的、残忍的、虐待的。除了让你感到不被想要，它把你的创伤当作无关紧要来打发。这不是你想为你的儿子们示范的对待所爱之人的方式，也不是声称爱你的人应该对待你的方式。我很抱歉，兄弟。那样对待我的伴侣让我觉得自己恶心，没有女人会那样爱或渴望我。但我最终找到了她，很多年后她仍然每天都让我觉得被选中。你值得更好的。她的自私和你的男性或人类价值无关。,2026-06-29T23:47:04.000Z,https://www.reddit.com/r/DeadBedrooms/comments/1uj2z37/comment/oulu0zt/,05_使用阻碍-伴侣关系-感情隐患,,,,,sentiment
情感类社区,r/DeadBedrooms,oultzl2,1uj2muf,EnvironmentSad2115,"I’ll echo what everyone is saying, it’s probably time to consider your options and make it clear to her you think it may be time to call it a wrap. Has she had her hormones tested? If she actually wants to stay married that’s the first place she should look.  I will say that it’s never a good idea to assign special significance to sex on specific days, though. Did you explicitly tell he that’s important to you, that you feel most loved when she makes an effort on these days? If you have and she doesn’t care, you know where you stand. But if you haven’t you can’t expect to read your mind. Good luck.",我会呼应大家说的，可能是时候考虑你的选项，向她明确你认为可能是时候结束了。她查过激素吗？如果她真的想维持婚姻，那是她应该看的第一处。我会说，给特定日期的性赋予特殊意义从来不是好主意。你明确告诉她那对你重要、当她在这些日子努力时你最感到被爱吗？如果你说过而她不在乎，你知道你站在哪里。但如果没说过，你不能期望她读心。祝好运。,2026-06-29T23:46:52.000Z,https://www.reddit.com/r/DeadBedrooms/comments/1uj2muf/comment/oultzl2/,06_克服方式-心理调适-学习知识,,,,,sentiment
情感类社区,r/DeadBedrooms,oultv3c,1uj8vyz,Elegant-Tie-7956,Good luck! Get it girl!,祝好运！加油女孩！,2026-06-29T23:46:15.000Z,https://www.reddit.com/r/DeadBedrooms/comments/1uj8vyz/comment/oultv3c/,未提及,,,,,sentiment
情感类社区,r/DeadBedrooms,oultmlp,1uj8vyz,themfeelsyo,Hope you get it good OP,希望你得到好的 OP,2026-06-29T23:45:06.000Z,https://www.reddit.com/r/DeadBedrooms/comments/1uj8vyz/comment/oultmlp/,未提及,,,,,sentiment
情感类社区,r/DeadBedrooms,ouepx7t,1uhhft0,Embarrassed-Rub9531,"I am hoping since 3 years it will be better. I had no sex 3 years and didn't see any naked woman 2,5+ years.  I still have hope  And refuses to admit it. I can't believe this happened to my relationship.  We tried couples counseling and it didn't helped.",我从 3 年前就希望它会变好。我 3 年没有性，2 年半多没见过任何裸体女人。我仍然有希望，拒绝承认它。我不敢相信这发生在我关系上。我们试了夫妻咨询，没有帮助。,2026-06-28T23:59:00.000Z,https://www.reddit.com/r/DeadBedrooms/comments/1uhhft0/comment/ouepx7t/,05_使用阻碍-心理状态-预期失望,,,,,sentiment
情感类社区,r/DeadBedrooms,ouepw7x,1uibvbw,starrpamph,Right?,对吧？,2026-06-28T23:58:49.000Z,https://www.reddit.com/r/DeadBedrooms/comments/1uibvbw/comment/ouepw7x/,未提及,,,,,sentiment
情感类社区,r/DeadBedrooms,ouepq8o,1ui3uw0,Huge_Cuecumber2428,"this. I stopped begging a switch flipped and the I became LL4U. it too a big push from my partner rejection a few times a day followed by an incident. cant even remember what it was but thats it, business closed lol",这个。我停止乞求，开关翻转了，我变成 LL4U。需要来自伴侣拒绝一天几次的大推力加一个事件。甚至不记得是什么，但就这样，店关门了哈哈。,2026-06-28T23:57:52.000Z,https://www.reddit.com/r/DeadBedrooms/comments/1ui3uw0/comment/ouepq8o/,06_克服方式-心理调适-接纳自我,,,,,sentiment
情感类社区,r/DeadBedrooms,oueppch,1uibvbw,starrpamph,I was gonna say op bragging over here got dayum,我要说 OP 在这里炫耀，天哪。,2026-06-28T23:57:43.000Z,https://www.reddit.com/r/DeadBedrooms/comments/1uibvbw/comment/oueppch/,未提及,,,,,sentiment
情感类社区,r/DeadBedrooms,ouep576,1uhhkwg,Suspicious-Bee5325,Never said I’m denying my husband sex. Do you people not have reading comprehension skills? Jeeeez,从没说过我在拒绝丈夫性。你们这些人没有阅读理解能力吗？天哪。,2026-06-28T23:54:29.000Z,https://www.reddit.com/r/DeadBedrooms/comments/1uhhkwg/comment/ouep576/,未提及,,,,,sentiment
情感类社区,r/DeadBedrooms,oueoxbv,1uibpcc,yoyohohopirateslife,"Great way to put it. I’ve had performance issues in the past and it does feel horrible, the gap between mind and body in the want to perform. Bang on that he wanted to make her happy out of love, it wasnt a chore at all and he was frustrated that he couldn’t give her everything.",说得好。我过去有表现问题，确实感觉可怕，想要表现时心灵和身体的鸿沟。完全对，他想出于爱让她快乐，那根本不是家务，他沮丧的是他不能给她一切。,2026-06-28T23:53:12.000Z,https://www.reddit.com/r/DeadBedrooms/comments/1uibpcc/comment/oueoxbv/,05_使用阻碍-心理状态-焦虑,,,,,sentiment
情感类社区,r/DeadBedrooms,oueoqi6,1ui8moq,FingernailToothpicks,My wife pulled the same pressure BS on me. Now it's just scheduled chore she likely thinks will just satiate me so I don't complain.,我妻子也对我用了同样的压力把戏。现在只是定时家务，她可能觉得那会满足我所以我不抱怨。,2026-06-28T23:52:05.000Z,https://www.reddit.com/r/DeadBedrooms/comments/1ui8moq/comment/oueoqi6/,05_使用阻碍-伴侣关系-感情隐患,,,,,sentiment
情感类社区,r/DeadBedrooms,oueonw5,1ui3uw0,Trina7982,"You don’t have to, just stop begging him. Take care of yourself, masturbate, buy some toys. I don't even understand how you could even enjoy being with him if you know he doesn't want you.",你不需要，只是停止求他。照顾好自己，自慰，买些玩具。我甚至不理解你怎么能在知道他不要你的情况下还享受和他在一起。,2026-06-28T23:51:40.000Z,https://www.reddit.com/r/DeadBedrooms/comments/1ui3uw0/comment/oueonw5/,06_克服方式-心理调适-接纳自我,,,,,sentiment
情感类社区,r/DeadBedrooms,oueohwu,1uibvbw,forgetmeknotts,"This is a libido mismatch for sure but it’s not a dead bedroom… 13 times in 6 months, 26 times per year… once every other week.   Most HLs in this sub would be ecstatic for that much.",这肯定是性欲不匹配，但不是死床……6 个月 13 次，每年 26 次……每两周一次。这个 sub 里大多数 HL 会为那么多而欣喜若狂。,2026-06-28T23:50:42.000Z,https://www.reddit.com/r/DeadBedrooms/comments/1uibvbw/comment/oueohwu/,未提及,,,,,sentiment
情感类社区,r/DeadBedrooms,oueo9gw,1uicax2,One_Brain_2852,Sorry man. Run away. Don’t wife this girl if she gives you this now. This won’t improve.,抱歉兄弟。快跑。如果她现在给你这个，别娶这个女人。这不会改善。,2026-06-28T23:49:21.000Z,https://www.reddit.com/r/DeadBedrooms/comments/1uicax2/comment/oueo9gw/,05_使用阻碍-伴侣关系-感情隐患,,,,,sentiment
情感类社区,r/DeadBedrooms,ouenuhw,1ui3uw0,motherofhouseplants_,This is how I feel towards my husband now also. The idea of sleeping with him actually makes me feel sick,这也是我现在对丈夫的感觉。和他睡的想法实际上让我觉得恶心。,2026-06-28T23:46:57.000Z,https://www.reddit.com/r/DeadBedrooms/comments/1ui3uw0/comment/ouenuhw/,05_使用阻碍-心理状态-羞耻愧疚,,,,,sentiment
情感类社区,r/DeadBedrooms,ouen0iy,1ui3uw0,motherofhouseplants_,"It’s been three years now for me, and I started to feel the same - it sadly propelled me into an eating disorder. At the moment, I’m the slimmest and fittest that I have ever been, but this all has definitely damaged me psychologically. I’m trying to step back from the gym etc and focus on self-love but it's difficult. I was at brunch a few weeks ago with a group of girls and one of them spent the entire time talking about her sex life, I burst into tears and left.  Please don’t hesitate to DM if you need support from another woman. And above all, remember your worth",我三年了，我开始有同样的感觉——它可悲地把我推进了进食障碍。目前我是最瘦最健美的，但这确实从心理上伤害了我。我试着从健身房等退后，专注自爱，但很难。我几周前和一群女孩早午餐，其中一个整段时间谈她的性生活，我大哭离开。如果你是女人需要另一个女人的支持，别犹豫给我发私信。最重要的是，记住你的价值。,2026-06-28T23:42:08.000Z,https://www.reddit.com/r/DeadBedrooms/comments/1ui3uw0/comment/ouen0iy/,05_使用阻碍-心理状态-羞耻愧疚,,,,,sentiment
情感类社区,r/DeadBedrooms,ouem3cg,1uibvbw,Complete-Yam3703,I could only dream of having sex 13 times in 6 months 😭,我只能梦想 6 个月 13 次 😭,2026-06-28T23:36:46.000Z,https://www.reddit.com/r/DeadBedrooms/comments/1uibvbw/comment/ouem3cg/,未提及,,,,,sentiment
情感类社区,r/DeadBedrooms,ou80h6d,1uhggey,Dismal_Throat4317,"Remember, he’s an ex for a reason. My advice is to steer clear of him. Then ask your husband to be open and honest about your relationship. You’re only 36 and from experience the libido tends to go up around the early 40s. You both deserve to be happy.",记住，他是前任是有原因的。我的建议是避开他。然后要求你丈夫对你的关系开放诚实。你才 36 岁，从经验来说性欲在 40 出头往往上升。你们都值得快乐。,2026-06-27T23:59:46.000Z,https://www.reddit.com/r/DeadBedrooms/comments/1uhggey/comment/ou80h6d/,06_克服方式-心理调适-学习知识,,,,,sentiment
情感类社区,r/DeadBedrooms,ou7ysgs,1uhggey,boost_me_bro,why does \*any\* couple split up? could be a million reasons. not really important either.,为什么*任何*伴侣会分手？可能有百万种原因。也不太重要。,2026-06-27T23:49:58.000Z,https://www.reddit.com/r/DeadBedrooms/comments/1uhggey/comment/ou7ysgs/,未提及,,,,,sentiment
情感类社区,r/DeadBedrooms,ou7yj1u,1uh3p80,Ok_Solid9770,"I mean, do you think that thinking about sex is bad? Maybe you just need or are seeking other things now? There's no right or wrong. As long as you are honest with yourself",我是说，你觉得想着性是坏事吗？也许你现在只是需要或寻求其他东西？没有对错。只要你对自己诚实。,2026-06-27T23:48:28.000Z,https://www.reddit.com/r/DeadBedrooms/comments/1uh3p80/comment/ou7yj1u/,06_克服方式-心理调适-接纳自我,,,,,sentiment
情感类社区,r/DeadBedrooms,ou7xoi7,1ueivel,DeletedAccountNo2,"My husband doesn’t like it when I interrupt his sleep, and im an early riser, and often aroused upon waking. Even after good sex he’ll tell me not to do that again. Drives me crazy! So now I just take care of myself in the morning.",我丈夫不喜欢我打扰他睡觉，我是早起的人，醒来时常性奋。即使好的性之后他也会告诉我别那样做。让我疯狂！所以现在我早上自己解决。,2026-06-27T23:43:32.000Z,https://www.reddit.com/r/DeadBedrooms/comments/1ueivel/comment/ou7xoi7/,06_克服方式-心理调适-接纳自我,,,,,sentiment
情感类社区,r/DeadBedrooms,ou7xk9f,1uhh1ne,Godsownprototype1001,"I have no experience of swingers clubs. However, I also know I wouldn’t go to one because it doesn’t fit with my own values. If a therapist had suggested that to me and my husband, it would be the last time I sat on their sofa. I think the therapist is encouraging you to take a huge risk with your marriage. What a can of worms that could be. Note the therapist is taking zero risk in making such a suggestion. Very poor show from a supposed professional in my view.",我没有换妻俱乐部的经验。但我也知道我不会去，因为它不符合我自己的价值观。如果治疗师给我和丈夫建议那个，那将是我最后一次坐他们的沙发。我觉得治疗师在鼓励你对婚姻冒巨大风险。那可能打开多大的潘多拉盒子。注意治疗师在提出建议时零风险。在我看来，一个所谓的专业人士表现很差。,2026-06-27T23:42:50.000Z,https://www.reddit.com/r/DeadBedrooms/comments/1uhh1ne/comment/ou7xk9f/,未提及,,,,,sentiment
情感类社区,r/DeadBedrooms,ou18r6y,1uglw73,Krimmothy,Do you know if he just doesn’t enjoy sex? That’s my issue. And I’m not sure how to fix it.,你知道他是不是只是不喜欢性吗？那是我的问题。我不知道怎么修。,2026-06-26T23:59:08.000Z,https://www.reddit.com/r/DeadBedrooms/comments/1uglw73/comment/ou18r6y/,未提及,,,,,sentiment
情感类社区,r/DeadBedrooms,ou18ln6,1ugmy17,YouEnvironmental9737,"Thanks....full transparency, I used to be upset with cheaters, too....I never thought I would be one, I am as loyal as they come, or so I thought......I'm not happy about it, but hell, I have tried repeatedly to change it. I guess I am just not as strong as others.",谢谢……完全透明，我以前也对出轨者生气……我从没想过我会成为，我像他们一样忠诚，或者我以为……我对此不开心，但见鬼，我反复试过改变它。我想我只是没有别人那么坚强。,2026-06-26T23:58:17.000Z,https://www.reddit.com/r/DeadBedrooms/comments/1ugmy17/comment/ou18ln6/,05_使用阻碍-心理状态-负罪感,,,,,sentiment
情感类社区,r/DeadBedrooms,ou183de,1ugmy17,YouEnvironmental9737,"thank you....I had to offload that, but I with I felt worse......I'll appreciate your no judgement.",谢谢……我必须卸下那个，但我希望我感觉得更糟……我感谢你的不评判。,2026-06-26T23:55:28.000Z,https://www.reddit.com/r/DeadBedrooms/comments/1ugmy17/comment/ou183de/,未提及,,,,,sentiment
情感类社区,r/DeadBedrooms,ou17uwo,1ugmy17,Clouds33An,No judgement at all🙏🏼,完全不评判 🙏🏼,2026-06-26T23:54:10.000Z,https://www.reddit.com/r/DeadBedrooms/comments/1ugmy17/comment/ou17uwo/,未提及,,,,,sentiment
情感类社区,r/DeadBedrooms,ou17s1v,1ugmy17,Fantastic-Vacation78,"I know a lot of people are going to be upset with the cheating, but honestly? Good for you! You are entitled to a happy sex life, so go out there and find it!",我知道很多人会对出轨生气，但老实说？为你高兴！你有权拥有快乐的性生活，所以出去找吧！,2026-06-26T23:53:43.000Z,https://www.reddit.com/r/DeadBedrooms/comments/1ugmy17/comment/ou17s1v/,06_克服方式-心理调适-接纳自我,,,,,sentiment
情感类社区,r/DeadBedrooms,ou15t8k,1uglw73,freerangemilf,Definitely know what you mean with sex scenes in tv and movies!!,当然知道你说电视电影里的性场景！,2026-06-26T23:42:52.000Z,https://www.reddit.com/r/DeadBedrooms/comments/1uglw73/comment/ou15t8k/,未提及,,,,,sentiment
情感类社区,r/DeadBedrooms,ottyu5l,1ufm21r,NaturalAssociation78,"I understand your position OP. Beyond the connection aspect of sex, it is also a full spectrum sensory experience. My wife doesn't like that I've used porn sometimes either. I've expressed to her that she can't dictate that sex is no longer on the table in our marriage, expect me to accept it plainly, take care of herself however she sees fit without much of my own knowledge of ""how"" she does it (because I don't ask or try to find out, with respect for boundaries), AND simultaneously dictate how I go about taking care of myself because she somehow needs to know. Arousal and stimulation are triggered by very different things for men and women. To me, it's about creating the ""feeling"" of the anticipation I experience during sex. Feeling wanted, and like I'm providing pleasure for my partner. My imagination isn't arousing. My own touch isn't arousing. I'm not mimmicking the sexual moans of a woman to myself. I'm a very visual and sensory driven person. Creating the anticipation and arousal triggers isn't something my imagination can drum up out of thin air. To each their own. It shouldn't be that difficult to respect how people go about pleasuring their own bodies. Full stop. The respect goes both ways. It would be like a man matter of factly telling a woman she should masturbate with her eyes open because she ""should be able to."" Or, ""Why do you need your imagination? Your hand should be enough."" If someone's partner can decide for themselves how it goes, then so can they without their partner's permission or input. I don't see what there is for anyone to debate about how someone chooses to handle their pleasure. No one has permission to tell anyone what they ""should"" be able to do, or how they ""should"" go about creating their own pleasure experience. Especially not at the hands of someone who has concretely denied or rejected them. It's just basic respect. Plain and simple. 🤷🏾‍♂️",我理解你的立场 OP。除了性的连接方面，它也是全谱系感官体验。我妻子也不喜欢我有时用色情。我向她表达过，她不能既决定我们婚姻中不再有性、期望我平淡接受、自己用她觉得合适的方式解决而不让我知道'怎么'做（因为我出于尊重界限不问不查），同时又决定我该怎么解决，因为她不知怎么需要知道。男女的唤起和刺激被非常不同的东西触发。对我来说，它是关于创造我在性中体验的期待'感觉'。被想要，像我在为伴侣提供快乐。我的想象力不唤起。我自己的触摸不唤起。我不是对自己模仿女人的性呻吟。我是非常视觉和感官驱动的人。创造期待和唤起触发不是我的想象力凭空能变出来的。各人有各人的方式。尊重人们如何取悦自己身体不应该那么难。到此为止。尊重是双向的。就像一个男人平淡地告诉女人她应该睁眼自慰因为她'应该能'。或者，'你为什么需要想象力？你的手应该够了。'如果某人的伴侣能自己决定怎么做，那么他们也可以，不需要伴侣的许可或意见。我不明白有人如何处理自己的快乐有什么可辩论的。没人有许可告诉任何人他们'应该'能做什么，或他们'应该'如何创造自己的快乐体验。尤其不是被一个具体拒绝或排斥他们的人。这只是基本尊重。简单明了。🤷🏾‍♂️,2026-06-25T23:59:16.000Z,https://www.reddit.com/r/DeadBedrooms/comments/1ufm21r/comment/ottyu5l/,06_克服方式-心理调适-接纳自我,,,,,sentiment
情感类社区,r/DeadBedrooms,ottytom,1ufjt7y,KomatsuJimmy,"Basically most of our 30 year marriage. She does have desire for intimacy and sex one day a month, almost every month. And when that day comes along (ovulation time) it’s amazing and intimate and passionate! Then just like that it’s completely gone like ZERO libido!! Absolutely no libido no intimacy no nothing!! She knows that it isn’t right, and she acts like she wants it to be better the week of ovulation. But then it’s like she is dumb after the mood is gone and does not want to even talk about trying something or anything to try and help it!! I am 100% exhausted with dragging her along in the marriage, just trying to get her to show me any kind of intimacy in me other than the one day a month!! And when I say intimacy, that’s not even with expectations of sex! Just simple touch kiss hugs. She will do roses things, but only with me prompting her to! That does not feel intimate at all!!",基本上我们 30 年婚姻的大部分。她确实每月有一天有亲密和性的欲望，几乎每月。当那天来（排卵时）它惊人、亲密、热情！然后就像那样完全消失，像零性欲！！完全没有性欲没有亲密什么都没有！！她知道那不对，排卵那周她表现得想要它变好。但然后情绪过去后她就像傻了，甚至不想谈尝试任何东西或任何帮忙的事！！我 100% 疲惫于拖着她走婚姻，只是试图让她对我展示任何亲密，除了每月一天！！而当我说亲密，那甚至不是性期望！只是简单的触碰亲吻拥抱。她会做玫瑰般的事，但只是在我催促她时！那根本不感觉亲密！！,2026-06-25T23:59:11.000Z,https://www.reddit.com/r/DeadBedrooms/comments/1ufjt7y/comment/ottytom/,05_使用阻碍-伴侣关系-感情隐患,,,,,sentiment
情感类社区,r/DeadBedrooms,ottysou,1uf56ho,croppedhoodie,"Coming from a woman with plenty of years on you, 18 is definitely not the prime of your sex life. Don’t worry about that. What would be a waste of your prime sex life is if you stayed with your asexual boyfriend long term—you are not sexually compatible and never will be. Let him be free to find somebody who’s on his wavelength. It’s not selfish, it’s a favour to both of you and will save you a lot of resentment and heartbreak. You can love who he is and love your time together and still know that it’s time to move on. ❤️",来自一个比你多很多年经验的女人，18 岁绝对不是性生活的黄金期。别担心那个。浪费你黄金性生活的会是长期和你的无性男友在一起——你们性上不兼容，永远不会。让他自由去找和他波长一致的人。那不自私，是对你们俩的恩惠，会为你省下很多怨恨和心碎。你可以爱他是谁、爱你们一起的时间，仍然知道是时候继续前进。❤️,2026-06-25T23:59:02.000Z,https://www.reddit.com/r/DeadBedrooms/comments/1uf56ho/comment/ottysou/,06_克服方式-心理调适-接纳自我,,,,,sentiment
情感类社区,r/DeadBedrooms,ottxxv5,1ufpq6k,SnooPandas5758,"This is a great question and got me to laugh a little because I’ve asked similar questions to my patients to get them to see a different perspective. And then I’ve spent all of this time tipping this answer:  Sadly, there’s not 1 general advice. There are several. Because she loves him and decided to be with him then there’s a lot do: push for couple’s therapy, individual therapy, getting some distance (expend more time with relatives and friends), working out, going to church (she’s religious). So the goal is to find “life lines” to balance the “loss”. I read this phrase, liked it a lot and I’ve been meditating it: “Happiness is in managing expectations”  Again. Thank you so much for your comment and question.",这是个好问题，让我有点笑，因为我也问过我的病人类似问题让他们看到不同视角。然后我花了所有时间想这个答案：可悲的是，没有 1 条通用建议。有好几条。因为她爱他决定和他在一起，有很多可以做：推动夫妻治疗、个人治疗、获得一些距离（花更多时间和亲戚朋友在一起）、锻炼、去教堂（她信教）。所以目标是找到'救生索'来平衡'损失'。我读到这句话，很喜欢，一直在冥想它：'幸福在于管理期望。'再次，非常感谢你的评论和问题。,2026-06-25T23:54:23.000Z,https://www.reddit.com/r/DeadBedrooms/comments/1ufpq6k/comment/ottxxv5/,06_克服方式-心理调适-接纳自我,,,,,sentiment
情感类社区,r/DeadBedrooms,ottubdg,1ufpq6k,SnooPandas5758,"You hit the nail on the head.  I specialize in male sexuality so I know what goes through their minds and hearts. I listen to them everyday  I feel like an insider. And yet I cannot save us.  We are drowning, I have a boat and I cannot get us on.",你正中要害。我专攻男性性欲，所以我知道他们头脑和心里想什么。我每天听他们说。我觉得像个内幕人士。然而我救不了我们。我们在溺水，我有船，却无法让我们上去。,2026-06-25T23:34:51.000Z,https://www.reddit.com/r/DeadBedrooms/comments/1ufpq6k/comment/ottubdg/,05_使用阻碍-心理状态-羞耻愧疚,,,,,sentiment
情感类社区,r/DeadBedrooms,otmnth3,1uemyfh,Rosemary-Sea-Salt,That’s horrible. I’m so sorry,那太可怕了。我很抱歉。,2026-06-24T23:54:57.000Z,https://www.reddit.com/r/DeadBedrooms/comments/1uemyfh/comment/otmnth3/,未提及,,,,,sentiment
情感类社区,r/DeadBedrooms,otmn0cg,1uc85hm,Separate_Silver_4057,Been on TRT for 2 years. It takes 8-12 weeks to feel the difference. Stay with it and don’t be afraid of HCG.,用 TRT 2 年了。需要 8-12 周才能感到区别。坚持下去，别怕 HCG。,2026-06-24T23:50:37.000Z,https://www.reddit.com/r/DeadBedrooms/comments/1uc85hm/comment/otmn0cg/,06_克服方式-产品改进-加热降温,,,,,sentiment
情感类社区,r/DeadBedrooms,otmlv2n,1ucnpl0,alapapelera,Awesome. Thanks for re-starting the sub,太棒了。谢谢你重新启动这个 sub。,2026-06-24T23:44:29.000Z,https://www.reddit.com/r/DeadBedrooms/comments/1ucnpl0/comment/otmlv2n/,未提及,,,,,sentiment
情感类社区,r/DeadBedrooms,otmllbg,1ueq8fv,Left_Historian2803,No he’s not. He’s a pretty straight average dude. Watches porn with younger conventionally attractive women. Pretty vanilla even. I’ve asked if he’d ever have a threesome with another guy and he says he hates the thought of being around another man’s balls lmao,不，他不是。他是个相当普通的直男。看年轻传统漂亮女人的色情片。甚至相当香草。我问过他想不想和另一个男人三人行，他说他讨厌想到靠近另一个男人的蛋蛋哈哈。,2026-06-24T23:43:02.000Z,https://www.reddit.com/r/DeadBedrooms/comments/1ueq8fv/comment/otmllbg/,05_使用阻碍-伴侣关系-感情隐患,,,,,sentiment
情感类社区,r/DeadBedrooms,otmkwpl,1ueq8fv,Left_Historian2803,"Yes, but it’s treated almost like a fad. Super exciting for a bit and then absolutely no interest after.  After we talked about this the last time, like two months ago, he started researching toys and sending me links. I thought it was super hot and he kept saying he wanted to buy something but then nothing came of it.  I hardly bring stuff up because he’s told me it puts pressure on him so I let him lead as much as possible. Anything that excites him excites me, but it seems not much does lol",是的，但几乎被当作一时风尚。一开始超兴奋然后完全没有兴趣。上次我们谈这个，大约两个月前，他开始研究玩具给我发链接。我觉得超性感，他一直说想买点什么，但后来什么都没发生。我几乎不提，因为他告诉我那给他压力，所以我尽量让他主导。任何让他兴奋的都让我兴奋，但似乎没有多少 lol。,2026-06-24T23:39:25.000Z,https://www.reddit.com/r/DeadBedrooms/comments/1ueq8fv/comment/otmkwpl/,05_使用阻碍-伴侣关系-感情隐患,,,,,sentiment
情感类社区,r/DeadBedrooms,otmjoaz,1uemh9r,Significant-Rope4106,Thank you for your comment. This is exactly what my therapist said. Have you been in a similar situation yourself?,谢谢你的评论。这正是我的治疗师说的。你自己经历过类似情况吗？,2026-06-24T23:32:55.000Z,https://www.reddit.com/r/DeadBedrooms/comments/1uemh9r/comment/otmjoaz/,未提及,,,,,sentiment
情感类社区,r/DeadBedrooms,otmjlcn,1uerrsu,Trina7982,"Break up, she needs to work through her own stuff before she can be a partner in a healthy relationship.",分手，她需要先解决自己的问题才能成为健康关系中的伴侣。,2026-06-24T23:32:28.000Z,https://www.reddit.com/r/DeadBedrooms/comments/1uerrsu/comment/otmjlcn/,05_使用阻碍-伴侣关系-感情隐患,,,,,sentiment
情感类社区,r/DeadBedrooms,otmjebd,1ueicdx,Huge_Cuecumber2428,that's 10 red flags. Theres some major issue here. A lot of others take 10+ years for things to get to this level. to have this immediatly is screaming stop and back off.,那是 10 个红旗。这里有个大问题。很多人要 10 年以上才到这个程度。立即有这些是在尖叫：停下后退。,2026-06-24T23:31:26.000Z,https://www.reddit.com/r/DeadBedrooms/comments/1ueicdx/comment/otmjebd/,05_使用阻碍-伴侣关系-感情隐患,,,,,sentiment
情感类社区,r/DeadBedrooms,otmi1ej,1uc85hm,RubyHammy,Mine said that too. Libido went up for the girls online but not for me.,我的也这么说。对网上女孩性欲上升，但对我没有。,2026-06-24T23:24:21.000Z,https://www.reddit.com/r/DeadBedrooms/comments/1uc85hm/comment/otmi1ej/,05_使用阻碍-伴侣关系-感情隐患,,,,,sentiment
情感类社区,r/DeadBedrooms,otmhrrn,1uc85hm,RubyHammy,"Dont count on TRT to help libido. My bf had low t, levels were going up and he even started taking Cialis. Still no libido and he quit taking the medication even though it worked. Sometimes they dont fix it because they dont wwnt to have sex for one reason or another.",别指望 TRT 帮助性欲。我男友睾酮低，水平在上升，他甚至开始吃西地那非。仍然没有性欲，他停药了虽然它有效。有时他们不修，因为他们出于某种原因不想做爱。,2026-06-24T23:22:57.000Z,https://www.reddit.com/r/DeadBedrooms/comments/1uc85hm/comment/otmhrrn/,05_使用阻碍-伴侣关系-感情隐患,,,,,sentiment
情感类社区,r/DeadBedrooms,otmhixi,1ueq8fv,Kind_Whereas7437,Seriously asking: is he gay/bi and not LL? Introducing a boyfriend which could lead to a threesome where he might also partake? Just throwing ideas out here!,认真问：他是同性恋/双性恋而不是 LL？引入一个男朋友可能导致三人行，他可能也参与？只是抛出想法！,2026-06-24T23:21:41.000Z,https://www.reddit.com/r/DeadBedrooms/comments/1ueq8fv/comment/otmhixi/,未提及,,,,,sentiment
情感类社区,r/DeadBedrooms,otmg1v2,1ueq8fv,CafeconCrema7,"Well in that case, have you tried couple toys in the bedroom?",嗯，那样的话，你试过卧室里的情侣玩具吗？,2026-06-24T23:13:58.000Z,https://www.reddit.com/r/DeadBedrooms/comments/1ueq8fv/comment/otmg1v2/,06_克服方式-产品改进-润滑技巧,,,,,sentiment
情感类社区,r/DeadBedrooms,otfg0mq,1udvfwi,boonkinbeats,These are great points some of which we hadn't considered,这些都是好观点，其中一些我们没想到。,2026-06-23T23:47:03.000Z,https://www.reddit.com/r/DeadBedrooms/comments/1udvfwi/comment/otfg0mq/,未提及,,,,,sentiment
情感类社区,r/DeadBedrooms,otfe90j,1ucpprh,Somebodyelse76,"You ever watch the toupee queen on youtube? That transformation on so many men is outstanding. Their confidence boost is always visible. No shame in checking into,or giving it a shot!",你看过 youtube 上的假发皇后吗？那个转变在这么多男人身上太显著了。他们的自信提升总是可见的。去查查或试试没有羞耻！,2026-06-23T23:37:34.000Z,https://www.reddit.com/r/DeadBedrooms/comments/1ucpprh/comment/otfe90j/,06_克服方式-心理调适-接纳自我,,,,,sentiment
情感类社区,r/DeadBedrooms,otfe73i,1udky0j,ProudImage9684,Im pretty sure it wouldn’t.  I got the confidence to try recently after finding her vibrator in her bedside table and seen her nsfw Reddit.  I knew she had it and kn fine with it but had seen she’d been viewing some spicy things the previous day.  Took a leap of faith,我很确定不会。我最近在找到她的振动棒和看到她的 NSFW Reddit 后有了尝试的信心。我知道她有，我接受，但看到她前一天看了些辣东西。我跳了信任的跳。,2026-06-23T23:37:16.000Z,https://www.reddit.com/r/DeadBedrooms/comments/1udky0j/comment/otfe73i/,04_使用场景-情境场景-独处放松,,,,,sentiment
情感类社区,r/DeadBedrooms,otfdwuy,1udtpzs,rowanrulith,"I apologize if I’m incorrect. If you shared a poem or lyrics and cited the artist, that is perfectly fine.",如果我错了抱歉。如果你分享了诗或歌词并注明艺术家，那完全没问题。,2026-06-23T23:35:46.000Z,https://www.reddit.com/r/DeadBedrooms/comments/1udtpzs/comment/otfdwuy/,未提及,,,,,sentiment
情感类社区,r/DeadBedrooms,otfdwkp,1udky0j,ProudImage9684,I’ve felt the same way and I’m not under the illusion that she has miraculously done a 180.  Just happy that at 32 I actually had sex,我也有同样的感觉，我不幻想她神奇地 180 度转变。只是高兴 32 岁时我实际上做了爱。,2026-06-23T23:35:44.000Z,https://www.reddit.com/r/DeadBedrooms/comments/1udky0j/comment/otfdwkp/,未提及,,,,,sentiment
情感类社区,r/DeadBedrooms,otfdvsm,1ucpapr,DirtyBirdDawg,"A 37 year old dating a 21 year old is damn-near the reddest flag there is, and it sounds like she's using you as some kind of step-parent? It sounds like you both need to find someone your own ages. Especially her.",37 岁约会 21 岁几乎是最大的红旗，听起来她在把你当某种继父？听起来你们俩都需要找同龄的人。尤其是她。,2026-06-23T23:35:37.000Z,https://www.reddit.com/r/DeadBedrooms/comments/1ucpapr/comment/otfdvsm/,05_使用阻碍-伴侣关系-感情隐患,,,,,sentiment
情感类社区,r/DeadBedrooms,otfdulw,1ucpprh,Somebodyelse76,My 30's were the BEST years of my life. 20's aren't your prime. Don't mourn them. You're free now. 30's are absolutely amazing!,我的 30 多岁是我一生最好的岁月。20 多岁不是你的黄金期。别哀悼它们。你现在自由了。30 多岁绝对惊人！,2026-06-23T23:35:26.000Z,https://www.reddit.com/r/DeadBedrooms/comments/1ucpprh/comment/otfdulw/,06_克服方式-心理调适-接纳自我,,,,,sentiment
情感类社区,r/DeadBedrooms,otfdq6h,1udm0qf,SlimpyDundersPhD,"Yeah, it's really the only issue for us. Everything else comes naturally, sometimes with a little work, but we get there easily.   I agree the setting here is not ideal, but it's temporary. In a few months I'll have a certificate and can start to look for a better paying job, closer to home, all that stuff.   But we won't be able to move for a year at the earliest. It's not ideal, but I agree the setting is a big factor. Moving somewhere nicer and having a little better QoL might make all the difference",是的，这真是我们唯一的议题。其他一切都自然，有时需要一点努力，但我们轻松达到。我同意这里的环境不理想，但那是暂时的。几个月后我会有证书，可以开始找更好的工作，离家更近，那些。但我们最早一年内不能搬。不理想，但我同意环境是大因素。搬到更好点的地方、有更好的生活质量可能带来一切不同。,2026-06-23T23:34:47.000Z,https://www.reddit.com/r/DeadBedrooms/comments/1udm0qf/comment/otfdq6h/,06_克服方式-心理调适-接纳自我,,,,,sentiment
情感类社区,r/DeadBedrooms,otfdih6,1udtpzs,NocturneChat,"These are my thoughts. Would you like to come over and see some others I have wrote? On paper? Happy to show you years of journals that go back years, before AI. When I draw something or write something, it is a release of my thoughts and feelings and describes it better than merely talking about it. I have had people reach out to me thanking me for sharing because it helped them feel like they were not the only one going through it.   What if I found a poem written in the 1800s and shared it on here because it spoke to how I felt and helped me? I'm sorry for whatever you are going through, but I don't use AI. I think it's a disease and I'm very critical of it.",这些是我的想法。你想过来看看我写的一些其他想法吗？在纸上？乐意给你看回到多年前的日记，AI 之前。当我画或写东西，那是我的思想和感受的释放，比光谈论更好描述。有人联系我感谢分享，因为它帮他们觉得不是唯一经历这个的。如果我找到一首 1800 年代的诗在这里分享，因为它表达了我的感受帮了我呢？对不起无论你在经历什么，但我不用 AI。我认为它是种病，我对此非常批判。,2026-06-23T23:33:38.000Z,https://www.reddit.com/r/DeadBedrooms/comments/1udtpzs/comment/otfdih6/,未提及,,,,,sentiment
情感类社区,r/DeadBedrooms,otfcts3,1udvfwi,John_Coctoastan,"Ten years ago, my wife told me the same thing. I ended up doing nothing because it's all the intimacy involved with sex that want. If I become sexual with a regular partner, it's going to get messy and that would end my marriage. Turned out I really wasn't interested in that at the time.",十年前，我妻子告诉我同样的事。我最终什么都没做，因为我想要的是性中涉及的所有亲密。如果我与常规伴侣发生性关系，会变得混乱，那会结束我的婚姻。结果那时我真的对它不感兴趣。,2026-06-23T23:29:55.000Z,https://www.reddit.com/r/DeadBedrooms/comments/1udvfwi/comment/otfcts3/,05_使用阻碍-伴侣关系-感情隐患,,,,,sentiment
情感类社区,r/DeadBedrooms,otfcsyw,1u4jafx,Arkon88,I get how its easier and quicker but yes. I think if she is then she’s not going to be available to me. It’s a no win situation.,我理解它更容易更快，但是的。我想如果她是，那她就不会对我可用。这是双输局面。,2026-06-23T23:29:48.000Z,https://www.reddit.com/r/DeadBedrooms/comments/1u4jafx/comment/otfcsyw/,未提及,,,,,sentiment
情感类社区,r/DeadBedrooms,otfcf7t,1udtpzs,rowanrulith,"As a creative writer, AI created text is distasteful. This is a support group, for people struggling with all spectrums of DB and libido. It’s important to me, as to many others, that someone is honest and truthful with what they post here and unless you need help with translation or condensing original thoughts, AI gen text isn’t honest.",作为创意作家，AI 生成的文本令人反感。这是一个支持组，为在各种 DB 和性欲谱系挣扎的人。对我和其他很多人来说，有人在这里诚实真实地发布很重要，除非你需要翻译或浓缩原始想法的帮助，AI 生成的文本不是诚实的。,2026-06-23T23:27:47.000Z,https://www.reddit.com/r/DeadBedrooms/comments/1udtpzs/comment/otfcf7t/,未提及,,,,,sentiment
情感类社区,r/DeadBedrooms,otfc1w3,1udrlgd,HeySpudEyeSeeYou,"I'm not able to open it in my region, what's the title?",我在这地区打不开，标题是什么？,2026-06-23T23:25:49.000Z,https://www.reddit.com/r/DeadBedrooms/comments/1udrlgd/comment/otfc1w3/,未提及,,,,,sentiment
情感类社区,r/DeadBedrooms,ot89lmy,1ucveq8,Flat-Criticism-7628,That’s the spirit.,那就是精神。,2026-06-22T23:58:44.000Z,https://www.reddit.com/r/DeadBedrooms/comments/1ucveq8/comment/ot89lmy/,未提及,,,,,sentiment
情感类社区,r/DeadBedrooms,ot898js,1ud1393,Mariner-and-Marinate,"The amount of sex you are having now with your STBW is the most sex you will ever have with her.  If that is OK with you, go ahead with the marriage and all the best to you both.",你现在和你的准前妻做的性量是你和她将做的最多的。如果那对你 OK，那就结婚，祝你们俩一切顺利。,2026-06-22T23:56:45.000Z,https://www.reddit.com/r/DeadBedrooms/comments/1ud1393/comment/ot898js/,未提及,,,,,sentiment
情感类社区,r/DeadBedrooms,ot88vey,1uct4f8,Diligent-Pop-2177,This sounds like a pretty stark incompatibility,这听起来像相当明显的不可兼容。,2026-06-22T23:54:45.000Z,https://www.reddit.com/r/DeadBedrooms/comments/1uct4f8/comment/ot88vey/,05_使用阻碍-伴侣关系-感情隐患,,,,,sentiment
情感类社区,r/DeadBedrooms,ot88v94,1ud1393,Blue_9320_,"We can’t answer the only question you need to ask yourself. Do you love her enough to be with her forever, but never have sex?",我们无法回答你唯一需要问自己的问题。你足够爱她永远和她在一起，但永远不做爱吗？,2026-06-22T23:54:43.000Z,https://www.reddit.com/r/DeadBedrooms/comments/1ud1393/comment/ot88v94/,未提及,,,,,sentiment
情感类社区,r/DeadBedrooms,ot88p67,1uct4f8,Upstairs-Action1974,Great comment. My wife must be in a very same place to you. A bit older but docs said straight no to HRT.  But they with prescribe at will for a man that wants to transition ( I have issue with that btw).  But they need to realise that it’s doing emotional damage I feel.   Thank you!!,好评论。我妻子一定和你处于非常相似的位置。稍老一点但医生说坚决不给 HRT。但他们却随意给想转变的男人开药（我对此有意见）。但他们需要意识到这正在造成情感伤害，我觉得。谢谢！！,2026-06-22T23:53:48.000Z,https://www.reddit.com/r/DeadBedrooms/comments/1uct4f8/comment/ot88p67/,05_使用阻碍-产品本身-价格贵,,,,,sentiment
情感类社区,r/DeadBedrooms,ot88b9a,1ud0bdl,creamycoffee182,🙌🏻❤️,🙌🏻❤️,2026-06-22T23:51:40.000Z,https://www.reddit.com/r/DeadBedrooms/comments/1ud0bdl/comment/ot88b9a/,未提及,,,,,sentiment
情感类社区,r/DeadBedrooms,ot883b8,1ud0bdl,grandcuvee,"And you! Two kids myself, 5 and 3, it’s tough! Keep going my man!",你也是！我自己两个孩子，5 岁和 3 岁，很难！继续坚持，兄弟！,2026-06-22T23:50:26.000Z,https://www.reddit.com/r/DeadBedrooms/comments/1ud0bdl/comment/ot883b8/,未提及,,,,,sentiment
情感类社区,r/DeadBedrooms,ot87zds,1ud1393,Carfr33k,Lay it out there for her. Menopause will arrive soon and that won't be doing any favors for you.,对她摊开来说。更年期很快会来，那不会对你有利。,2026-06-22T23:49:50.000Z,https://www.reddit.com/r/DeadBedrooms/comments/1ud1393/comment/ot87zds/,06_克服方式-心理调适-学习知识,,,,,sentiment
情感类社区,r/DeadBedrooms,ot87tzh,1uct4f8,borgiesdog,"I think one of the things that makes me saddest to read about here is the complete lack of understanding a lot of people have about perimenopause and menopause. They seem to think that women can just run to the doctors and they will hand out hormones and then everything would be perfect. And it is not like that at all. There are a million boner pills and boner injections and boner surgery but there is woefully few options for women and none of them are guaranteed if you can even get a doctor to take you seriously. I had to explain to a man here the other day what vaginal atrophy was. Our entire clitoris can literally shrink up and disappear. It is hard to get anyone to prescribe HRT if you are not fully menopausal. I have been complaining to doctors for years that I am basically numb below the waist and they don’t care. It’s like “yep you are 43, thats what happens”. Like who would want to have sex if it was no feeling at all or painful? I just wish more people understood what losing your libido is like for some of us. And how it can be so drastic. To go from being very sexual to never thinking about sex ever. If you were never hungry you would stop thinking about food. I am in perimenopause groups and I hear women desperate to find something to help because they feel their lack of libido is ruining their marriage",我觉得这里最让我悲伤的之一是对围绝经期和更年期大量人完全缺乏理解。他们似乎认为女人可以跑去找医生，医生会发放激素然后一切完美。根本不是那样。有百万种伟哥药片、注射和手术，但对女性的选项少得可怜，而且即使能找到医生认真对待，也没有一个是保证的。我前几天不得不向这里一个男人解释什么是阴道萎缩。我们的整个阴蒂可以字面缩小消失。如果你没完全绝经，很难让任何人开 HRT。我多年来向医生抱怨我腰以下基本麻木，他们不在乎。就像'是的你 43 岁，就是这样'。谁会想要完全没感觉或疼痛的性？我只是希望更多人理解失去性欲对我们一些人是什么样。以及它有多剧烈。从非常性欲到永远不想性。如果你从不饿，你会停止想食物。我在围绝经期群里，听到女人们绝望地找帮助，因为她们觉得缺乏性欲在毁掉她们的婚姻。,2026-06-22T23:49:00.000Z,https://www.reddit.com/r/DeadBedrooms/comments/1uct4f8/comment/ot87tzh/,05_使用阻碍-产品本身-价格贵,,,,,sentiment
情感类社区,r/DeadBedrooms,ot1aen1,1uc30yy,RowNo4037,What’s AP?,AP 是什么？,2026-06-21T23:59:44.000Z,https://www.reddit.com/r/DeadBedrooms/comments/1uc30yy/comment/ot1aen1/,未提及,,,,,sentiment
情感类社区,r/DeadBedrooms,ot1aam8,1uc30yy,llllllom,We agreed that the daughter will stay with mom. We live in different countries now and I visit her couple of times a year and we have weekly online calls.,我们同意女儿和妈妈住。我们现在住在不同的国家，我一年看她几次，每周有在线通话。,2026-06-21T23:59:06.000Z,https://www.reddit.com/r/DeadBedrooms/comments/1uc30yy/comment/ot1aam8/,未提及,,,,,sentiment
情感类社区,r/DeadBedrooms,ot1a79g,1uc4ugg,Patrick_Duffee,Good on you mate I’m going to do the same but it’s gotten to the point where I want to upgrade to a hotter little package don’t even want to have sex with my wife who just lies there not caring if I’m pleasured or turned on   I see her in a new light and not attracted nor do I think she’s the best I could do but have two sons,干得好兄弟，我要做同样的事，但已经到了我想升级到更辣的小包的程度，甚至不想和我妻子做爱，她就躺在那不在乎我是否被取悦或性奋。我以新的眼光看她，不被吸引，也不觉得她是我能得到的最好的，但我有两个儿子。,2026-06-21T23:58:34.000Z,https://www.reddit.com/r/DeadBedrooms/comments/1uc4ugg/comment/ot1a79g/,05_使用阻碍-伴侣关系-感情隐患,,,,,sentiment
情感类社区,r/DeadBedrooms,ot19rs3,1ubssgv,llllllom,"OMG!  He is living a man’s dream but is not aware of it !  Does he cheat on you or anything else missing ? Is he depressed? Maybe he is not interested in females at all?   I don’t know, it seems so wild and crazy!   I will be honest : i cheated on my wife because I wanted more and she was not giving it to me. Although I cheated I would still say “yes” to every time if she hinted, offered or showed some signals.",天哪！他活在男人的梦想里却不知道！他背叛你或有其他缺失吗？他抑郁吗？也许他对女性完全不感兴趣？我不知道，看起来太疯狂了！我会诚实说：我背叛过妻子因为我想要更多而她没给我。虽然我出轨了，但如果她暗示、提供或展示信号，我仍然会对每次说'是'。,2026-06-21T23:56:03.000Z,https://www.reddit.com/r/DeadBedrooms/comments/1ubssgv/comment/ot19rs3/,05_使用阻碍-伴侣关系-感情隐患,,,,,sentiment
情感类社区,r/DeadBedrooms,ot19rji,1uc30yy,RowNo4037,Because I haven’t personally met anyone irl and looking at my “relationship” it feels like it is impossible to see people who actually crave it,因为我个人没在现实遇到任何人，看我的'关系'，感觉不可能看到真正渴望它的人。,2026-06-21T23:56:00.000Z,https://www.reddit.com/r/DeadBedrooms/comments/1uc30yy/comment/ot19rji/,未提及,,,,,sentiment
情感类社区,r/DeadBedrooms,ot19qp9,1uc4ugg,Patrick_Duffee,Wife didn’t do shit for me today and I’m not allowed to notice other wives appreciating their men damned if I do damned it if I don’t,妻子今天为我什么都没做，我不被允许注意其他妻子欣赏她们的丈夫，做也难不做也难。,2026-06-21T23:55:52.000Z,https://www.reddit.com/r/DeadBedrooms/comments/1uc4ugg/comment/ot19qp9/,05_使用阻碍-伴侣关系-感情隐患,,,,,sentiment
情感类社区,r/DeadBedrooms,ot19gmg,1uc4ugg,Thisisjimmi,"As soon as i dropped the serious divorce notice and seperation, the sex numbers increased. It wasn't a hollow threat, but the sex withholding seemed to be a tactic?",一旦我发出严肃的离婚通知和分居，性次数增加了。那不是空洞的威胁，但扣留性似乎是个策略？,2026-06-21T23:54:14.000Z,https://www.reddit.com/r/DeadBedrooms/comments/1uc4ugg/comment/ot19gmg/,未提及,,,,,sentiment
情感类社区,r/DeadBedrooms,ot19bqo,1uc30yy,Patrick_Duffee,This man has a AP,这个男人有 AP。,2026-06-21T23:53:25.000Z,https://www.reddit.com/r/DeadBedrooms/comments/1uc30yy/comment/ot19bqo/,未提及,,,,,sentiment
情感类社区,r/DeadBedrooms,ot199u8,1uc30yy,Correct-Abalone-3514,Absolutely! But they were talking about libido in general. Not specifically to their partner. I get the flair stuff though.,当然！但他们谈的是一般性欲。不是特别对他们的伴侣。我明白标签的东西。,2026-06-21T23:53:07.000Z,https://www.reddit.com/r/DeadBedrooms/comments/1uc30yy/comment/ot199u8/,未提及,,,,,sentiment
情感类社区,r/DeadBedrooms,ot199se,1uc4ugg,MushroomIcy205,Yes I’m sure the LL partners love it when they are being pressured and treated like they’re on a power trip. Some of the posts today have been eye opening to the male loneliness epidemic.,是的，我确定 LL 伴侣喜欢被施压和被当作权力游戏对待。今天的一些帖子让我大开眼界看到了男性孤独流行病。,2026-06-21T23:53:06.000Z,https://www.reddit.com/r/DeadBedrooms/comments/1uc4ugg/comment/ot199se/,05_使用阻碍-伴侣关系-感情隐患,,,,,sentiment
情感类社区,r/DeadBedrooms,ot1974q,1uc30yy,Patrick_Duffee,Attractive females want it more,有吸引力的女性更想要它。,2026-06-21T23:52:39.000Z,https://www.reddit.com/r/DeadBedrooms/comments/1uc30yy/comment/ot1974q/,未提及,,,,,sentiment
情感类社区,r/DeadBedrooms,ot194nf,1uc30yy,kittycat7890,Why cant you belive these women are real? Lol. There are definitely women out there that want it more than their man. I was one of them but I left him,你为什么不能相信这些女人是真的？哈哈。肯定有比男人更想要它的女人。我曾经是其中之一但我离开了他。,2026-06-21T23:52:14.000Z,https://www.reddit.com/r/DeadBedrooms/comments/1uc30yy/comment/ot194nf/,未提及,,,,,sentiment
情感类社区,r/DeadBedrooms,ot191vo,1uc30yy,rowanrulith,"You completely left your child, no custody arrangement at all?",你完全离开了你的孩子，没有任何监护安排？,2026-06-21T23:51:47.000Z,https://www.reddit.com/r/DeadBedrooms/comments/1uc30yy/comment/ot191vo/,未提及,,,,,sentiment
情感类社区,r/DeadBedrooms,ot18t44,1ubssgv,Competitive_Sky_5177,It gets better. I was laying in bed just a minute ago and he comes in and lays between my legs so I start dirty talking to him and he gets up and tells me to stop. Literally almost cried right there.,会变好的。我刚刚躺在床上，他进来躺在我的腿间，我开始对他说脏话，他起身告诉我停止。差点当场哭了。,2026-06-21T23:50:21.000Z,https://www.reddit.com/r/DeadBedrooms/comments/1ubssgv/comment/ot18t44/,05_使用阻碍-心理状态-羞耻愧疚,,,,,sentiment
情感类社区,r/DeadBedrooms,ot18kx6,1uc30yy,rowanrulith,"That is how this group defines libido, the user flair is higher/lower than partner. Not how you consider your libido in general.",这就是这个组定义性欲的方式，用户标签是高/低于伴侣。不是你如何考虑你一般的性欲。,2026-06-21T23:49:01.000Z,https://www.reddit.com/r/DeadBedrooms/comments/1uc30yy/comment/ot18kx6/,未提及,,,,,sentiment
情感类社区,r/DeadBedrooms,ot18kf6,1uc30yy,RowNo4037,Think you tagged the wrong person,想你标签错了人。,2026-06-21T23:48:56.000Z,https://www.reddit.com/r/DeadBedrooms/comments/1uc30yy/comment/ot18kf6/,未提及,,,,,sentiment
情感类社区,r/DeadBedrooms,ot18h22,1uc4ugg,Patrick_Duffee,Exactly mate but they love the power of holding out on us,正是兄弟，但他们爱对我们扣留的权力。,2026-06-21T23:48:23.000Z,https://www.reddit.com/r/DeadBedrooms/comments/1uc4ugg/comment/ot18h22/,05_使用阻碍-伴侣关系-感情隐患,,,,,sentiment
情感类社区,r/DeadBedrooms,ot189a7,1uc30yy,rowanrulith,This isn’t the appropriate group to be looking for an AP.,这不是找 AP 的合适群。,2026-06-21T23:47:06.000Z,https://www.reddit.com/r/DeadBedrooms/comments/1uc30yy/comment/ot189a7/,未提及,,,,,sentiment
情感类社区,r/DeadBedrooms,ot187jx,1uc30yy,RowNo4037,I think the purity culture thing is affecting me (HLM) too because I am struggling to leave my partner either,我想纯洁文化也在影响我（HLM），因为我也在挣扎离开我的伴侣。,2026-06-21T23:46:49.000Z,https://www.reddit.com/r/DeadBedrooms/comments/1uc30yy/comment/ot187jx/,05_使用阻碍-心理状态-羞耻愧疚,,,,,sentiment
情感类社区,r/DeadBedrooms,ot1837r,1uc4ugg,PositionStandard6089,"welp, tbh, being sexy is probably the last thing on their minds, right?",嗯，说实话，性感大概是他们最不想的事，对吧？,2026-06-21T23:46:08.000Z,https://www.reddit.com/r/DeadBedrooms/comments/1uc4ugg/comment/ot1837r/,未提及,,,,,sentiment
情感类社区,r/DeadBedrooms,ot181q9,1uc30yy,rowanrulith,"Yes there are quite a few women with HL, LL, and other libido types in this group.",是的，这个组里有相当多各种性欲类型——HL、LL 和其他——的女人。,2026-06-21T23:45:54.000Z,https://www.reddit.com/r/DeadBedrooms/comments/1uc30yy/comment/ot181q9/,未提及,,,,,sentiment
情感类社区,r/DeadBedrooms,osusac8,1ubagve,WorkAroundG60,"due to what was found, he received a 3 month police caution and 2 years on he register, and has to report to the police if he's to be around a child for more than 24 hours. That's it. Social services closed the case as we were completely zero contact.",由于发现的内容，他收到 3 个月的警方警告和 2 年登记，如果他要在一个孩子周围超过 24 小时必须向警方报告。就这样。社会服务关闭了案子，因为我们完全零接触。,2026-06-20T23:57:50.000Z,https://www.reddit.com/r/DeadBedrooms/comments/1ubagve/comment/osusac8/,05_使用阻碍-伴侣关系-感情隐患,,,,,sentiment
情感类社区,r/DeadBedrooms,osus1tx,1ubagve,WorkAroundG60,"thank you, yes, i'm already recording everything, screenshots of messages etc, just in case.",谢谢，是的，我已经在记录一切，消息截图等，以防万一。,2026-06-20T23:56:24.000Z,https://www.reddit.com/r/DeadBedrooms/comments/1ubagve/comment/osus1tx/,未提及,,,,,sentiment
情感类社区,r/DeadBedrooms,osurym9,1ubagve,WorkAroundG60,"She's openly admitted that she would feel the same as me if this was anyone else, and that she'd not take anyone elses kids near him.  Her argument is, she's always going to be there and even if it's just talking through a car window it should be fine. Which again, i can understand, but to me, that opens up more communications, it says it's ok etc.   The issue is, police only found 6 images amongst a much larger legal download, in the recycle bin of a backup. But I know he was formatting hardrives once a month and reinstalling, that he was prepping his defence ""I was just curious to see how easy it was to find!"" when he was arrested and that he was ""looking for preteen hardcore,,,"" my daughter was 12 at the time. She focuses on the facts of what the police found, and I see the bigger picture",她公开承认如果这是别人，她会有和我一样的感觉，她不会把任何人的孩子带到他附近。她的论点是，她总会在他身边，即使只是通过车窗说话也应该没问题。这我又能理解，但在我看来，那打开了更多沟通，说这没问题等等。问题是，警方在备份回收站中一个更大的合法下载里只找到 6 张图片。但我知道他每月格式化硬盘重装，他在准备他的辩护'我只是好奇看看多容易找到！'当他被捕时，他在'找前青少年硬核'……我女儿当时 12 岁。她关注警方找到的事实，我看到了更大的图景。,2026-06-20T23:55:52.000Z,https://www.reddit.com/r/DeadBedrooms/comments/1ubagve/comment/osurym9/,05_使用阻碍-伴侣关系-感情隐患,,,,,sentiment
情感类社区,r/DeadBedrooms,osurqjn,1uauuuz,fionanight,Urgh I understand I’m so sorry,呃我理解，我很抱歉。,2026-06-20T23:54:31.000Z,https://www.reddit.com/r/DeadBedrooms/comments/1uauuuz/comment/osurqjn/,未提及,,,,,sentiment
情感类社区,r/DeadBedrooms,osoapzf,1uaawz9,bucknaked64,Then it's probably not worth worrying about,那可能不值得担心。,2026-06-19T23:59:01.000Z,https://www.reddit.com/r/DeadBedrooms/comments/1uaawz9/comment/osoapzf/,未提及,,,,,sentiment
情感类社区,r/DeadBedrooms,osoafof,1uaccm6,YellowCommercial1291,We started having issues probably 2 years before birth. Started dating 2020 married in 2022,我们在出生前大约 2 年开始有问题。2020 年开始约会，2022 年结婚。,2026-06-19T23:57:19.000Z,https://www.reddit.com/r/DeadBedrooms/comments/1uaccm6/comment/osoafof/,未提及,,,,,sentiment
情感类社区,r/DeadBedrooms,oso8wtm,1uaawz9,Medium-Reference-147,I don't think he is concerned.,我不觉得他担心。,2026-06-19T23:48:24.000Z,https://www.reddit.com/r/DeadBedrooms/comments/1uaawz9/comment/oso8wtm/,未提及,,,,,sentiment
情感类社区,r/DeadBedrooms,oso7u9g,1ua3bqd,Flat-Criticism-7628,Man I’m so sorry to hear that happened to ya. If you ever need to chat/vent feel free to DM.,兄弟，听到发生在你身上很难过。如果你需要聊天/发泄，随时私信。,2026-06-19T23:42:15.000Z,https://www.reddit.com/r/DeadBedrooms/comments/1ua3bqd/comment/oso7u9g/,未提及,,,,,sentiment
情感类社区,r/DeadBedrooms,oso7k8o,1uadtf2,CarolyneSF,Mine always started to flirt a little then said oh I ( list 75 stupid excuses ) can I give you a rain check.   I told her the last time I needed to rent a wearhouse for my rain checks   That started an angry all you ever want is sex rant from her.   I haven’t asked for the last 15 years I just find other places for my intimacy.,我的总是开始调情一点然后说哦我（列出 75 个愚蠢借口）我能给你个雨票吗。我告诉她上次我需要租个仓库来放我的雨票。那引发了她愤怒的'你只想要性'的长篇大论。我已经 15 年没问了，只是找其他地方满足我的亲密。,2026-06-19T23:40:38.000Z,https://www.reddit.com/r/DeadBedrooms/comments/1uadtf2/comment/oso7k8o/,05_使用阻碍-伴侣关系-感情隐患,,,,,sentiment
情感类社区,r/DeadBedrooms,oso70tf,1u9usy5,Alarmed-Towel,"I don't think anyone is blaming their kids on this sub... Or at least OP defintiely isn't. If you have a good partnership other than the bedroom, it's super difficult to consider blowing all that up for your kids, to try and be happier yourself. It feels very selfish. I'm not saying it is selfish - for the people who've left - it just feels that way.",我不觉得有人在这个 sub 责怪他们的孩子……或者至少 OP 肯定没有。如果你在卧室外有好的伴侣关系，考虑为你的孩子炸掉这一切、让自己更快乐，是极其困难的。感觉很自私。我不是说它自私——对离开的人——只是感觉那样。,2026-06-19T23:37:32.000Z,https://www.reddit.com/r/DeadBedrooms/comments/1u9usy5/comment/oso70tf/,未提及,,,,,sentiment
情感类社区,r/DeadBedrooms,oso6yik,1uadtf2,mapman88,"Well I would just look forward to it and then if it doesn't happen let it be very known how upset and disappointed you are and then go please yourself. Sorry, I know that's not a great answer but either way at least you get some pleasure. If this keeps happening and you aren't able to get to the bottom of why then you guys need to reconsider your relationship.",嗯，我会期待它，如果没发生，让它非常明显地表现出你有多不安和失望，然后去取悦自己。抱歉，我知道那不是好答案，但无论如何至少你得到一些快乐。如果这不断发生而你无法找出原因，那你们需要重新考虑你们的关系。,2026-06-19T23:37:10.000Z,https://www.reddit.com/r/DeadBedrooms/comments/1uadtf2/comment/oso6yik/,06_克服方式-心理调适-接纳自我,,,,,sentiment
情感类社区,r/DeadBedrooms,oso6uw6,1u9sc1m,borrowedhoddie,I hope that ends well for you both!! ♥️,我希望那对你们俩都好！！♥️,2026-06-19T23:36:35.000Z,https://www.reddit.com/r/DeadBedrooms/comments/1u9sc1m/comment/oso6uw6/,未提及,,,,,sentiment
情感类社区,r/DeadBedrooms,oso6lkk,1uagb66,Krimmothy,"To be clear - I’m not talking about desire. My wife and I desire each other, we just don’t fantasize about each other.",澄清一下——我不是在说欲望。我妻子和我渴望彼此，我们只是不幻想彼此。,2026-06-19T23:35:05.000Z,https://www.reddit.com/r/DeadBedrooms/comments/1uagb66/comment/oso6lkk/,未提及,,,,,sentiment
情感类社区,r/DeadBedrooms,oso61sq,1u9sc1m,appelsinbrus,"I know girl... its very hard. You are not alone, and there is nothing wrong with us. I try to tell myself its okay to men to have different libidos, though its hard when I listen to my friends talking about how their boyfriends want sex all the time.. but we will be okay❤️‍🩹 my man is getting his testo tested next week, so im excited for the results lol.",我懂，女孩……很难。你不孤单，我们没有问题。我试着告诉自己男人有不同性欲是可以的，虽然听朋友说她们的男朋友总是想要性很难……但我们会好的 ❤️‍🩹 我的男人下周去查睾酮，所以我为结果很兴奋哈哈。,2026-06-19T23:31:59.000Z,https://www.reddit.com/r/DeadBedrooms/comments/1u9sc1m/comment/oso61sq/,06_克服方式-心理调适-接纳自我,,,,,sentiment
情感类社区,r/DeadBedrooms,oso5tqj,1uaf8dz,glitter-Spray-77,"Trust me, im 42.... you have all the time in the world to get out there.. I got married young too at 23 and I regret it every day for staying when I realized our sexual priorities were not the same",相信我，我 42 岁……你有整个世界的时间出去。我也 23 岁早婚，当我意识到我们的性优先级不一致时留下，我每天都后悔。,2026-06-19T23:30:43.000Z,https://www.reddit.com/r/DeadBedrooms/comments/1uaf8dz/comment/oso5tqj/,06_克服方式-心理调适-接纳自我,,,,,sentiment
情感类社区,r/DeadBedrooms,oso5jl8,1u9usy5,Alarmed-Towel,"Oh right, Damn, I feel you then! It is really hard.",哦对，该死，那我理解你了！真的很难。,2026-06-19T23:29:04.000Z,https://www.reddit.com/r/DeadBedrooms/comments/1u9usy5/comment/oso5jl8/,未提及,,,,,sentiment
情感类社区,r/DeadBedrooms,oso5ijk,1uagb66,TourTiny8845,I've asked my LLF girlfriend the same question and got the same response. She doesnt think about me and sex when we're not actively participating in it. I think thats usually one of the first signs that your partner does in fact have a low libido. Its been months since I asked my girlfriend that question and I can absolutely say she was not lying,我问过我 LLF 女友同样的问题，得到同样的回答。我们不在积极进行时她不想我和性。我想那通常是你伴侣确实低性欲的第一个迹象之一。我问女友那个问题已经几个月了，我可以绝对说她没有撒谎。,2026-06-19T23:28:53.000Z,https://www.reddit.com/r/DeadBedrooms/comments/1uagb66/comment/oso5ijk/,未提及,,,,,sentiment
情感类社区,r/DeadBedrooms,oso5d51,1u5sg05,bi-and-bookish,That’s so huge. Congratulations.,那太重要了。恭喜。,2026-06-19T23:28:02.000Z,https://www.reddit.com/r/DeadBedrooms/comments/1u5sg05/comment/oso5d51/,未提及,,,,,sentiment
情感类社区,r/DeadBedrooms,oso4nbw,1uagb66,Medium-Reference-147,"I used to fantasize about my husband on occasion, but I stopped several years ago. I still desire him though.",我以前偶尔幻想我丈夫，但几年前停了。我仍然渴望他。,2026-06-19T23:23:57.000Z,https://www.reddit.com/r/DeadBedrooms/comments/1uagb66/comment/oso4nbw/,未提及,,,,,sentiment
情感类社区,r/DeadBedrooms,oso4jgw,1uaf8dz,roses-are-lead,Anyone is too young to be in a relationship that makes them unhappy.,任何人都太年轻了，不该处于让他们不快乐的关系。,2026-06-19T23:23:20.000Z,https://www.reddit.com/r/DeadBedrooms/comments/1uaf8dz/comment/oso4jgw/,未提及,,,,,sentiment
情感类社区,r/DeadBedrooms,oshdjxu,1u9g5fo,jgarmd33,Test,测试。,2026-06-18T23:57:20.000Z,https://www.reddit.com/r/DeadBedrooms/comments/1u9g5fo/comment/oshdjxu/,未提及,,,,,sentiment
情感类社区,r/DeadBedrooms,oshddvf,1u9m9dq,thriznston,2 kids. 3 years and 6 years old.,2 个孩子。3 岁和 6 岁。,2026-06-18T23:56:23.000Z,https://www.reddit.com/r/DeadBedrooms/comments/1u9m9dq/comment/oshddvf/,未提及,,,,,sentiment
情感类社区,r/DeadBedrooms,oshd043,1u970jn,Rare-Web4321,What?? Showing affection pushes them away? That’s so sad!,什么？？展示感情把他们推得更远？太悲伤了！,2026-06-18T23:54:17.000Z,https://www.reddit.com/r/DeadBedrooms/comments/1u970jn/comment/oshd043/,未提及,,,,,sentiment
情感类社区,r/DeadBedrooms,oshcfoh,1u9m9dq,MushroomIcy205,How old are the kids and how many?,孩子多大，几个？,2026-06-18T23:51:08.000Z,https://www.reddit.com/r/DeadBedrooms/comments/1u9m9dq/comment/oshcfoh/,未提及,,,,,sentiment
情感类社区,r/DeadBedrooms,oshc27f,1u8ee45,Ancient_Beat_7000,I’ve tried asking about that - she immediately ends the conversation and dismisses it. Butttttt at the same time during a semi drunken conversation mentioned she suspects she has a strange relationship with sex because she hasn’t had many LTRs. I myself have dabbled in LS and am somewhat open to aspects of it. As for the wife - I have no idea what she actually wants,我试过问那个——她立刻结束对话并 dismiss 它。但与此同时在半个醉酒的对话中提到她怀疑自己与性有奇怪的关系，因为她没有很多长期关系。我自己涉猎过 LS，对它的某些方面有点开放。至于妻子——我不知道她真正想要什么。,2026-06-18T23:49:01.000Z,https://www.reddit.com/r/DeadBedrooms/comments/1u8ee45/comment/oshc27f/,05_使用阻碍-伴侣关系-感情隐患,,,,,sentiment
情感类社区,r/DeadBedrooms,oshbud6,1u970jn,Shpion007,That doesn’t always work. It can actually push the partner away. I have tried that and it doesn’t work like you propose.,那不一定有效。它实际上会把伴侣推开。我试过，不像你说的那样有效。,2026-06-18T23:47:47.000Z,https://www.reddit.com/r/DeadBedrooms/comments/1u970jn/comment/oshbud6/,未提及,,,,,sentiment
情感类社区,r/DeadBedrooms,oshb588,1u970jn,Cryptizard,"We choose whether it bothers us or not. If you are staying and not leaving the relationship, then being bothered by it is strictly worse for you. It serves no purpose. That is the point of radical acceptance: you admit that it is entirely out of your control and has nothing to do with you, so why should you feel bad about it? It just is.",我们选择是否让它烦扰我们。如果你留下不离开关系，那被它烦扰严格来说对你更糟。它没有目的。这就是彻底接受的重点：你承认它完全超出你的控制，与你无关，所以你为什么要为它难过？它就是那样。,2026-06-18T23:43:56.000Z,https://www.reddit.com/r/DeadBedrooms/comments/1u970jn/comment/oshb588/,06_克服方式-心理调适-降低预期,,,,,sentiment
情感类社区,r/DeadBedrooms,oshaqrz,1u970jn,Hockeydude2021,"Dang bro, you are a stronger man than I. Wish I could just not let it bother me and go about my day like it’s no big deal.",该死兄弟，你是比我强的男人。真希望我能不让它烦扰我，像没事一样过我的日子。,2026-06-18T23:41:42.000Z,https://www.reddit.com/r/DeadBedrooms/comments/1u970jn/comment/oshaqrz/,未提及,,,,,sentiment
情感类社区,r/DeadBedrooms,oshajlw,1u928ir,EducationalRanger143,"I’ve given up on communication at this point. It’s the biggest problem in our relationship tbh. Her bpd makes her split really bad anytime we talk about anything so nothing ever really changes. I know it’s not her fault, but it’s made communicating our feelings on lots of things, and especially our sex life, a one way street.",我在这点上已经放弃沟通了。说实话这是关系里最大的问题。她的 BPD 让我们一谈任何事她就严重分裂，所以什么都没真正改变。我知道不是她的错，但它让沟通我们在很多事上的感受，尤其是性生活，变成了单向街。,2026-06-18T23:40:37.000Z,https://www.reddit.com/r/DeadBedrooms/comments/1u928ir/comment/oshajlw/,05_使用阻碍-伴侣关系-感情隐患,,,,,sentiment
情感类社区,r/DeadBedrooms,osab1nt,1u87voi,shaunakiss91,"I'm so sorry to read this. That's got to be so tough for both of you. There are loads of phytoestrogen (mimics estrogen) foods like soy products, pomegranate and flaxseed which can help to balance things. Paired with holistic therapies like acupuncture and meditation and yoga to manage the stress surges that come with this time in a woman's life, they should hopefully help some. I don't know if she can take vitamin supplements at all but if she can, look at magnesium and sage leaf for some of the other symptoms. Failing all that, I've got an aunt who adores open water swimming as a means of managing her autonomic system 😀",读到这个很难过。对你们俩一定都很难。有很多植物雌激素（模拟雌激素）的食物，像豆制品、石榴和亚麻籽，可以帮助平衡。配合整体疗法如针灸、冥想和瑜伽管理女人生命中这个时期的压力激增，它们希望能帮上一些。不知道她能不能吃补充剂，但如果能，看看镁和鼠尾草叶应对其他症状。如果都不行，我有一个阿姨热爱公开水域游泳作为管理自主神经的方法 😀,2026-06-17T23:54:43.000Z,https://www.reddit.com/r/DeadBedrooms/comments/1u87voi/comment/osab1nt/,06_克服方式-产品改进-加热降温,,,,,sentiment
情感类社区,r/DeadBedrooms,osaaia6,1u87voi,Rosemary-Sea-Salt,I’ve told him what the issue is and he won’t fix it. That’s a separate conversation,我告诉过他问题是什么，他不修。那是另一个对话。,2026-06-17T23:51:44.000Z,https://www.reddit.com/r/DeadBedrooms/comments/1u87voi/comment/osaaia6/,05_使用阻碍-伴侣关系-感情隐患,,,,,sentiment
情感类社区,r/DeadBedrooms,osaa535,1u8nkop,MushroomIcy205,"Every time I see a post like this I tell the story of a couple I knew. The guy cheated, he lost his wife, his kids, we all sided with his wife, and I do believe his family wasn’t real happy either. If you have children and you cheat be prepared that they don’t want a relationship with you afterwards. Divorce makes you look a lot better than a divorce after getting caught cheating.",每次我看到这样的帖子，我都讲一对我知道的夫妇的故事。那个男人出轨，他失去了妻子、孩子，我们都站在他妻子一边，我相信他的家人也不真高兴。如果你有孩子而出轨，准备好他们之后不想和你有关系。离婚让你看起来比被抓住出轨后的离婚好得多。,2026-06-17T23:49:41.000Z,https://www.reddit.com/r/DeadBedrooms/comments/1u8nkop/comment/osaa535/,05_使用阻碍-伴侣关系-感情隐患,,,,,sentiment
情感类社区,r/DeadBedrooms,osaa4oh,1u8945k,ManyAmbitious1440,"You’re not alone and will quickly realize you’re getting looks. It’s just a matter of time til someone engages…then, you have to have already made a decision about which way to go at the fork. Once in that moment it’s too late.",你不孤单，很快会意识到你在被看。只是时间问题直到有人参与……然后，你必须在岔路口已经做出决定。一旦到那个时刻就太晚了。,2026-06-17T23:49:37.000Z,https://www.reddit.com/r/DeadBedrooms/comments/1u8945k/comment/osaa4oh/,未提及,,,,,sentiment
情感类社区,r/DeadBedrooms,osa9zus,1u8liv7,Leading-Disaster5721,"You remind me of friends who would come help me when I had a farm.   The fact of any farm with livestock is the barn needs cleaning. You spend a lot of time shoveling shit. The problem is that shoveling shit and working the compost pile isn't exciting or fun. Nor is fixing fence, building sheds, or cleaning water tubs.  Riding a zero turn mower and mowing the lawn on the other hand is a lot of fun.   What I found is that my friends didn't give me the help I needed, they gave the help they wanted. Basically, I never got to mow the lawn.  Reading your post, you have decided what you are going to do to ""fix"" things. You decided to ""step up"".   Nowhere in this do I hear you asking her what she wants you to do. What I hear is ""I'm doing this, and that, she should want to fuck me""   Just like my friends weren't much help (there were exceptions), she might feel you aren't doing what she needs or wants.   There is a discredited concept of being the ""alpha wolf"" in the pack. Turns out pack dynamics (or herd and flock dynamics) aren't that set in stone and are much more complex. It was BS. And, unfortunately a lot of guys are making money selling the ""alpha male"" concept to dupes. There's a reason animal behaviorist don't use that model anymore. It doesn't work for animals and it doesn't work on people either.  You want things to get better? Listen to what your wife wants to happen.",你让我想起我有农场时会来帮我的朋友。任何有牲畜的农场的事实是谷仓需要清理。你花很多时间铲粪。问题是铲粪和堆肥不刺激也不有趣。修栅栏、建棚或清洗水槽也不是。另一方面，骑零转割草机割草坪非常有趣。我发现我的朋友没有给我需要的帮助，他们给了他们想给的帮助。基本上，我从来没机会割草坪。读你的帖子，你已经决定你要'修'什么。你决定'站出来'。这里我听不到你问她想要你做什么。我听到的是'我做这个做那个，她应该想操我'。就像我的朋友没什么帮助（有例外），她可能觉得你没有做她需要或想要的。有一个已被否定的概念是在群体中当'阿尔法狼'。结果群体动态不是那么一成不变，要复杂得多。那是 BS。不幸的是很多男人靠卖'阿尔法男'概念给傻子赚钱。动物行为学家不再用那个模型是有原因的。它对动物没用，对人也没用。你想要事情变好？听你妻子想要发生什么。,2026-06-17T23:48:53.000Z,https://www.reddit.com/r/DeadBedrooms/comments/1u8liv7/comment/osa9zus/,06_克服方式-心理调适-学习知识,,,,,sentiment
情感类社区,r/DeadBedrooms,os36azk,1u7bf94,MushroomIcy205,"That’s your household and what you choose to put up with. I’m not saying it’s right or fair, I know that I feel burned out and overwhelmed maybe you do too. Every year when I’m asked what do I want, I simply say peace. So that’s what I get, maybe you should ask for that this year and see what happens.",那是你的家和你选择容忍的。我不是说它对或公平，我知道我感到倦怠和不堪重负，也许你也一样。每年被问到想要什么，我只说和平。所以我得到那个，也许你今年也该要求那个看看会发生什么。,2026-06-16T23:59:02.000Z,https://www.reddit.com/r/DeadBedrooms/comments/1u7bf94/comment/os36azk/,06_克服方式-心理调适-接纳自我,,,,,sentiment
情感类社区,r/DeadBedrooms,os35z9o,1u7bf94,MushroomIcy205,Omg :( thats tough! I’m ngl I fear that too now that they’re getting to be adults.,天哪 :( 那很难！说实话我现在也怕这个，因为他们快成年了。,2026-06-16T23:57:14.000Z,https://www.reddit.com/r/DeadBedrooms/comments/1u7bf94/comment/os35z9o/,未提及,,,,,sentiment
情感类社区,r/DeadBedrooms,os35pxg,1u6pj44,Decent-Village-9912,I am in the same exact position but as a woman. I feel this except I am not in the same financial position as you. I have filed all of the paperwork but haven't had the courage to call the person to serve the papers. I'm scared but I know I'll feel better after we separate.,我处于完全一样的位置但作为女人。我感觉到这个，除了我的财务状况不如你。我已提交所有文件，但没有勇气打电话让人送达文件。我害怕但我知道分居后我会好受些。,2026-06-16T23:55:48.000Z,https://www.reddit.com/r/DeadBedrooms/comments/1u6pj44/comment/os35pxg/,06_克服方式-心理调适-接纳自我,,,,,sentiment
情感类社区,r/DeadBedrooms,os35p1i,1u5x3tx,CommentOk9026,I don't think so.,我不这么认为。,2026-06-16T23:55:40.000Z,https://www.reddit.com/r/DeadBedrooms/comments/1u5x3tx/comment/os35p1i/,未提及,,,,,sentiment
情感类社区,r/DeadBedrooms,os35j8t,1u5x3tx,CommentOk9026,"Thank you for your honest reply, I appreciate it. I am sorry for your situation, I wish you some peace with it.",谢谢你的诚实回答，我很感激。为你的情况感到抱歉，希望你平静。,2026-06-16T23:54:47.000Z,https://www.reddit.com/r/DeadBedrooms/comments/1u5x3tx/comment/os35j8t/,未提及,,,,,sentiment
情感类社区,r/DeadBedrooms,os345o6,1u5xiv3,implication-sofa,I’m forming an opinion based on what you wrote lol and the fact that you seemingly have no clue what’s going on here. This won’t get better for you until you mature,我根据你写的形成观点哈哈，以及你似乎完全不知道这里在发生什么。在你成熟之前这不会变好。,2026-06-16T23:47:14.000Z,https://www.reddit.com/r/DeadBedrooms/comments/1u5xiv3/comment/os345o6/,未提及,,,,,sentiment
情感类社区,r/DeadBedrooms,os33tn6,1u7phel,One_Power_8223,Marriage = the death of sex,婚姻=性之死。,2026-06-16T23:45:25.000Z,https://www.reddit.com/r/DeadBedrooms/comments/1u7phel/comment/os33tn6/,未提及,,,,,sentiment
情感类社区,r/DeadBedrooms,os33rrd,1u7kvp5,Rosemary-Sea-Salt,"He won’t take care of his health or appearance. It’s ruined my attraction to him, caused resentment to build, and made me feel unsafe and repulsed by his physical touch",他不愿照顾他的健康或外表。它毁了我对他的吸引，让怨恨累积，让我对他的身体接触感到不安全、反感。,2026-06-16T23:45:08.000Z,https://www.reddit.com/r/DeadBedrooms/comments/1u7kvp5/comment/os33rrd/,05_使用阻碍-伴侣关系-感情隐患,,,,,sentiment
情感类社区,r/DeadBedrooms,os33lty,1u7kvp5,Rosemary-Sea-Salt,Me too.,我也是。,2026-06-16T23:44:15.000Z,https://www.reddit.com/r/DeadBedrooms/comments/1u7kvp5/comment/os33lty/,未提及,,,,,sentiment
情感类社区,r/DeadBedrooms,os32gy5,1u7bf94,Bed_Deadroom_,"Almost certainly my wife will not fake interest for father's day, but I'm also on team refusal even if she did.",几乎肯定我妻子不会为父亲节假装兴趣，但即使她假装，我也在拒绝队。,2026-06-16T23:38:05.000Z,https://www.reddit.com/r/DeadBedrooms/comments/1u7bf94/comment/os32gy5/,未提及,,,,,sentiment
情感类社区,r/DeadBedrooms,orw1skj,1u5xiv3,McNinjaguy,"Yeah, unenthusiastic sex is never worth it. Im sorry your experiencing this.",是的，不热情的性永远不值得。很抱歉你在经历这个。,2026-06-15T23:57:48.000Z,https://www.reddit.com/r/DeadBedrooms/comments/1u5xiv3/comment/orw1skj/,05_使用阻碍-心理状态-预期失望,,,,,sentiment
情感类社区,r/DeadBedrooms,orw1lmb,1u5xiv3,mapman88,I do want to try it again when she's ready and more willing.,我确实想在她准备好更愿意时再试一次。,2026-06-15T23:56:43.000Z,https://www.reddit.com/r/DeadBedrooms/comments/1u5xiv3/comment/orw1lmb/,06_克服方式-心理调适-接纳自我,,,,,sentiment
情感类社区,r/DeadBedrooms,orw16zh,1u6lkwz,Sweet-Bratty,True but I think there’s room for leeway here. He shows me love and care. Something changed in him around 4 years ago. Idk what it is. What ever it was led us here. It’s a mental health thing and is what’s causing him to respond this way over the thought of getting checked for his lack of sexual desire. He’s stubborn and refuses individual therapy. He didn’t do well with therapy and counseling in the military either. Something in him shuts down. I know his reason for LL isn’t because of me and yes he does owe me some level of consideration here. But i owe him the same.   If I push for sex hard enough he will try for me but i don’t want it if i have to do that you know? I learned through this DB that I have to protect my mental health. Having to beg to be fucked is more damaging to me. It’s damages how I view myself. Iv went through that phase and ended up putting my self in therapy because I adopted unhealthy coping mechanisms while trying to force the issue.  I do believe he will get to the point that he wants to go to the doctor to address it. I see him slowly making his way there the more patient that I am with not pushing him and honestly even if he never does and this is all I get from him. It’s okay. I may not be able to live the rest of my life like this but I do believe that we can get through the next several years of parenting and come up with a solution on our marriage once the kids are out of the house and stable. He’s a great man and an amazing father.,真的，但我认为这里有回旋余地。他向我展示爱和关心。大约 4 年前他有什么变了。我不知道是什么。不管是什么把我们带到这。这是心理健康的事，是他对检查性欲缺乏这么回应的原因。他很固执，拒绝个人治疗。他在军队时治疗和咨询也表现不好。他有什么关闭了。我知道他 LL 的原因不是我，是的他确实欠我一些考虑。但我也欠他同样的。如果我足够用力推，他会为我尝试，但我不想要那样你知道？我通过这个 DB 学到我必须保护我的心理健康。必须乞求被操更伤害我。它损害我如何看待自己。我经历过那个阶段，最终把自己放进治疗，因为我在试图强迫这个问题时采取了不健康的应对机制。我确实相信他会到达想去医生那解决它的点。我看到他在我越耐心不推他时慢慢走向那里，老实说即使他永远不去，这就是我能从他那里得到的一切。也没关系。我可能不能余生都这样过，但我确实相信我们能度过接下来几年养育孩子，等孩子离开家稳定后为我们的婚姻想出解决方案。他是个伟大的人，一个惊人的父亲。,2026-06-15T23:54:25.000Z,https://www.reddit.com/r/DeadBedrooms/comments/1u6lkwz/comment/orw16zh/,06_克服方式-心理调适-接纳自我,,,,,sentiment
情感类社区,r/DeadBedrooms,orw0zwk,1u5xiv3,McNinjaguy,"Try again, I'm sure you can squat to lower your hips. Use a pillow under her back to raise her hips up if she's on her back. You can do this, you're getting in better shape.",再试一次，我相信你能下蹲降低臀部。如果她平躺，在她背下放个枕头抬高臀部。你能做到，你身体在变好。,2026-06-15T23:53:19.000Z,https://www.reddit.com/r/DeadBedrooms/comments/1u5xiv3/comment/orw0zwk/,06_克服方式-产品改进-加热降温,,,,,sentiment
情感类社区,r/DeadBedrooms,orw0qrq,1u6goeo,PukPukTheCorgo,But I’ve been with her for 5 years :/,但我已经和她在一起 5 年了 :/,2026-06-15T23:51:52.000Z,https://www.reddit.com/r/DeadBedrooms/comments/1u6goeo/comment/orw0qrq/,未提及,,,,,sentiment
情感类社区,r/DeadBedrooms,orw027b,1u6x95y,Here2bebetter,"Was in the EXACT same boat, same time frame and all.  The sex was never amazing to begin with, but after the 3-4 year mark, it was duty sex to say the least. It severely damaged my self esteeem over time and we ended up breaking up after 8 years.  There's a lot of factors at play for her, hormones, medication, aging and even just general disinterest in having sex.  You're going to need to have a lenghty and profound conversation as to where this is heading and how it's affecting you.",在完全相同的船上，相同的时间框架等等。性从来一开始就不惊人，但 3-4 年后，至少可以说是义务性爱。它随时间严重损害了我的自尊，我们最终在 8 年后分手。对她有很多因素，激素、药物、衰老，甚至只是对性的一般不感兴趣。你需要进行一次漫长而深刻的对话，关于这往哪发展以及它如何影响你。,2026-06-15T23:48:03.000Z,https://www.reddit.com/r/DeadBedrooms/comments/1u6x95y/comment/orw027b/,05_使用阻碍-心理状态-羞耻愧疚,,,,,sentiment
情感类社区,r/DeadBedrooms,orvzl6v,1u6pj44,Mariner-and-Marinate,"Your spouse is now willing to make improvements that she was unwilling to do before, because now she realizes that you’re serious about leaving.  Stay strong and move on. You will not be doing her any favours by staying. By staying true to your plans, she will learn the importance of listening to a partner.  Let her know that by her respecting your decision, you have a greater chance of being congenial as divorced ex-partners.  Good luck and keep us posted!",你的配偶现在愿意做她以前不愿意的改进，因为现在她意识到你是认真的要离开。保持坚强继续前进。你留下不会对她有任何好处。坚持你的计划，她会学到倾听伴侣的重要性。让她知道，通过她尊重你的决定，你们有更大的机会作为离婚的前伴侣和睦相处。祝好运，随时告诉我们！,2026-06-15T23:45:25.000Z,https://www.reddit.com/r/DeadBedrooms/comments/1u6pj44/comment/orvzl6v/,06_克服方式-心理调适-接纳自我,,,,,sentiment
情感类社区,r/DeadBedrooms,orvzjz9,1u6x95y,Krimmothy,Have you tried asking her directly why she doesn’t enjoy sex?,你试过直接问她为什么不喜欢性吗？,2026-06-15T23:45:14.000Z,https://www.reddit.com/r/DeadBedrooms/comments/1u6x95y/comment/orvzjz9/,未提及,,,,,sentiment
情感类社区,r/DeadBedrooms,orvza9h,1u6x53j,CelebrationBusy2668,"I could have written this myself. Im in this situation but with my husband. He just recently told me he has no desire at all for sex. Knowing that makes me so scared, how could I be with someone who will never need/want sex again? Im in a dead bedroom marriage, i have to beg for it and get it about once a month.",这简直是我自己写的。我处于这个情况但和我丈夫。他最近告诉我他对性完全没有欲望。知道那个让我很害怕，我怎么能和一个永远不会再需要/想要性的人在一起？我处于死床婚姻，我必须乞求，大约每月一次。,2026-06-15T23:43:43.000Z,https://www.reddit.com/r/DeadBedrooms/comments/1u6x53j/comment/orvza9h/,05_使用阻碍-心理状态-预期失望,,,,,sentiment
情感类社区,r/DeadBedrooms,oroyzwz,1u5yvha,birdycurry__x,"I'm sorry, I hope you two figure it out too 🫂",抱歉，希望你们俩也能解决 🫂,2026-06-14T23:56:54.000Z,https://www.reddit.com/r/DeadBedrooms/comments/1u5yvha/comment/oroyzwz/,未提及,,,,,sentiment
情感类社区,r/DeadBedrooms,oroynpv,1u5yvha,SmashFascistHoles,"12 years, issues with sex probably 6 months on or so. Prior to that everything was great, I have a high drive and she never turned me down prior or acted like it was an issue. She slowly started with date nights turning into ""not feeling well"" instead of sex like it was previously. I brought her here on a K1 visa so I guess I have felt like I had an obligation to her so I've tried to be understanding and work with her for all these years. It never got better, really she just got better at gaslighting me into thinking I eas an issue and I was all the reasons why we don't have sex.  Last straw, im trying to figure that out myself. A close family friend of ours was recently diagnosed with cancer and I decided then and then that life is way to short and if that was myself I would not feel fulfilled in life at all. It sounds so dumb but I have so many things in sex I still want to try. Another thing was and this is not a great comparison at all but when her friend was told this news, she dropped everything at our home with our kid and she went to the hospital to stay for over 24 hours and is also possibly going to donate bone marrow to her. All of that is great and I have no issues with that and shes a great friend, but it made me reaize that I have expressed to her multiple times how I feel like im dying snd going insane without intimacy and she has never once acted with urgency. If I get mad and blow up after weeks without sex its not like she has sex with me, it takes another few days.",12 年了，性问题大概 6 个月左右开始。之前一切都很好，我欲望高，她从不拒绝或表现得像是个问题。她慢慢开始从约会之夜变成'不舒服'而不是像以前那样做爱。我通过 K1 签证把她带来这里，所以我猜我一直觉得对她有义务，所以这些年我试着理解和配合。从没变好，真的她只是更擅长煤气灯我，让我以为我是问题、我是我们没有性的所有原因。最后一根稻草，我自己也在想。我们一个亲近的家庭朋友最近确诊癌症，我当时决定生命太短暂，如果是我我完全不会在生活里感到满足。听起来很傻，但我在性里还有很多想试的。另一件事是——这不是个好比较——当她朋友听到这个消息时，她放下家里的一切和我们孩子，去医院待了 24 小时以上，还可能要捐骨髓给她。那都很好，我对此没有意见，她是个好朋友，但它让我意识到，我多次向她表达没有亲密我像在死亡和发疯，她从未有一次表现得紧迫。如果我几周没有性后发火爆发，她不会和我做爱，还要再过几天。,2026-06-14T23:54:53.000Z,https://www.reddit.com/r/DeadBedrooms/comments/1u5yvha/comment/oroynpv/,05_使用阻碍-伴侣关系-感情隐患,,,,,sentiment
情感类社区,r/DeadBedrooms,oroxjh9,1u5tk3p,NewLoquat663,Unfortunately I think u summed it up in your line “before marriage we did marriage counselling.” If it doesn’t drastically turn around I’d look at leaving before it gets a lot harder with kids & or a mortgage. Good luck I know it’s horrendous I’m on the receiving end myself.,不幸的是，我觉得你用自己的话总结了：'婚前我们做了婚姻咨询。'如果它没有大幅好转，我会在因为孩子或房贷变得更难之前考虑离开。祝好运，我知道这很可怕，我自己也在这端。,2026-06-14T23:48:16.000Z,https://www.reddit.com/r/DeadBedrooms/comments/1u5tk3p/comment/oroxjh9/,06_克服方式-心理调适-接纳自我,,,,,sentiment
情感类社区,r/DeadBedrooms,oroxffs,1u5tzap,OddBlast,Sorry.,抱歉。,2026-06-14T23:47:35.000Z,https://www.reddit.com/r/DeadBedrooms/comments/1u5tzap/comment/oroxffs/,未提及,,,,,sentiment
情感类社区,r/DeadBedrooms,oroxbi7,1u5yvha,birdycurry__x,"Thank you. I'll keep this in mind. What were the details with you, and what was the last straw?",谢谢。我会记住。你的细节是什么，最后一根稻草是什么？,2026-06-14T23:46:56.000Z,https://www.reddit.com/r/DeadBedrooms/comments/1u5yvha/comment/oroxbi7/,未提及,,,,,sentiment
情感类社区,r/DeadBedrooms,orox875,1u5yw34,StrategyAncient6770,Don’t make a decision based on a potential future relationship. Make a decision for you. It’s better to be happy and alone than miserable and partnered.,别基于潜在未来关系做决定。为你自己做决定。快乐单身好过痛苦有伴。,2026-06-14T23:46:24.000Z,https://www.reddit.com/r/DeadBedrooms/comments/1u5yw34/comment/orox875/,06_克服方式-心理调适-接纳自我,,,,,sentiment
情感类社区,r/DeadBedrooms,orowyic,1u5yw34,puzzledpreztel,"Sadly, couples therapy isn’t in our budget rn.  It’s more that I initiate, expecting him to turn it down (just what I’m used to now), and use the fact that I wouldn’t be disappointed from the sex as a way of coping with the rejection. Early on after finding out about the addition, he tried to initiate once twice, but I turned him down because it was still fresh and I hadn’t gotten over it just yet.  Any advice on how I could bring this up to him again?",可悲的是，夫妻治疗目前不在我们预算内。更多是我主动，期望他拒绝（我现在已经习惯了），用我不会因性而失望的事实作为应对拒绝的方式。发现成瘾后不久，他试过主动一两次，但我拒绝了他，因为还很新鲜，我还没克服。有什么建议我该怎么再向他提出这个？,2026-06-14T23:44:49.000Z,https://www.reddit.com/r/DeadBedrooms/comments/1u5yw34/comment/orowyic/,05_使用阻碍-心理状态-预期失望,,,,,sentiment
情感类社区,r/DeadBedrooms,orowq0h,1u4sa96,Emotional-Tax-,That's certainly how it feels.,那确实是感觉。,2026-06-14T23:43:26.000Z,https://www.reddit.com/r/DeadBedrooms/comments/1u4sa96/comment/orowq0h/,未提及,,,,,sentiment
情感类社区,r/DeadBedrooms,orowll8,1u4jafx,NewLoquat663,Man this is brutal. I’m so sorry,兄弟这太残酷了。我很抱歉。,2026-06-14T23:42:42.000Z,https://www.reddit.com/r/DeadBedrooms/comments/1u4jafx/comment/orowll8/,未提及,,,,,sentiment
情感类社区,r/DeadBedrooms,orowldp,1u5yvha,SmashFascistHoles,"As someone who had these similar issues early on, get out. Im 12 years in and while it's not all been bad im about to end things and it would have been so much easier to do 12 years ago.",作为早期有类似问题的人，快出去。我 12 年了，虽然不是全坏，但我正要结束，12 年前做会容易得多。,2026-06-14T23:42:40.000Z,https://www.reddit.com/r/DeadBedrooms/comments/1u5yvha/comment/orowldp/,06_克服方式-心理调适-接纳自我,,,,,sentiment
情感类社区,r/DeadBedrooms,orowei6,1u5xiv3,Amrun90,Women aren’t a monolith. So “I thought women liked this” falls a bit flat. I personally am a woman who would like that. Your wife apparently is not. That’s OK.  I can hear your frustration and I’m sorry for your experience.,女人不是铁板一块。所以'我以为女人喜欢这个'有点站不住。我个人是想要那个的女人。你妻子显然不是。那没关系。我能听到你的挫败，为你的经历感到抱歉。,2026-06-14T23:41:32.000Z,https://www.reddit.com/r/DeadBedrooms/comments/1u5xiv3/comment/orowei6/,未提及,,,,,sentiment
情感类社区,r/DeadBedrooms,orow7f4,1u541sx,NewLoquat663,Absolutely true words,绝对真实的话。,2026-06-14T23:40:22.000Z,https://www.reddit.com/r/DeadBedrooms/comments/1u541sx/comment/orow7f4/,未提及,,,,,sentiment
情感类社区,r/DeadBedrooms,orovxm1,1u59k43,SmashFascistHoles,"Its all messy, congrats to you taking those steps! Loved the Pringle reference lol",一切都一团糟，祝贺你迈出那些步！喜欢品客薯片参考哈哈。,2026-06-14T23:38:46.000Z,https://www.reddit.com/r/DeadBedrooms/comments/1u59k43/comment/orovxm1/,未提及,,,,,sentiment
情感类社区,r/DeadBedrooms,orovtvg,1u5tk3p,SHWIMPS9000,"I don’t mind it unless I’m cramping. I’m of the towel down variety as well, but understand some guys get grossed out by it.   It just feels like my husband writes it off entirely— again, fine— but it’s like an excuse and he’s relieved that the “pressure is off.”   Which, to reiterate, I really have started to stop asking, so it’s not like there’s actually any pressure anyways.",除非我在痛经，否则我不介意。我也是铺毛巾派，但理解有些男人觉得恶心。只是觉得我丈夫完全把它排除在外——再说一次，行——但它像借口，他松了口气'压力解除了'。重申，我真的已开始停止要求，所以其实也没有真正的压力。,2026-06-14T23:38:09.000Z,https://www.reddit.com/r/DeadBedrooms/comments/1u5tk3p/comment/orovtvg/,05_使用阻碍-伴侣关系-感情隐患,,,,,sentiment
情感类社区,r/DeadBedrooms,ori8gft,1tzxzxi,EfficiencyUnlikely41,"Ya, the jealousy of others connecting at that level is bad. My husband phone and video games hold most of his attention when he is at home. The kids get the rest and I get the crumbs left over. I have a hard time talking about this stuff with him, I have always been a people pleaser and don't like inconveniencing him with ""my issues"". So I get that cowardice feeling, though I don't think you're a coward at all.",是的，嫉妒别人在那个层面连接很糟。我丈夫在家时手机和游戏占了他大部分注意力。孩子得到剩下的，我得到残渣。我很难和他谈这些，我一直是取悦者，不喜欢用'我的问题'麻烦他。所以我明白那种懦弱感，虽然我完全不觉得你是懦夫。,2026-06-13T23:57:40.000Z,https://www.reddit.com/r/DeadBedrooms/comments/1tzxzxi/comment/ori8gft/,05_使用阻碍-伴侣关系-感情隐患,,,,,sentiment
情感类社区,r/DeadBedrooms,ori8e2e,1u4qu8j,blindtig3r,I tried to play hard to get for a few weeks once and my wife didn’t even notice.,我试过欲擒故纵几周，我妻子甚至没注意。,2026-06-13T23:57:15.000Z,https://www.reddit.com/r/DeadBedrooms/comments/1u4qu8j/comment/ori8e2e/,未提及,,,,,sentiment
情感类社区,r/DeadBedrooms,ori82j3,1u4d73s,Piccolotogo,Yes indeed. Zero is sex is zero engagement with the issue. I totally get that it’s advisable sometimes for a time as part of therapy but in that case I think it’s only likely to help in conjunction with deep emotional connection work going on. I don’t see a model of let’s all walk away from the table or let’s ignore it or let’s wait for time to fix it alone actually working.   For me the issue with the change over time though is that I’m no different than as a teenager. It’s been a looooooong wait for a potential decline in my drive to hopefully be closer to his. Logically I know it has to come but when? I’m a patient person but three and a half decades? Damn.,确实。零性就是零参与问题。我完全理解有时作为治疗的一部分建议这样做，但那样我认为只有结合深层情感连接工作才可能帮助。我看不到'都离开桌子'或'忽略它'或'等时间独自修复它'的模型实际有效。对我来说随时间变化的问题是我和十几岁时没有区别。已经等了很久很久潜在的欲望下降希望能接近他的。逻辑上我知道它必须来，但什么时候？我是个耐心的人，但三十五年？天哪。,2026-06-13T23:55:16.000Z,https://www.reddit.com/r/DeadBedrooms/comments/1u4d73s/comment/ori82j3/,06_克服方式-心理调适-降低预期,,,,,sentiment
情感类社区,r/DeadBedrooms,ori7u9g,1u541sx,Rosemary-Sea-Salt,That’s so sad,那太悲伤了。,2026-06-13T23:53:51.000Z,https://www.reddit.com/r/DeadBedrooms/comments/1u541sx/comment/ori7u9g/,未提及,,,,,sentiment
情感类社区,r/DeadBedrooms,ori7tvm,1u4hexj,Flat-Foundation-7434,"Oh my god?? Ew what a turn off. I'm so sorry. That's so inconsiderate, selfish, and disrespectful. I'm sorry but that shows how little he cares about you. I don't know your situation, if you have kids or not, etc. But I would strongly consider divorce or atleast separation for the time being. That's awful. You deserve better and there is better out there.",天哪？？呃，真扫兴。我很抱歉。那太不体贴、自私和不尊重。抱歉但那显示他多不在乎你。我不知道你的情况，有没有孩子等等。但我会强烈考虑离婚或至少暂时分居。那太糟了。你值得更好的，外面有更好的。,2026-06-13T23:53:46.000Z,https://www.reddit.com/r/DeadBedrooms/comments/1u4hexj/comment/ori7tvm/,05_使用阻碍-伴侣关系-感情隐患,,,,,sentiment
情感类社区,r/DeadBedrooms,ori6ok8,1u53d84,Typical_Fee156,"If this is truly how you feel ""repulsed at the ideA of rekindling"", then it's over. This statement alone sounds like you've made up your mind and dont want to try anymore? If that's the case then you need to be planning your next move...",如果你真觉得'对重燃感到反感'，那就结束了。这句话本身就听起来像你已经下定决心不想再试了？如果是这样，那你需要规划你的下一步……,2026-06-13T23:46:52.000Z,https://www.reddit.com/r/DeadBedrooms/comments/1u53d84/comment/ori6ok8/,05_使用阻碍-伴侣关系-感情隐患,,,,,sentiment
情感类社区,r/DeadBedrooms,ori6naa,1u1ln7v,Piccolotogo,This was very humble and insightful to a level that’s rare online. I’m editing my post that’s now irrelevant given your edit. Thank you and have a lovely day.,这非常谦逊和有见地，达到网上罕见的水平。我在编辑我的帖子，鉴于你的编辑它已无关。谢谢，祝你有美好的一天。,2026-06-13T23:46:38.000Z,https://www.reddit.com/r/DeadBedrooms/comments/1u1ln7v/comment/ori6naa/,未提及,,,,,sentiment
情感类社区,r/DeadBedrooms,ori6mbm,1u53d84,No-Mix-9367,I get that,我理解。,2026-06-13T23:46:28.000Z,https://www.reddit.com/r/DeadBedrooms/comments/1u53d84/comment/ori6mbm/,未提及,,,,,sentiment
情感类社区,r/DeadBedrooms,ori4t29,1u4jafx,gear-_-jammer,I’ve been in this situation for years. It suck’s dude. I’ve not walked in on her masturbating but I’ve seen where she used her toy and got mad when I mentioned it. Keep your head up.,我处于这个情况多年了。很糟兄弟。我没撞见她自慰，但我见过她用玩具，我提及时她生气了。抬起头。,2026-06-13T23:35:39.000Z,https://www.reddit.com/r/DeadBedrooms/comments/1u4jafx/comment/ori4t29/,05_使用阻碍-伴侣关系-感情隐患,,,,,sentiment
情感类社区,r/DeadBedrooms,ori4jtv,1u541sx,CoffeeGrinder999,Don't wait until you are 70 and realize you've wasted your life.,别等到 70 岁才意识到你浪费了生活。,2026-06-13T23:34:11.000Z,https://www.reddit.com/r/DeadBedrooms/comments/1u541sx/comment/ori4jtv/,06_克服方式-心理调适-接纳自我,,,,,sentiment
情感类社区,r/DeadBedrooms,ori4297,1u4hexj,SmoothNectarine2000,Ew,呃。,2026-06-13T23:31:17.000Z,https://www.reddit.com/r/DeadBedrooms/comments/1u4hexj/comment/ori4297/,未提及,,,,,sentiment
情感类社区,r/DeadBedrooms,ori3p1t,1u53d84,Dismal_Throat4317,"Sorry to hear this, and I feel you. We’ve (54m/52f) managed to have sex 3 times this year but prior to that I was 2.5 years ago. We’re trying therapy starting in 2 days so we’ll see.  You probably shouldn’t go the sex worker route, but in the event that you do I’d like to make an appointment.",听到这个很难过，我理解你。我们（54m/52f）今年设法做了 3 次，但之前是 2 年半前。我们 2 天后开始治疗，走着瞧。你可能不该走性工作者路线，但如果你走了我想预约。,2026-06-13T23:29:07.000Z,https://www.reddit.com/r/DeadBedrooms/comments/1u53d84/comment/ori3p1t/,06_克服方式-心理调适-学习知识,,,,,sentiment
情感类社区,r/DeadBedrooms,orbsptk,1u3j640,bi-and-bookish,"I honestly thought having sex on the couch would be like a normal thing. I mean, unless you have kids. But apparently I was wrong!!",我真心以为在沙发上做爱会是正常的事。我的意思是，除非你有孩子。但显然我错了！！,2026-06-12T23:55:22.000Z,https://www.reddit.com/r/DeadBedrooms/comments/1u3j640/comment/orbsptk/,未提及,,,,,sentiment
情感类社区,r/DeadBedrooms,orbrg5m,1u1gldn,Equivalent-Boat-9127,You need to make yourself desirable. She's bored. Worry about working on yourself. She will either come around or you'll be in a good position to move on.,你需要让自己变得有吸引力。她无聊了。专注提升自己。她要么回心转意，要么你会处于继续前进的好位置。,2026-06-12T23:47:53.000Z,https://www.reddit.com/r/DeadBedrooms/comments/1u1gldn/comment/orbrg5m/,06_克服方式-心理调适-接纳自我,,,,,sentiment
情感类社区,r/DeadBedrooms,orbragb,1q7gb6h,ktmo420,Gonna check this out!,我要去看看这个！,2026-06-12T23:46:56.000Z,https://www.reddit.com/r/DeadBedrooms/comments/1q7gb6h/comment/orbragb/,未提及,,,,,sentiment
情感类社区,r/DeadBedrooms,or4vwmr,1u3dr9i,Independent_Bid_8729,"Im so sorry to hear, thank you for the support♡ I also totally feel that... my bf is a wonderful nurse when I need help, he also says he loves me, and more. I feel the struggle",听到这个很难过，谢谢支持 ♡ 我也完全理解……我男友在我需要帮助时是个出色的护士，他也说爱我，还有更多。我感受着这种挣扎。,2026-06-11T23:58:17.000Z,https://www.reddit.com/r/DeadBedrooms/comments/1u3dr9i/comment/or4vwmr/,05_使用阻碍-伴侣关系-感情隐患,,,,,sentiment
情感类社区,r/DeadBedrooms,or4vpc7,1u3cr6f,Ill_Pianist_3176,Yeah I'm on the same boat lol,是的，我同一条船哈哈。,2026-06-11T23:57:06.000Z,https://www.reddit.com/r/DeadBedrooms/comments/1u3cr6f/comment/or4vpc7/,未提及,,,,,sentiment
情感类社区,r/DeadBedrooms,or4vddc,1u37f0g,Feeling-Belt1472,u ate with this,你说得太好了。,2026-06-11T23:55:09.000Z,https://www.reddit.com/r/DeadBedrooms/comments/1u37f0g/comment/or4vddc/,未提及,,,,,sentiment
情感类社区,r/DeadBedrooms,or4vaz4,1u37f0g,One_Power_8223,"Tell him, just because one ride is down, doesn't mean the whole amusement park has to close.",告诉他，一个游乐设施停了，不代表整个游乐园都得关门。,2026-06-11T23:54:46.000Z,https://www.reddit.com/r/DeadBedrooms/comments/1u37f0g/comment/or4vaz4/,06_克服方式-心理调适-接纳自我,,,,,sentiment
情感类社区,r/DeadBedrooms,or4uzmm,1u38qin,Leading-Disaster5721,Thank you. A lot of people seem to overlook this. Glad you didn't.,谢谢。很多人似乎忽视这个。很高兴你没有。,2026-06-11T23:52:56.000Z,https://www.reddit.com/r/DeadBedrooms/comments/1u38qin/comment/or4uzmm/,未提及,,,,,sentiment
情感类社区,r/DeadBedrooms,or4ucxp,1u3bdfz,deadbedroom85,"I’m so sorry. I know those feelings and they are the worst. I promise you that there is nothing wrong with you and there are lots of men and women who feel just like you do. This place is very helpful, if only because it reminds you that there is nothing wrong with you!",我很抱歉。我知道那些感觉，它们是最糟的。我保证你没有问题，有很多男人和女人和你有同样的感觉。这个地方很有帮助，哪怕只是提醒你没有问题！,2026-06-11T23:49:12.000Z,https://www.reddit.com/r/DeadBedrooms/comments/1u3bdfz/comment/or4ucxp/,06_克服方式-心理调适-接纳自我,,,,,sentiment
情感类社区,r/DeadBedrooms,oqxt7pn,1u2hdfu,Obvious-Database6110,"So you told her something that was crushing you, and her response was multiple days of the silent treatment? Every time? Screw avoidance. That is straight up emotional abuse. I'm so sorry that you're going through this, but you're making the right choice.",所以你告诉她一件压垮你的事，她的回应是好几天的沉默对待？每次都这样？去他的回避。那完全是情感虐待。很抱歉你在经历这个，但你做出了正确的选择。,2026-06-10T23:58:15.000Z,https://www.reddit.com/r/DeadBedrooms/comments/1u2hdfu/comment/oqxt7pn/,05_使用阻碍-伴侣关系-感情隐患,,,,,sentiment
情感类社区,r/DeadBedrooms,oqxs8wp,1u23o71,Wild_Peach075,"I'm just curious, but how did your wife react to you flirting with other women?",我只是好奇，你妻子对你和其他女人调情反应如何？,2026-06-10T23:52:40.000Z,https://www.reddit.com/r/DeadBedrooms/comments/1u23o71/comment/oqxs8wp/,未提及,,,,,sentiment
情感类社区,r/DeadBedrooms,oqxrch9,1u2d7ke,LucentBrave,"She's a manager at Walmart. She actually really enjoys it, or at least she says she does. She works anywhere from 40-60 hours a week depending on what's going on there.",她是沃尔玛的经理。她其实很喜欢，或者至少她这么说。她每周工作 40-60 小时，取决于那里发生什么。,2026-06-10T23:47:33.000Z,https://www.reddit.com/r/DeadBedrooms/comments/1u2d7ke/comment/oqxrch9/,未提及,,,,,sentiment
情感类社区,r/DeadBedrooms,oqxr5bt,1u1gei3,Top_Paint7442,"I;'ve been where you have been. But I'm weak. Everytime this happens, I still go and have sex because I always think if I turn her down, she's never going to initiate ever again. So I go with it, while I'm not in the mood.",我去过你去的地方。但我软弱。每次发生，我仍然去做爱，因为我总想如果我拒绝她，她永远不会再主动。所以我就顺其自然，虽然我没心情。,2026-06-10T23:46:25.000Z,https://www.reddit.com/r/DeadBedrooms/comments/1u1gei3/comment/oqxr5bt/,05_使用阻碍-心理状态-羞耻愧疚,,,,,sentiment
情感类社区,r/DeadBedrooms,oqxr0ej,1u2d7ke,LucentBrave,"I am so sorry that you're going through this. 41 years is an incredible amount of time to be married. I'm only 45, and 20 years seems like a hell of a milestone, but compared to you, that's amazing. I'm a realist when I say It may be always like this for me. I just can't jeopardize anything for my daughter. Perhaps in a year or two, I may change my mind, but for now, I just can't see myself leaving or anything like that. I've made it this far, but there are times like today when it's just.....worse than usual, I guess.",很抱歉你在经历这个。41 年是不可思议的婚姻长度。我才 45 岁，20 年感觉像很大的里程碑，但和你比，那是惊人的。我作为现实主义者说这可能永远对我这样。我只是不能为任何东西冒险我的女儿。也许一两年后我会改变主意，但现在我看不到自己离开之类的。我走到这么远，但有像今天这样的时刻，只是……比平时更糟，我想。,2026-06-10T23:45:38.000Z,https://www.reddit.com/r/DeadBedrooms/comments/1u2d7ke/comment/oqxr0ej/,05_使用阻碍-伴侣关系-感情隐患,,,,,sentiment
情感类社区,r/DeadBedrooms,oqxqrw7,1u2gqm1,Krimmothy,So what does your partner say in these talks?,那你的伴侣在这些谈话中说什么？,2026-06-10T23:44:17.000Z,https://www.reddit.com/r/DeadBedrooms/comments/1u2gqm1/comment/oqxqrw7/,未提及,,,,,sentiment
情感类社区,r/DeadBedrooms,oqxqr6x,1u2ha6d,Murky_Independent_34,Run!,跑！,2026-06-10T23:44:10.000Z,https://www.reddit.com/r/DeadBedrooms/comments/1u2ha6d/comment/oqxqr6x/,未提及,,,,,sentiment
情感类社区,r/DeadBedrooms,oqxqhmx,1u2ha6d,Dangerous-Yam2894,Engaged and already checked out? She should still be ripping your clothes off. What you describe normally happens 2 years in or after the first kid. History is an indicator of the future. Your sex drives either don’t match up or she is just not that into you anymore and just sees you as a provider/etc..,订婚就已经心不在焉了？她应该还在撕你的衣服。你描述的通常发生在 2 年后或第一个孩子后。历史是未来的指标。你们的性欲要么不匹配，要么她就是不再那么喜欢你，只把你当供养者等等。,2026-06-10T23:42:39.000Z,https://www.reddit.com/r/DeadBedrooms/comments/1u2ha6d/comment/oqxqhmx/,05_使用阻碍-伴侣关系-感情隐患,,,,,sentiment
情感类社区,r/DeadBedrooms,oqxq49c,1u1xmvc,derwood75801,I hear it varies greatly.,我听说它差异很大。,2026-06-10T23:40:30.000Z,https://www.reddit.com/r/DeadBedrooms/comments/1u1xmvc/comment/oqxq49c/,未提及,,,,,sentiment
情感类社区,r/DeadBedrooms,oqxpn6r,1u2gqm1,HallackB,"That is so sad, sorry to hear, hugs (platonic)",那太悲伤了，听到很难过，拥抱（柏拉图式）,2026-06-10T23:37:47.000Z,https://www.reddit.com/r/DeadBedrooms/comments/1u2gqm1/comment/oqxpn6r/,未提及,,,,,sentiment
情感类社区,r/DeadBedrooms,oqxpjwy,1u1xmvc,lolabunny20261,So does that mean I just gotta wait until I have a kid and this won’t be an issue anymore? Lol   I wonder if most women’s sex drive come back after giving birth,所以那意味着我只需要等到有孩子这就不再是问题？哈哈。我想知道大多数女人生产后性欲会不会回来。,2026-06-10T23:37:16.000Z,https://www.reddit.com/r/DeadBedrooms/comments/1u1xmvc/comment/oqxpjwy/,未提及,,,,,sentiment
情感类社区,r/DeadBedrooms,oqxpcyb,1u2d7ke,beachbum1982,"I understand. I have a very ill husband who is currently in the hospital. Long story short, he had a hematoma on his lower spine. They are now working to get feeling back in his legs and hopefully to be able to walk again. He moves to an intensive physical rehab hospital tomorrow. He's only 63. He's had cancer, a kidney transplant and a heart transplant. It's so lonely and I'm scared shitless this is all it will ever be. I'm 62 and we've been married 41 years of which a lot of caregiving has gone on. I feel so bad for my husband as he didn't ask for any of it but I feel bad for me too. My depression, anxiety and panic are non stop lately. It feels like it's never going to end and honestly for me, it won't until it gets bad enough that he passes away. It's the old saying of being between a rock and a hard place. I hope things work out for you where you can find some happiness and love again.",我理解。我有一个病重的丈夫，目前在医院。长话短说，他腰椎有血肿。他们现在在努力让他的腿恢复感觉，希望能重新走路。他明天转到强化物理康复医院。他才 63 岁。他得过癌症、肾移植和心脏移植。太孤独了，我吓得要死这会不会就是全部。我 62 岁，我们结婚 41 年，其中很多是照护。我为我丈夫感到难过，他没要求任何这些，但我也为自己难过。我的抑郁、焦虑和恐慌最近不停。感觉永远不会结束，老实说对我，直到它严重到他去世才会。这就是老话说的进退两难。希望你能找到一些幸福和爱。,2026-06-10T23:36:10.000Z,https://www.reddit.com/r/DeadBedrooms/comments/1u2d7ke/comment/oqxpcyb/,05_使用阻碍-伴侣关系-感情隐患,,,,,sentiment
情感类社区,r/DeadBedrooms,oqxp3mi,1u2g2j9,Recent_Ad_6259,1-2 times a year for 10 years. Had one year with none whatsoever. Seriously it was painful,10 年来一年 1-2 次。有一年完全零。说真的那很痛苦。,2026-06-10T23:34:41.000Z,https://www.reddit.com/r/DeadBedrooms/comments/1u2g2j9/comment/oqxp3mi/,05_使用阻碍-心理状态-预期失望,,,,,sentiment
情感类社区,r/DeadBedrooms,oqxp0rk,1u2ha6d,John_Coctoastan,"In the blink of an eye, 30 years goes by. Here's a thought exercise: imagine the hope of of the promise of every intimate moment being crushed. Imagine ***each*** time it happens. Imagine each time it happens every year. Really sit with the feelings of frustration...of hurt...of self-doubt...of feeling ugly...of feeling bad at sex...of self-loathing...of anger...of unrequited desire...of sadness...of feeling ***utterly and desperately alone***. Imagine ***EACH TIME*** it happens--***REALLY*** imagine it--over the course of a year. Then move on to the next year and do it again. Repeat the exercise 30 times. It should take about 15-30 hours to do, but it should save you 30 years.",眨眼间 30 年就过去了。这里有个思维练习：想象每个亲密时刻的承诺希望都被压碎。想象*每次*发生。想象每年每次发生。真正沉浸在那挫败……伤害……自我怀疑……觉得自己丑……觉得性表现差……自我厌恶……愤怒……未回报的欲望……悲伤……感觉*完全彻底绝望地孤独*的感受中。想象*每次*发生——*真的*想象——持续一年。然后进入下一年再来一次。重复练习 30 次。应该需要 15-30 小时，但应该能为你省下 30 年。,2026-06-10T23:34:14.000Z,https://www.reddit.com/r/DeadBedrooms/comments/1u2ha6d/comment/oqxp0rk/,05_使用阻碍-心理状态-羞耻愧疚,,,,,sentiment
情感类社区,r/sex,p1ybfvy,1vgmqyk,Proof-Suspect-5263,Anywhere along the sides ?,两侧吗？,2026-08-05 22:59:55,https://www.reddit.com/r/sex/comments/1vgmqyk/comment/p1ybfvy/,未提及,,,,,sentiment
情感类社区,r/sex,p1yberq,1vgmqyk,Proof-Suspect-5263,I don’t think people understand what I’m asking. I don’t want to choke him aggressively to the point where there is even a chance he could pass out. I mean it in a way that puts pressure around his neck - kind of like wearing a tight collar? Does that make more sense?,我觉得大家没理解我在问什么。我不是想用力掐到他可能晕过去，而是像戴紧项圈那样在脖子周围施压——这样说清楚了吗？,2026-08-05 22:59:45,https://www.reddit.com/r/sex/comments/1vgmqyk/comment/p1yberq/,未提及,,,,,sentiment
情感类社区,r/sex,p1ybd4v,1vgk37u,suredoloveporn,"Science experiment… Try to make yourself cum while he’s going down (do what you like, tell him to work around it). This will give you a better idea of whether the problem is with his technique or whether you’re just cum-shy.",做个科学实验……试着在他给你口的时候让自己高潮（做你喜欢的事，让他配合调整）。这会让你更清楚问题出在他的技巧，还是你只是对高潮有心理障碍。,2026-08-05 22:59:31,https://www.reddit.com/r/sex/comments/1vgk37u/comment/p1ybd4v/,未提及,,,,,sentiment
情感类社区,r/sex,p1yay3o,1vgmqyk,Swotboy2000,"I’m a sex positive person. But there is no safe way to choke another person. In my country, it’s a crime to do so during sex. I’d recommend not doing it at all.",我是性观念开放的人。但没有安全的掐人方式。在我们国家，性行为中这么做是犯罪。我建议完全别做。,2026-08-05 22:57:19,https://www.reddit.com/r/sex/comments/1vgmqyk/comment/p1yay3o/,未提及,,,,,sentiment
情感类社区,r/sex,p1yatxr,1vgmqyk,Old-Wasabi-3837,"Squeeze the sides, never the middle.",掐两侧，永远别掐中间。,2026-08-05 22:56:44,https://www.reddit.com/r/sex/comments/1vgmqyk/comment/p1yatxr/,未提及,,,,,sentiment
情感类社区,r/sex,p1yanx7,1vfwzc6,doomsday_windbag,"I don’t know if you’ve noticed, but the world is filled with strange, awkward people of every variety.",不知道你注意没有，这世界充满了各种奇怪、笨拙的人。,2026-08-05 22:55:52,https://www.reddit.com/r/sex/comments/1vfwzc6/comment/p1yanx7/,未提及,,,,,sentiment
情感类社区,r/sex,p1yahoa,1vfw33v,Dismal_Reference3906,"I fear you are setting yourself up to being used, a plaything to be used and dumped. Possibly get to know the person reasonably well before a car hookup or a night in a hotel.",我担心你在把自己置于被利用、被当玩物用完就扔的境地。约炮或开房前，最好先把人了解清楚。,2026-08-05 22:54:58,https://www.reddit.com/r/sex/comments/1vfw33v/comment/p1yahoa/,未提及,,,,,sentiment
情感类社区,r/sex,p1ya7hh,1vgagwa,MooseEggs,People on Reddit always forget to just talk to their SO.,Reddit 上的人总是忘了直接和伴侣沟通。,2026-08-05 22:53:30,https://www.reddit.com/r/sex/comments/1vgagwa/comment/p1ya7hh/,未提及,,,,,sentiment
情感类社区,r/sex,p1y9tdr,1vgl1gt,Puzzleheaded_Lunch22,"Mindfulness. Practice meditation, even 5 minutes a day. Use those methods to address intrusive thoughts: not that you need to suppress the thought, but acknowledge in the moment that these flashbacks are just memories, that you have chosen to be with your boyfriend, and that even though these thoughts may feel exciting or arousing, you have chosen not to feed into that and will let it go. Then re-center on your boyfriend and the things you find exciting about him. It will take a while, but they will slowly dwindle. A therapist can help. Do not tell your boyfriend, that will only bring harm.",正念。每天练习冥想，哪怕 5 分钟。用这些方法来处理侵入性想法：不是要压抑想法，而是当下承认这些闪回只是记忆，你选择了和男友在一起，即使这些想法让你兴奋，你选择不去滋养它，让它过去。然后把注意力重新放回男友和吸引你的地方。需要时间，但会慢慢减少。治疗师能帮忙。别告诉男友，只会带来伤害。,2026-08-05 22:51:29,https://www.reddit.com/r/sex/comments/1vgl1gt/comment/p1y9tdr/,06_克服方式-心理调适-学习知识,,,,,sentiment
情感类社区,r/sex,p1y9r61,1vgmfze,CrispyZi,"The CEO of sex announced Sex 3 while you were away, 2 new genders and 4 new positions. In all seriousness, the best thing you can do is communicate with your partner! Discuss likes, boundaries, what makes you hot under the collar, expectations. Honesty in intimacy leads to the hottest encounters.",性的 CEO 趁你不在发布了 Sex 3，新增 2 个性别和 4 个新姿势。说正经的，你能做的最好的事就是和伴侣沟通！讨论喜好、边界、什么让你兴奋、期望。亲密关系中的坦诚能带来最火辣的体验。,2026-08-05 22:51:10,https://www.reddit.com/r/sex/comments/1vgmfze/comment/p1y9r61/,未提及,,,,,sentiment
情感类社区,r/sex,p1y99j3,1vfb4bv,Thjyu,"I figured it was this, hence why I recommend therapy.",我就知道是这个原因，所以我推荐治疗。,2026-08-05 22:48:37,https://www.reddit.com/r/sex/comments/1vfb4bv/comment/p1y99j3/,06_克服方式-心理调适-学习知识,,,,,sentiment
情感类社区,r/sex,p1y98xb,1vgk37u,SergeantSkull,The the boy how to make you cum.,教他怎么让你高潮。,2026-08-05 22:48:32,https://www.reddit.com/r/sex/comments/1vgk37u/comment/p1y98xb/,未提及,,,,,sentiment
情感类社区,r/sex,p1y97lb,1vgk37u,wibblemu9,"Did you read the post? He gives mind blowing head, so obviously he isn't just trying to make her orgasm solely through piv. It's probably a mental thing on her part right now. Sex with a new person can be a nervous/anxious experience. I'm a guy and there have been cases where I couldn't cum with a new partner just because I was a little nervous.",你读帖子了吗？他口活很棒，显然不只是想靠插入让她高潮。现在可能是她心理层面的问题。和新伴侣做爱会紧张焦虑。我是男的，有过因为紧张而无法和新伴侣到达高潮的经历。,2026-08-05 22:48:20,https://www.reddit.com/r/sex/comments/1vgk37u/comment/p1y97lb/,05_使用阻碍-心理状态-焦虑,,,,,sentiment
情感类社区,r/sex,p1y8ynu,1vgmfze,js884,Honestly i think you're over thinking it. What do you mean these days? Like some people are vanilla AF. Others like me tie my partner up and tease till they break. It's all up to what you two like. Just be you.,说实话我觉得你想多了。你说的这些日子是什么意思？有些人就是很保守。像我就会把伴侣绑起来逗到崩溃。全看你们俩喜欢什么。做自己就好。,2026-08-05 22:47:02,https://www.reddit.com/r/sex/comments/1vgmfze/comment/p1y8ynu/,09_十三种需求-体验层-刺激,,,,,sentiment
情感类社区,r/sex,p1y8sj4,1vgh95x,Spacejam_Forfait2873,Thank you!,谢谢！,2026-08-05 22:46:10,https://www.reddit.com/r/sex/comments/1vgh95x/comment/p1y8sj4/,未提及,,,,,sentiment
情感类社区,r/sex,p1y8qls,1vggkye,drewcifer115,"Assuming that the tongue fatigue is real and not an excuse, there are a few options. He can work on building stamina and move his head to reduce tongue strain. He can also incorporate his lips and fingers, which would allow him to rest his tongue periodically. Lastly, if he pays attention to your cues and you tell him what is working, he will get better. Personally I start to wear out after 30+ minutes.",假设舌头疲劳是真的而不是借口，有几个办法。他可以练耐力、移动头部减轻舌头负担。也可以配合嘴唇和手指，让舌头轮流休息。最后，如果他注意你的反应、你告诉他什么有效，他会越来越擅长。我个人 30 分钟后就累了。,2026-08-05 22:45:54,https://www.reddit.com/r/sex/comments/1vggkye/comment/p1y8qls/,未提及,,,,,sentiment
情感类社区,r/sex,p1y8pi0,1vgl1gt,subquest76,You're young. You cheated. It happens. When I was young I cheated. Don't stay with the person you cheated with though. Let this guy go. Go out and have more memorable nights. It's ok to do that. Don't worry about settling down until you find someone with whom cheating would never enter your mind.,你还年轻。你出轨了。这会发生。我年轻时也出轨过。但别和被你出轨的那个人在一起。放他走吧。出去多创造些难忘的夜晚。没关系。在找到那个让你永远不会想出轨的人之前，别急着安定。,2026-08-05 22:45:44,https://www.reddit.com/r/sex/comments/1vgl1gt/comment/p1y8pi0/,未提及,,,,,sentiment
情感类社区,r/sex,p1y8p34,1vgh95x,Spacejam_Forfait2873,I am! Very in love actually! I feel very safe with him.,我爱他！真的在恋爱！和他在一起很有安全感。,2026-08-05 22:45:41,https://www.reddit.com/r/sex/comments/1vgh95x/comment/p1y8p34/,未提及,,,,,sentiment
情感类社区,r/sex,p1y8nli,1vgmfze,IsopodKey2040,"""So how are people having sex these days?"" As opposed to a year ago? Lol. I don't think anything is different. Vaginas and penises still function the same as they always have. You will just have to figure out what each other likes. No one can tell you that but her.",“现在的人怎么做爱了？”跟一年前比吗？哈哈。我不觉得有什么不同。阴道和阴茎的功能从来没变过。你只能慢慢摸索彼此喜欢什么。没人能告诉你，只有她。,2026-08-05 22:45:27,https://www.reddit.com/r/sex/comments/1vgmfze/comment/p1y8nli/,未提及,,,,,sentiment
情感类社区,r/sex,p1y8n39,1vfb4bv,Grayson-Night,"Yeah, I didn't like how everyone seemed quick to dismiss you or attack you.",是啊，我不喜欢大家那么快就否定你或攻击你。,2026-08-05 22:45:23,https://www.reddit.com/r/sex/comments/1vfb4bv/comment/p1y8n39/,未提及,,,,,sentiment
情感类社区,r/sex,p1y8fhx,1vgk37u,sirbearus,The penis is a poorly designed tool for female pleasure and when you orgasm on your own you probably use stimulation on your clit. Most woman do not orgasm from penis in vagina sex. It doesn't provide the stimulation that most woman need. So his expectations are unreasonable. More than half of women don't orgasm from PIV alone. You are normal and he is normal. You just need to find a way to add that missing element.,阴茎本来就不是让女性愉悦的好工具，你自己高潮时用的也是阴蒂刺激。大多数女性无法从插入式性爱中高潮，它提供不了大多数女性需要的刺激。所以他的期望不合理。超过一半的女性无法仅靠 PIV 高潮。你正常，他也正常。只是需要找到补充那个缺失元素的方式。,2026-08-05 22:44:18,https://www.reddit.com/r/sex/comments/1vgk37u/comment/p1y8fhx/,05_使用阻碍-产品本身-质感不真实,,,,,sentiment
情感类社区,r/sex,p1y86jv,1vgj6ji,Darth_Krise,"Enjoy yourself, communicate to ensure a better experience so he hits all your spots, & if you can run your fingers through his hair.",享受自己，沟通以确保更好的体验，让他碰到你所有敏感点，如果可以就手指穿过他的头发。,2026-08-05 22:43:00,https://www.reddit.com/r/sex/comments/1vgj6ji/comment/p1y86jv/,未提及,,,,,sentiment
情感类社区,r/sex,p1y6pwu,1vg8pjm,Dramatic-Work3717,"It’s like 1 in 3 or 4 times we do any foreplay, she’s very happy with our sex life.",大概三到四次里有一次我们会做前戏，她对我们的性生活很满意。,2026-08-05 22:35:30,https://www.reddit.com/r/sex/comments/1vg8pjm/comment/p1y6pwu/,未提及,,,,,sentiment
情感类社区,r/sex,p1y6mjj,1vfw33v,BuddyIssues,Lol the scheduling is blowing my mind.,哈哈，安排时间这点让我震惊。,2026-08-05 22:35:02,https://www.reddit.com/r/sex/comments/1vfw33v/comment/p1y6mjj/,未提及,,,,,sentiment
情感类社区,r/sex,p1y6ed9,1vfb4bv,Okifan,This is simple. Doggy style while she uses a vibe on clit. Problem solved.,很简单。后入式加上她拿振动棒刺激阴蒂。问题解决。,2026-08-05 22:33:52,https://www.reddit.com/r/sex/comments/1vfb4bv/comment/p1y6ed9/,04_使用场景-情境场景-配合色情内容,,,,,sentiment
情感类社区,r/sex,p1y663n,1vg6r35,Only-Maintenance1774,He might be taking minoxidil.,他可能在用米诺地尔。,2026-08-05 22:32:41,https://www.reddit.com/r/sex/comments/1vg6r35/comment/p1y663n/,未提及,,,,,sentiment
情感类社区,r/sex,p1y5zjk,1vfncht,AxReMi,"Oh love, what you need right now is to spend some time away from him. You need to find a way that suits you to process all of this, whether it’s a friend, creative expression or therapy. This attachment is unhealthy. You won’t be able to work on the why if you enable letting your feelings grow for him, especially knowing he has no intent to reciprocate. What you’re entangled in is a level of intimacy and detachment I don’t think you’re ready for. BDSM is not something you casually stumble into, you need to research to protect yourself and others.",亲爱的，你现在需要的是暂时离开他。你需要找到适合你的方式来消化这一切，无论是朋友、创作还是治疗。这种依恋不健康。如果你放任对他的感情滋长，尤其是知道他不会回应，你就没法想清楚原因。你陷入的是一种我认为你还没准备好的亲密与疏离。BDSM 不是随便就能碰的，你需要做功课来保护自己和他人。,2026-08-05 22:31:44,https://www.reddit.com/r/sex/comments/1vfncht/comment/p1y5zjk/,05_使用阻碍-心理状态-焦虑,,,,,sentiment
情感类社区,r/sex,p1y5sjq,1vgj6ji,jaylay75,"Moaning is always a good start. Run your hands through his hair. Tell him it's good, tell him you love when he licks your pussy. Start grinding and moving your pussy on his face. Give him feedback, tell him what you like and why. Tell him he is the best at eating your pussy. When you are about to cum, tell him to suck your juices and that he deserves to lick it because he made you cum. Don't forget to MOAN and be enthusiastic. Enjoy it!",呻吟总是个好开始。手指穿过他的头发。告诉他很棒，告诉他你喜欢他舔你。开始在他脸上扭动。给他反馈，告诉他你喜欢什么。告诉他他是最会吃你的。快高潮时，告诉他吸你的水，他让你高潮所以值得舔。别忘了呻吟、投入。享受！,2026-08-05 22:30:45,https://www.reddit.com/r/sex/comments/1vgj6ji/comment/p1y5sjq/,04_使用场景-情境场景-配合色情内容,,,,,sentiment
情感类社区,r/sex,p1y3d8z,1vg8pjm,lamplightlit,This is true but if you are giving her oral and touching her that's foreplay.,这是真的，但如果你给她口交并抚摸她，那就是前戏。,2026-08-05 22:18:31,https://www.reddit.com/r/sex/comments/1vg8pjm/comment/p1y3d8z/,未提及,,,,,sentiment
情感类社区,r/sex,p1y2qxw,1vgj6ji,Street_Winter_9721,"Enjoy it and do what comes naturally. Don’t fake anything. If you’re genuinely feeling the pleasure from the act it’ll make you arch, moan, maybe cuss a little lol.",享受它，顺其自然。别假装任何事。如果你真的从这件事中感受到愉悦，你会弓起身体、呻吟、也许爆几句粗口哈哈。,2026-08-05 22:15:26,https://www.reddit.com/r/sex/comments/1vgj6ji/comment/p1y2qxw/,未提及,,,,,sentiment
情感类社区,r/sex,p1y2dcv,1vgj6ji,Chipstar452,"If he’s into it, rub your fingers through his hair/over his head. As a partner that gives, the tactile feedback drives me wild.",如果他喜欢，就用手指穿过他的头发/摸他的头。作为一个给予方，这种触觉反馈让我疯狂。,2026-08-05 22:13:32,https://www.reddit.com/r/sex/comments/1vgj6ji/comment/p1y2dcv/,未提及,,,,,sentiment
情感类社区,r/sex,p1y25cz,1vggkye,Candid-Sky-3258,Does it take you a long time to orgasm? Maybe he's trying too hard with just his tongue. Tongue + fingers = great.,你高潮需要很久吗？也许他只靠舌头太用力了。舌头+手指=很棒。,2026-08-05 22:12:27,https://www.reddit.com/r/sex/comments/1vggkye/comment/p1y25cz/,未提及,,,,,sentiment
情感类社区,r/sex,p1y1px2,1vgl1gt,TX_Jake,What are the thoughts surrounding? Just the thought of cheating? Some find that exciting even though they know it’s wrong. Or was the other guy better in bed and that’s where your thoughts are? What you’re experiencing isn’t abnormal whatever the reason. You need to understand why it’s happening to be able to move past it.,围绕的想法是什么？只是想到出轨？有些人即使知道这是错的也会觉得兴奋。还是另一个人床上更好，你的想法在那里？无论原因是什么，你的感受都不异常。你需要理解它为什么会发生才能跨越它。,2026-08-05 22:10:17,https://www.reddit.com/r/sex/comments/1vgl1gt/comment/p1y1px2/,05_使用阻碍-心理状态-焦虑,,,,,sentiment
情感类社区,r/sex,p1y1gz1,1vggkye,Wacky_Engineer1975,If his tongue is hurting after a short amount of time then he needs more practice. Tell him you’ll go down on him for the same amount of time as he does you… maybe that will give him incentive to practice more.,如果他的舌头很快就累了，那他需要多练习。告诉他你会用他给你口的时间来回馈他……也许这会激励他多练习。,2026-08-05 22:09:02,https://www.reddit.com/r/sex/comments/1vggkye/comment/p1y1gz1/,未提及,,,,,sentiment
情感类社区,r/sex,p1y1gwp,1vg6r35,LoveSquirt69,"To not state the obvious, your husband has a problem with meth and I’m almost positive it’s affecting more than just your sex life, it will ruin him, your marriage and your finances. If you don’t get him to seek help sex will be the last thing you will be worried about.",说句不客气的，你丈夫有冰毒问题，我几乎可以肯定这影响的远不止你们的性生活，它会毁了他、毁了你的婚姻和财务。如果你不让他去寻求帮助，性将是你最后才需要担心的事。,2026-08-05 22:09:02,https://www.reddit.com/r/sex/comments/1vg6r35/comment/p1y1gwp/,05_使用阻碍-心理状态-焦虑,,,,,sentiment
情感类社区,r/sex,p1y1e3i,1vfuxfg,trappussy_xo,Your comment was really the icing on the cake to this conversation lmaoo.,你的评论真是这场对话的锦上添花哈哈哈。,2026-08-05 22:08:38,https://www.reddit.com/r/sex/comments/1vfuxfg/comment/p1y1e3i/,未提及,,,,,sentiment
情感类社区,r/sex,p1y16e7,1vfb4bv,osovillar4948,"Grow a pair my friend and get the job done, 15-20 minutes and you’re too exhausted! The girl needs a man.",爷们点朋友，把事办了，15-20分钟你就累了？女人需要的是男人。,2026-08-05 22:07:34,https://www.reddit.com/r/sex/comments/1vfb4bv/comment/p1y16e7/,未提及,,,,,sentiment
情感类社区,r/sex,p1y0jjf,1vggkye,Vurrag,use a flavored oil like coconut oil with some flavoring before he eats you.,在他吃你之前，用一点带味道的椰子油之类的调味油。,2026-08-05 22:04:25,https://www.reddit.com/r/sex/comments/1vggkye/comment/p1y0jjf/,未提及,,,,,sentiment
情感类社区,r/sex,p1xzjn9,1vfwzc6,Forward-Tomatillo-22,Me. My sense of what is appropriate is very broken. With people I'm comfortable with I've tried jokes that fell completely flat.,我。我对什么合适的感知坏掉了。和熟悉的人在一起时，我试过完全冷场的玩笑。,2026-08-05 21:59:31,https://www.reddit.com/r/sex/comments/1vfwzc6/comment/p1xzjn9/,未提及,,,,,sentiment
情感类社区,r/sex,p1xzblw,1vdojlj,Away_Fox_8372,"nope, nothing",不，没什么。,2026-08-05 21:58:27,https://www.reddit.com/r/sex/comments/1vdojlj/comment/p1xzblw/,未提及,,,,,sentiment
情感类社区,r/sex,p1xz9va,1vgl1gt,Steavee,"You don’t need a sex therapist, you need a regular therapist to process your guilt.",你不需要性治疗师，你需要普通治疗师来处理你的内疚感。,2026-08-05 21:58:12,https://www.reddit.com/r/sex/comments/1vgl1gt/comment/p1xz9va/,05_使用阻碍-心理状态-负罪感,,,,,sentiment
情感类社区,r/sex,p1xz8gc,1vfb4bv,classynik,Is the 15-20 mins of pounding a necessary part of the process? I feel like the obvious solution here is to do less of that and put more of your effort into getting her off instead lol.,15-20分钟的猛插是必要环节吗？我觉得明显的解决方案是少做点这个，把更多精力放在让她高潮上哈哈。,2026-08-05 21:58:01,https://www.reddit.com/r/sex/comments/1vfb4bv/comment/p1xz8gc/,未提及,,,,,sentiment
情感类社区,r/sex,p1xz4vc,1vgl1gt,Any-Blacksmith4580,A therapist could help.,治疗师会有帮助。,2026-08-05 21:57:33,https://www.reddit.com/r/sex/comments/1vgl1gt/comment/p1xz4vc/,06_克服方式-心理调适-学习知识,,,,,sentiment
情感类社区,r/sex,p1xyt3v,1vgagwa,NyuSeki,Speak to her? No one else can evidence how she feels about you. For reference though my husband does it and i love it.,和她谈谈？没人能替你证明她对你的感觉。不过作为参考，我丈夫就这么做，我很爱。,2026-08-05 21:55:57,https://www.reddit.com/r/sex/comments/1vgagwa/comment/p1xyt3v/,未提及,,,,,sentiment
情感类社区,r/sex,p1xycti,1vg8pjm,TGin-the-goldy,It’s…not fine! Know your worth.,这……不正常！要明白自己的价值。,2026-08-05 21:53:46,https://www.reddit.com/r/sex/comments/1vg8pjm/comment/p1xycti/,未提及,,,,,sentiment
情感类社区,r/sex,p1xy7gx,1vg8pjm,TGin-the-goldy,"I’m not sure if we’re agreeing or disagreeing. Of course people can not like giving oral and it can be their boundary, but then they have to give up the ability to receive it.",我不确定我们是在同意还是反对。当然，人可以不喜欢口交，这可以是他们的边界，但他们也得放弃接受口交的权利。,2026-08-05 21:53:03,https://www.reddit.com/r/sex/comments/1vg8pjm/comment/p1xy7gx/,未提及,,,,,sentiment
情感类社区,r/sex,p1xxzmu,1vggkye,UserJH4202,"Try having him put a pillow under your ass which will raise you up and make it more comfortable for him. Also, tell him to play with your labia while his tongue circles your clit. Tell him when he’s too hard on your clit. Remind him that his tongue is softer than his finger. Getting the right mixture is important - too harsh and it puts you off, too soft and your passion won’t rise.",试着让他把一个枕头垫在你屁股下面，抬高你，让他更舒服。另外，告诉他在舌头绕着阴蒂时抚摸你的阴唇。他太用力时告诉他。提醒他舌头比手指软。合适的力度很重要——太用力会让你扫兴，太轻你的热情又上不来。,2026-08-05 21:52:01,https://www.reddit.com/r/sex/comments/1vggkye/comment/p1xxzmu/,未提及,,,,,sentiment
情感类社区,r/sex,p1xxt4h,1vggkye,TGin-the-goldy,"Going down is more than just tongue action, you can engage hands, toys, mouth technique, explore your options together.",口交不只是舌头的动作，你可以用上手、玩具、嘴部技巧，一起探索各种选择。,2026-08-05 21:51:08,https://www.reddit.com/r/sex/comments/1vggkye/comment/p1xxt4h/,未提及,,,,,sentiment
情感类社区,r/sex,p1xxqrm,1vgl1gt,Kursed_Valeth,Some thoughts are inside thoughts that don't need to be shared.,有些想法是留在心里的想法，不需要分享。,2026-08-05 21:50:49,https://www.reddit.com/r/sex/comments/1vgl1gt/comment/p1xxqrm/,未提及,,,,,sentiment
情感类社区,r/sex,p1xxk3y,1vfwp6j,Affectionate-Tax7267,"I honestly don’t know if he enjoys it, he does get hard quick when I do initiate, and he finishes each time. But it’s not like there’s any foreplay, or actual intimacy/connection. I think for him it’s more so just because I asked for it. Even though he never worries about me climaxing. I can’t say I enjoy it either, it’s pretty boring. But I crave that intimacy and connection.",说实话我不知道他是否享受，我主动时他确实很快硬起来，每次都能结束。但没有任何前戏，也没有真正的亲密/连接。我觉得他更多只是因为我要了。尽管他从不关心我是否高潮。我也不能说享受，很无聊。但我渴望那种亲密和连接。,2026-08-05 21:49:56,https://www.reddit.com/r/sex/comments/1vfwp6j/comment/p1xxk3y/,05_使用阻碍-伴侣关系-感情隐患,,,,,sentiment
情感类社区,r/sex,p1xwwuo,1vfwp6j,OrangeAugust,"Maybe he’s asexual but not sex repulsed. Does he enjoy sex when you initiate but never initiates himself? Asexual people don’t experience sexual attraction, so they might not initiate. It just isn’t something that’s on their mind, and their partners think they aren’t attracted to them, when in actuality an asexual person isn’t attracted to anyone sexually, but will enjoy sex when their partner initiates.",也许他是无性恋但不是性厌恶。你主动时他享受但从不主动？无性恋者不会体验性吸引，所以他们可能不主动。这不是他们会想的事，伴侣会以为他们对自己没吸引力，但实际上无性恋者对谁都没有性吸引，但伴侣主动时会享受。,2026-08-05 21:46:49,https://www.reddit.com/r/sex/comments/1vfwp6j/comment/p1xwwuo/,05_使用阻碍-心理状态-预期失望,,,,,sentiment
情感类社区,r/sex,p1xwmok,1vfb4bv,UnseenTimeMachine,"Or, flip her over and reach under to roll her clit around at the end. You can finish together.",或者把她翻过去，从下面绕着她的阴蒂打转结束。你们可以一起高潮。,2026-08-05 21:45:28,https://www.reddit.com/r/sex/comments/1vfb4bv/comment/p1xwmok/,未提及,,,,,sentiment
情感类社区,r/sex,p1xuypx,1vfb4bv,UnseenTimeMachine,"She can give herself one of those, easily.",她可以轻易给自己一个那些。,2026-08-05 21:37:29,https://www.reddit.com/r/sex/comments/1vfb4bv/comment/p1xuypx/,未提及,,,,,sentiment
情感类社区,r/sex,p1xus8i,1vgjy9m,Fearless_Macaron4412,"Maybe it's not on you even. I kinda did set some boundaries for myself with some recent thing, and this one was on me. I just wanted to do things different, felt there is higher stake. Use text if that helps you to be more open. If i were you I would just talk to him text/irl about it, nothing to be ashamed of, you are not getting rejected from that person anyway, so just talk and open up.",也许甚至不怪你。我最近对某些事给自己设了一些边界，这个是我的。我只是想做得不同，觉得赌注更高。如果文字能帮你更开放就用文字。如果我是你，我会用文字或当面和他谈，没什么可羞耻的，反正你也不会被那个人拒绝，所以就是谈、敞开。,2026-08-05 21:36:37,https://www.reddit.com/r/sex/comments/1vgjy9m/comment/p1xus8i/,06_克服方式-心理调适-学习知识,,,,,sentiment
情感类社区,r/sex,p1xum24,1vgj6ji,Dizzy-Memory2231,"With a situationship? Just keep chanting to yourself - ""GO AWAY OXYTOCIN. I WILL NOT PAIR BOND!!!"" Once the disgust reasserts itself, just get back on tiktok.",和一种情境关系？就不断对自己念——'走开催产素。我不会配对！！！'一旦厌恶重新出现，就回到 tiktok。,2026-08-05 21:35:48,https://www.reddit.com/r/sex/comments/1vgj6ji/comment/p1xum24/,未提及,,,,,sentiment
情感类社区,r/sex,p1xubhu,1vfuxfg,SuspiciousWrap3255,"More of you, less soap. Take it as a compliment. He's into you.",更多你的味道，更少肥皂。把它当赞美。他对你有兴趣。,2026-08-05 21:34:24,https://www.reddit.com/r/sex/comments/1vfuxfg/comment/p1xubhu/,未提及,,,,,sentiment
情感类社区,r/sex,p1xtos8,1vgj6ji,Common-Ad6470,"A few appreciative moans and running your fingers through his hair would be a good start, right up to shrieks of pleasure and grabbing both ears and forcing his face deeper to really show your appreciation…",几声感激的呻吟和手指穿过他的头发会是个好开始，直到快乐的尖叫、抓住他双耳把脸按得更深，真正表达你的感激……😁,2026-08-05 21:31:24,https://www.reddit.com/r/sex/comments/1vgj6ji/comment/p1xtos8/,04_使用场景-情境场景-配合色情内容,,,,,sentiment
情感类社区,r/sex,p1xsxt2,1vggkye,bourquetheman,"This floors me as my wife and I have not only had a declining sex life, but oral was taken off the table ten years ago, both her giving and letting me go down on her! Like I was let down enough by her refusing to go down on me, but I was still game to go down on her but she's even taken that off the table. Like others have mentioned I really get turned on going down on a woman so imagine how floored I get hearing your predicament? My suggestion? This boyfriend not turn into your husband. Trust me.",这让我震惊，因为我妻子和我不仅性生活下降，而且口交在十年前就被拿掉了，包括她给我口和让我给她口！她拒绝给我口已经够让我失望，但我仍然愿意给她口，她甚至把那个也拿掉了。像其他人提到的，我真的很喜欢给女人口，所以想象我听到你的困境有多震惊？我的建议？这个'男朋友'别变成你的丈夫。相信我。,2026-08-05 21:27:54,https://www.reddit.com/r/sex/comments/1vggkye/comment/p1xsxt2/,05_使用阻碍-伴侣关系-感情隐患,,,,,sentiment
情感类社区,r/sex,p1xsvr5,1vgjy9m,Evangeline__R,"Idk if this is stupid advice, but text him. I'm not kidding. Like, the stuff that I couldn't say in person but had no problem saying it when texting. Then when it was out there, I could talk about it more in person. Baby steps. Also, you don't have to be very specific or tell him every single thing that you have in mind in one go. Tell him you want to try something new or tell him there's something you're curious about and start with very simple and tame things, that'll give you more courage when you want to get to the good stuff.",不知道这是不是愚蠢的建议，但给他发短信。我不是开玩笑。比如，我当面说不出口但发短信没问题的东西。然后当它说出来了，我能更多当面谈。小步走。而且，你不必一次很具体或告诉他你想的每一件事。告诉他你想试点新的或告诉他你有什么好奇的，从非常简单温和的事开始，那会在你想进入正题时给你更多勇气。,2026-08-05 21:27:38,https://www.reddit.com/r/sex/comments/1vgjy9m/comment/p1xsvr5/,06_克服方式-心理调适-学习知识,,,,,sentiment
情感类社区,r/sex,p1xrast,1vgj6ji,Bluetoes1,"Relax and let loose. Be vocal if you are comfortable. Use different sounds to let him know what feels better, to sort of guide him.",放松、放开。如果舒服就出声。用不同的声音让他知道什么感觉更好，有点像引导他。,2026-08-05 21:20:10,https://www.reddit.com/r/sex/comments/1vgj6ji/comment/p1xrast/,未提及,,,,,sentiment
情感类社区,r/sex,p1xr98y,1vgj6ji,Wolfdreama,Appreciate it! Some of us have men that don't like to do that. :(,感激！我们有些人有不喜欢那样做的男人。:(,2026-08-05 21:19:58,https://www.reddit.com/r/sex/comments/1vgj6ji/comment/p1xr98y/,未提及,,,,,sentiment
情感类社区,r/sex,p1xqv8y,1vfb4bv,Cleopatra456,Why is her orgasm less important than yours?,为什么她的高潮没有你的重要？,2026-08-05 21:18:09,https://www.reddit.com/r/sex/comments/1vfb4bv/comment/p1xqv8y/,05_使用阻碍-伴侣关系-感情隐患,,,,,sentiment
情感类社区,r/sex,p1xqh7r,1vgj6ji,Krimmothy,I'm a guy but I have the same issue. I feel SO awkward when receiving oral sex.,我是男人，但我有同样的问题。接受口交时我超尴尬。,2026-08-05 21:16:17,https://www.reddit.com/r/sex/comments/1vgj6ji/comment/p1xqh7r/,05_使用阻碍-心理状态-羞耻愧疚,,,,,sentiment
情感类社区,r/sex,p1xqt95,1vgjy9m,my_less_public_acc,well that makes me feel better :) thank you.,嗯那让我好受些 :) 谢谢。,2026-08-05 21:17:53,https://www.reddit.com/r/sex/comments/1vgjy9m/comment/p1xqt95/,未提及,,,,,sentiment
情感类社区,r/sex,p1xqx7s,1vgjy9m,my_less_public_acc,you have a very valid point.,你有一个非常有效的观点。,2026-08-05 21:18:24,https://www.reddit.com/r/sex/comments/1vgjy9m/comment/p1xqx7s/,未提及,,,,,sentiment
情感类社区,r/sex,p1xptz4,1vgj6ji,EventHorizonHotel,"Run your fingers through his hair, maybe pull it a little depending on the mood. Move around a little to show him the right spots. Moan a little, say yeah, etc. Rest your legs or feet on his back depending on the position you are in.",手指穿过他的头发，也许根据情绪轻轻拉一下。稍微动一动告诉他正确的位置。轻轻呻吟，说'对'之类的。根据姿势把腿或脚放在他背上。,2026-08-05 21:13:17,https://www.reddit.com/r/sex/comments/1vgj6ji/comment/p1xptz4/,未提及,,,,,sentiment
情感类社区,r/sex,p1xpnjh,1vgh95x,Low-Butterscotch6734,You are a woman. You deserve to be worshipped and if men globally would just start worshipping women like nature intended everyone would be happier. Think of all the bits of their bodies you maybe didn't think were 10/10!,你是女人。你值得被崇拜，如果全球男人开始像自然本意那样崇拜女人，每个人都会更快乐。想想你可能不觉得 10/10 的身体部位！,2026-08-05 21:12:26,https://www.reddit.com/r/sex/comments/1vgh95x/comment/p1xpnjh/,未提及,,,,,sentiment
情感类社区,r/sex,p1xplw6,1vgj6ji,YFN_KushGod,"Rub his head, rub your nipples, or just relax.",摸他的头，摸你的乳头，或就放松。,2026-08-05 21:12:13,https://www.reddit.com/r/sex/comments/1vgj6ji/comment/p1xplw6/,未提及,,,,,sentiment
情感类社区,r/sex,p1xpg9f,1vgjy9m,Flipnach,It took us 4-5 years I believe to get some wilder point :) The reason can be it is just natural for you and all the online stuff was nice RP and play pretend. I also have some fantasies which are hot and all online but I wouldn't really do them IRL probably. Which is OK.,我相信花了我们 4-5 年才到更狂野的点 :) 原因可能是那对你来说很自然，所有网上的东西是好的角色扮演和假装。我也有一些幻想在网上很火但我大概不会在现实中做。那没关系。,2026-08-05 21:11:29,https://www.reddit.com/r/sex/comments/1vgjy9m/comment/p1xpg9f/,未提及,,,,,sentiment
情感类社区,r/sex,p1xp3bu,1vgjy9m,my_less_public_acc,Well that's good to know that she eventually explored so much!! But i'm thinking it's been 2 years and i'm still so shy when it comes to intimacy and I don't even know the reason? I always tell myself i want to try x y or z with him and i just don't.,知道她最终探索了那么多很好！！但我想已经 2 年了，我在亲密时还是那么害羞，我甚至不知道原因？我总是告诉自己我想和他试 x y 或 z，但我就是不会 😭,2026-08-05 21:09:48,https://www.reddit.com/r/sex/comments/1vgjy9m/comment/p1xp3bu/,05_使用阻碍-心理状态-羞耻愧疚,,,,,sentiment
情感类社区,r/sex,p1xotzp,1vgjy9m,BrokenExtrovert,I think a lot of people are going to come here and repeat something similar to what I'm going to say. Talk to your partner. Communication is key to any relationship and if being kinky with your partner is important being able to talk to them about is the way forward. I can't speak to exercises to help with your shyness but sometimes you gotta take that leap and just say the thing. Best of luck OP!,我想很多人会来这里重复类似我将要说的话。和你的伴侣谈。沟通是任何关系的关键，如果和伴侣玩性癖对你重要，能和他们谈是前进的路。我不能说帮助害羞的练习，但有时你得跳那一下，直接说出来。祝好运 OP！,2026-08-05 21:08:37,https://www.reddit.com/r/sex/comments/1vgjy9m/comment/p1xotzp/,06_克服方式-心理调适-学习知识,,,,,sentiment
情感类社区,r/sex,p1xoqyw,1vgj6ji,bobcwd,Hands on his head guiding him to where it feels the best. I'm a big fan of when a woman grabs a hold of a handful of my hair and grinds her wet pussy on my face and tongue. Let him know exactly how you like it since all women are a little different. Dirty talk as he licks you is always a winner!,手放在他头上引导他到感觉最好的地方。我是女人抓一把我的头发把湿逼磨在我脸上和舌头上的大粉丝。让他确切知道你喜欢怎么弄，因为所有女人都有点不同。他舔你时说脏话总是赢家！,2026-08-05 21:08:13,https://www.reddit.com/r/sex/comments/1vgj6ji/comment/p1xoqyw/,未提及,,,,,sentiment
情感类社区,r/sex,p1xojs1,1vgj6ji,Possible_Llama_1636,"Many people find giving pleasure intensely erotic so you enjoying it is probably really hot for him. You can make it better for both of you by being expressive and by giving feedback. Either directly with words and instructions like faster, slower, less pressure, big circles, now with fingers please... tune into what sensations feel good in that moment and then help him do it better. Ask to change it up when you want that. Or ask him to keep going exactly like that when it's hitting the right buttons. You can also give feedback that's less verbal - grabbing a fistful of his hair with changing intensity that communicates what you're liking, using your hands to hold the sides of his head, repositioning yourself under/over him. Sounds like you found a situationship that could be great for experimenting and exploring how your body likes to be touched :)",很多人发现给予快乐强烈色情，所以你享受可能对他来说真的火。你可以通过有表现力和给反馈让双方都更好。直接用话语和指令像更快、更慢、轻点、大圈、现在用指头……调谐那一刻什么感觉好，然后帮他做得更好。想要时要求改变。或当它对上按钮时让他完全那样继续。你也可以给不太语言的反馈——抓一把他的头发用变化的强度传达你喜欢的，用手握住他头两侧，在你/他身上重新定位。听起来你找到了一个对实验和探索你身体喜欢怎样被触摸很棒的情境关系 :),2026-08-05 21:07:17,https://www.reddit.com/r/sex/comments/1vgj6ji/comment/p1xojs1/,未提及,,,,,sentiment
情感类社区,r/sex,p1xohlr,1vfuxfg,locksr01,My wife is just like you. But a fresh washed pussy tastes and smells like nothing. When I go down I want a pussy to smell and taste like a pussy. As long as it's been washed within the last 24 hours it's good. A little sweat is no big deal.,我妻子就像你。但刚洗过的逼尝起来闻起来没什么。我下去时想要逼闻起来尝起来像逼。只要过去 24 小时内洗过就行。一点汗没什么大不了。,2026-08-05 21:07:00,https://www.reddit.com/r/sex/comments/1vfuxfg/comment/p1xohlr/,未提及,,,,,sentiment
情感类社区,r/sex,p1xnze6,1vgj6ji,bradpitt3,"Let him know you appreciate the attention he is giving you. Let him know what is good or great. For the bits which you enjoy less or he does less well then give him feedback....I enjoy it when you do it like this (even if he doesn't). That's nice when it's slower, firmer, faster, wetter...whatever. Have you ever done it like this...",让他知道你感激他给你的关注。让他知道什么是好的或棒的。对于你享受较少或他做得不太好的部分，给他反馈……我喜欢你这样做的（即使他不）。慢点、硬点、快点、湿点……什么的都行。你试过这样做吗……,2026-08-05 21:04:42,https://www.reddit.com/r/sex/comments/1vgj6ji/comment/p1xnze6/,未提及,,,,,sentiment
情感类社区,r/sex,p1xnugt,1vgagwa,askallthequestions86,Someone fucking did that to me without consent. Hard. Broken skin. It got super infected because human mouths are filthy. I now have a scar there.,有人没经我同意对我那样做了。很重。皮肤破了。因为人的嘴很脏，它严重感染了。我现在那里有个疤。,2026-08-05 21:04:03,https://www.reddit.com/r/sex/comments/1vgagwa/comment/p1xnugt/,未提及,,,,,sentiment
情感类社区,r/sex,p1xnk2y,1vggkye,latingirlisabel,"When I started dating my gf I always felt my jaws the day after, this kinda sore feeling, but it didn't stop me from eating her out every time and after a while my jaws got used to it. Not only does he need to do it more often, you shouldn't have to ask for it. If he knows you like it, he should offer it himself. If he doesn't like the smell or taste while your hygiene is good, then he's not really into eating pussy and just making excuses. Sorry, I know that's not what you wanna hear, but it's the truth.",我开始和我女友约会时，第二天总觉得下巴酸，但这种酸痛没有阻止我每次给她口，一段时间后我的下巴习惯了。不仅他需要更常做，你也不该需要要求。如果他知道你喜欢，他应该自己主动。如果你的卫生很好而他仍不喜欢气味或味道，那他其实不喜欢吃逼，只是在找借口。抱歉，我知道那不是你想听的，但这是事实。,2026-08-05 21:02:44,https://www.reddit.com/r/sex/comments/1vggkye/comment/p1xnk2y/,05_使用阻碍-伴侣关系-感情隐患,,,,,sentiment
情感类社区,r/sex,p1xp25m,1vgj6ji,Throwaway-67-hi,"Just relax. Don't feel pressure to look a certain way, or make certain noises. And do not be afraid to direct them.",就放松。别感到压力要看起来某种样子或发出某种声音。别害怕引导他们。,2026-08-05 21:09:40,https://www.reddit.com/r/sex/comments/1vgj6ji/comment/p1xp25m/,未提及,,,,,sentiment
情感类社区,r/relationship_advice,p1z29g8,1vgooh4,dca_user,And I hope you get therapy for your trauma.,我希望你为你的创伤接受治疗。,2026-08-05 23:26:08,https://www.reddit.com/r/relationship_advice/comments/1vgooh4/comment/p1z29g8/,06_克服方式-心理调适-学习知识,,,,,sentiment
情感类社区,r/relationship_advice,p1z26l6,1vgpo30,ayluO_o,"i don't want to change him!!! i just want him to be a better version of himself that i know for a fact that's in there. if it doesn't happen i'll love him anyway. i surely know i can be better too. i would never say that to him tho, i feel it's very patronizing, but i say it in a loving way, where i would like to explore what's within him.",我不想改变他！！！我只是想让他成为我知道里面存在的那更好的自己。如果没有发生，我无论如何都会爱他。我当然知道自己也能更好。不过我从不会对他说那个，我觉得那太说教了，但我以爱的方式说，我想探索他内在的东西。,2026-08-05 23:25:42,https://www.reddit.com/r/relationship_advice/comments/1vgpo30/comment/p1z26l6/,06_克服方式-心理调适-接纳自我,,,,,sentiment
情感类社区,r/relationship_advice,p1z25ib,1vgpjpj,Iwentforalongwalk,"Tell him to leave. Or, just stop taking care of him. You're enabling his behavior by continuing to help him. Do leave him to fend for himself. He'll figure it out.",让他离开。或者，就停止照顾他。你继续帮他是在助长他的行为。让他自生自灭吧。他会想通的。,2026-08-05 23:25:32,https://www.reddit.com/r/relationship_advice/comments/1vgpjpj/comment/p1z25ib/,05_使用阻碍-伴侣关系-感情隐患,,,,,sentiment
情感类社区,r/relationship_advice,p1z25d3,1vgpl79,km4098,"My friend if he's the best man you've ever been with, you need to up your standards. I swear the bar for men is a tavern in Hades.",朋友，如果他是你相处过最好的男人，你需要提高你的标准。我发誓男人的标准线是地狱里的酒馆。,2026-08-05 23:25:30,https://www.reddit.com/r/relationship_advice/comments/1vgpl79/comment/p1z25d3/,未提及,,,,,sentiment
情感类社区,r/relationship_advice,p1z235s,1vg9307,Solid_Appearance9498,Who reads articles on couples finances for fun? Bro get a grip.,谁为了好玩读夫妻财务文章？兄弟清醒点。,2026-08-05 23:25:09,https://www.reddit.com/r/relationship_advice/comments/1vg9307/comment/p1z235s/,未提及,,,,,sentiment
情感类社区,r/relationship_advice,p1z22ki,1vgp684,IndicationKey3778,He hates you. Date someone else.,他恨你。和别人约会吧。,2026-08-05 23:25:04,https://www.reddit.com/r/relationship_advice/comments/1vgp684/comment/p1z22ki/,05_使用阻碍-伴侣关系-感情隐患,,,,,sentiment
情感类社区,r/relationship_advice,p1z21f9,1vg9307,patthedog15241524,Here's what I did. My first marriage we combined our finances. She did most of the work. Turns out she was horrible at it. My second marriage we kept it separate for 15 years. I paid my share and she paid hers. I made more money so we made sure it was fair. She wasn't happy about my financial trust issues with letting someone else control my finances. Eventually we combined them. It took years. But I finally felt she wasn't going to bankrupt me. It takes time to trust.,这是我做的。我第一次婚姻我们合并了财务。她做大部分工作。结果她非常不擅长。第二次婚姻我们保持分开 15 年。我付我的份额她付她的。我赚更多所以确保公平。她对我的财务信任问题不满意——不让她人控制我的财务。最终我们合并了。花了好几年。但我终于觉得她不会让我破产。建立信任需要时间。,2026-08-05 23:24:54,https://www.reddit.com/r/relationship_advice/comments/1vg9307/comment/p1z21f9/,06_克服方式-心理调适-学习知识,,,,,sentiment
情感类社区,r/relationship_advice,p1z214z,1vg6ba2,nonequilibriumphys,"Have you considered the effect moving away from her support system might have on her? If you would consider the relationship again, you need to get on the same page about the scary parts of having children, whether bio or through adoption. She might be worried about giving up her autonomy at the same time as moving away from her support system. Have you discussed logistics? Who would be taking on most of the child rearing? Definitely don't take her back before you fully understand what has freaked her out enough to end the relationship. Also before any talks, answer some questions for yourself, such as would you be willing to move across the country for her?",你考虑过搬离她的支持系统对她的影响吗？如果你会考虑重新开始关系，你需要在要孩子的可怕部分达成一致，无论是亲生的还是领养。她可能同时担心放弃自主权和搬离她的支持系统。你们讨论过后勤吗？谁将承担大部分育儿？在你完全理解是什么吓到她到结束关系之前，绝对不要把她接回来。另外在任何谈话前，为自己回答一些问题，比如你愿意为她搬到全国另一头吗？,2026-08-05 23:24:51,https://www.reddit.com/r/relationship_advice/comments/1vg6ba2/comment/p1z214z/,06_克服方式-心理调适-学习知识,,,,,sentiment
情感类社区,r/relationship_advice,p1z214x,1vgq3jh,Competitive-Range637,She told me she thought someone else could make me happier. Someone else is making her happier.,她说她以为别人能让我更快乐。是别人让她更快乐。,2026-08-05 23:24:51,https://www.reddit.com/r/relationship_advice/comments/1vgq3jh/comment/p1z214x/,未提及,,,,,sentiment
情感类社区,r/relationship_advice,p1z1zc7,1vgmcx1,lollipopfiend123,"Have you tried spraying him with a squirt bottle? But seriously, how does this man improve your life? What would be worse for you if you left him?",你试过用喷水瓶喷他吗？但说真的，这个男人如何改善你的生活？离开他有什么会更糟？,2026-08-05 23:24:35,https://www.reddit.com/r/relationship_advice/comments/1vgmcx1/comment/p1z1zc7/,05_使用阻碍-伴侣关系-感情隐患,,,,,sentiment
情感类社区,r/relationship_advice,p1z1vc1,1vgpjpj,Only-Breadfruit-6108,What can you do? Reevaluate all of your life choices.,你能做什么？重新评估你所有的人生选择。,2026-08-05 23:23:58,https://www.reddit.com/r/relationship_advice/comments/1vgpjpj/comment/p1z1vc1/,未提及,,,,,sentiment
情感类社区,r/relationship_advice,p1z1vbi,1vgpo30,TheSpeckledSir,"Yes, I understand. You only suggested ways that he could change to make you like him better. Why do you think that doesn't add pressure?",是的，我理解。你只是*建议*了他能改变让你更喜欢他的方式。你为什么觉得那不增加压力？,2026-08-05 23:23:58,https://www.reddit.com/r/relationship_advice/comments/1vgpo30/comment/p1z1vbi/,未提及,,,,,sentiment
情感类社区,r/relationship_advice,p1z1tjc,1vgq3jh,sealsintheocean,"As a woman, I think that's a filler excuse for breaking up and she probably has another motive. I think unless you need closure with the breakup and need to better understand what happened I wouldn't reach out.",作为女人，我认为那是分手的敷衍借口，她可能有其他动机。我认为除非你需要分手后的了结和更好地理解发生了什么，否则我不会联系。,2026-08-05 23:23:42,https://www.reddit.com/r/relationship_advice/comments/1vgq3jh/comment/p1z1tjc/,未提及,,,,,sentiment
情感类社区,r/relationship_advice,p1z1p6u,1vgq3jh,Cull_The_Conquerer,"What's right and wrong is just a construct fabricated by a collection of societal matters. Point is, don't stress about what is right and what is wrong when it comes to a relationship. What would checking in with her give you? And how does that feel for you?",对错只是社会事物集合制造的建构。重点是，在关系上别纠结什么是对什么是错。和她确认会给你什么？那对你感觉如何？,2026-08-05 23:23:02,https://www.reddit.com/r/relationship_advice/comments/1vgq3jh/comment/p1z1p6u/,未提及,,,,,sentiment
情感类社区,r/relationship_advice,p1z1kxe,1vg2zee,Realistic_Regret_180,I would also be looking at cash withdrawals especially when he travels for work.,我也会关注现金取款，尤其当他出差时。,2026-08-05 23:22:24,https://www.reddit.com/r/relationship_advice/comments/1vg2zee/comment/p1z1kxe/,未提及,,,,,sentiment
情感类社区,r/relationship_advice,p1z0i5o,1vgmcx1,beepdeeped,Get your fucked up rapey logic out of here dawg.,把你那操蛋的强奸犯逻辑拿走，兄弟。,2026-08-05 23:16:31,https://www.reddit.com/r/relationship_advice/comments/1vgmcx1/comment/p1z0i5o/,未提及,,,,,sentiment
情感类社区,r/relationship_advice,p1z0hhc,1vg276b,Thinkshespecial,"Her reaction would be enough for me to nope out, sounds like she's insanely insecure.",她的反应足以让我退出，听起来她极度没有安全感。,2026-08-05 23:16:25,https://www.reddit.com/r/relationship_advice/comments/1vg276b/comment/p1z0hhc/,05_使用阻碍-心理状态-焦虑,,,,,sentiment
情感类社区,r/relationship_advice,p1z0hih,1vg276b,_sk3llwo_,she sounds boring and super closed minded. ://,她听起来无聊且超级思想封闭。://,2026-08-05 23:16:25,https://www.reddit.com/r/relationship_advice/comments/1vg276b/comment/p1z0hih/,未提及,,,,,sentiment
情感类社区,r/relationship_advice,p1z0ef2,1vgp684,Revolutionary_Ad1846,He does it because he doesn't love you. Why are you with him? I wouldn't put up with ONE of those items LET ALONE ALL FIVE.,他这样做是因为他不爱你。你为什么和他在一起？我连其中一项都不会容忍，更别说全部五项。,2026-08-05 23:15:57,https://www.reddit.com/r/relationship_advice/comments/1vgp684/comment/p1z0ef2/,05_使用阻碍-伴侣关系-感情隐患,,,,,sentiment
情感类社区,r/relationship_advice,p1z0e07,1vgpo30,Significant_Pen_3642,"i think you hurt him because it probably sounded like you wanted him to be someone else. if you need constant deep conversations and he doesn't, that sounds more like incompatibility than something he needs to fix.",我觉得你伤害了他，因为那听起来可能像你想让他成为别人。如果你需要持续的深入对话而他不需要，那听起来更像不兼容而不是他需要修复的东西。,2026-08-05 23:15:53,https://www.reddit.com/r/relationship_advice/comments/1vgpo30/comment/p1z0e07/,05_使用阻碍-伴侣关系-感情隐患,,,,,sentiment
情感类社区,r/relationship_advice,p1z0cvq,1vewbyg,Odd_Isopod6532,"You were having a discussion about boundaries regarding opposite sex sleepovers and ex partners and agreed you both would not pursue relationships with someone who engaged in those activities. Well there is your answer. Why would you pursue a relationship with her after you agreed you wouldn't do that. Yes it hurts to walk away, but it's going to hurt worse when she cheats on you again.",你们之前讨论过关于异性过夜和前伴侣的边界，并同意你们都不会和参与那些活动的人交往。那就是你的答案。你同意不会那样做之后，为什么要追求和她交往？是的，离开很痛，但当她又背叛你时会更痛。,2026-08-05 23:15:43,https://www.reddit.com/r/relationship_advice/comments/1vewbyg/comment/p1z0cvq/,06_克服方式-心理调适-降低预期,,,,,sentiment
情感类社区,r/relationship_advice,p1z0c60,1vglmlw,bebzon1324,Depends whether her priority is being a wife or a wedding.,取决于她的优先是当妻子还是办婚礼。,2026-08-05 23:15:36,https://www.reddit.com/r/relationship_advice/comments/1vglmlw/comment/p1z0c60/,未提及,,,,,sentiment
情感类社区,r/relationship_advice,p1z0as3,1vgco41,SecretCurve3898,"You aren't compatible anymore. This is clearly a deal breaker for you which is totally valid. It's gonna hurt, but someone is going to have to give at some point.",你们不再兼容了。这对你显然是破坏关系的事，完全正当。会很痛，但总有一天有人要退让。,2026-08-05 23:15:23,https://www.reddit.com/r/relationship_advice/comments/1vgco41/comment/p1z0as3/,05_使用阻碍-伴侣关系-感情隐患,,,,,sentiment
情感类社区,r/relationship_advice,p1z0ae3,1vgp684,Secure-Corner-2096,Your boyfriend is abusive. End the relationship. Women don't tolerate this any longer.,你男友是虐待者。结束关系。女人不再容忍这个了。,2026-08-05 23:15:20,https://www.reddit.com/r/relationship_advice/comments/1vgp684/comment/p1z0ae3/,05_使用阻碍-伴侣关系-感情隐患,,,,,sentiment
情感类社区,r/relationship_advice,p1z0afx,1vgpo30,TheSpeckledSir,"You've described him as introverted and quiet, but you would prefer him to come across as passionate and talkative, like you. How do you suppose that isn't asking him to change?",你把他描述为内向安静，但你希望他表现得像你一样热情健谈。你怎么认为那不是要求他改变？,2026-08-05 23:15:20,https://www.reddit.com/r/relationship_advice/comments/1vgpo30/comment/p1z0afx/,未提及,,,,,sentiment
情感类社区,r/relationship_advice,p1z08zx,1vgp684,bob_apathy,"Because he's an abusive narcissistic asshole. He also does it for the same reasons all abusers do, they want to hurt their victims. It's a choice. Maybe you should consider making your own choice and find a better life because this one will make you broken.",因为他是个虐待性的自恋混蛋。他做这些和所有施虐者一样的原因，他们想伤害受害者。这是选择。也许你该考虑做自己的选择，找个更好的生活，因为这个会让你破碎。,2026-08-05 23:15:07,https://www.reddit.com/r/relationship_advice/comments/1vgp684/comment/p1z08zx/,05_使用阻碍-伴侣关系-感情隐患,,,,,sentiment
情感类社区,r/relationship_advice,p1z08rj,1vgp684,reverievt,He's an asshole.,他是混蛋。,2026-08-05 23:15:05,https://www.reddit.com/r/relationship_advice/comments/1vgp684/comment/p1z08rj/,未提及,,,,,sentiment
情感类社区,r/relationship_advice,p1z06fo,1vgkvze,Kyz_doesReddit,"I do think this is worth saying and I've really really struggled to find a way to make it gentle/tactful, so I'm going to apologize in advance if it's a little direct: Fiance did Work - I'm sure we can both agree on that. She is betting everything on Jerkwad - financial, familial hopes, social structure, etc ad nauseam, and allowed a much higher risk to all those things than the average human being in the English speaking world, with the cornerstone of that all being an assumption of radical honesty from Jerkwad. I guess I just challenge you to sit with how you can find someone who would lie and cheat and manipulate someone who did all that instead of being honest and working through and negotiating and doing the right thing by both of you - the kindest guy, let alone merit your LOVE? Like, he's choosing to cast you in this role and keep you in it, why would you keep giving your heart to a person painting you into the corner of Other Ladyhood. Also, like, real talk - you think getting cheated on in a mono relationship hurts? Imagine it when pretty much anything is fair game and your partner still chooses that route.",我确实认为这值得说，我真的很努力找一种温柔/得体的方式，所以如果有点直接我先道歉：未婚妻做了工作——我相信我们能同意。她把一切都押在混蛋上——财务、家庭希望、社会结构等等，让所有那些比英语世界平均水平高得多的风险，而这一切的基石是假设混蛋会彻底诚实。我想我只是挑战你坐下来想想，你怎么能找到会欺骗和操纵一个做了这一切的人，而不是诚实、解决、谈判、对你们俩做正确的事——'最善良的家伙'，更别说配得上你的爱？就像，他选择把你放在那个角色里并让你留在那里，你为什么要把心给一个把你画进'别人妻子'角落的人？另外，说真的——你认为在一夫一妻关系中被背叛很痛？想象几乎什么都是公平游戏而你的伴侣仍然选择那条路时。,2026-08-05 23:15:04,https://www.reddit.com/r/relationship_advice/comments/1vgkvze/comment/p1z06fo/,05_使用阻碍-伴侣关系-感情隐患,,,,,sentiment
情感类社区,r/relationship_advice,p1yzlzt,1vgijgc,WeeklyConversation8,"You're gonna have to move or they will never leave you alone. Someone you know who knows them, told them. You need to find out who the snake is and cut them off permanently. You're not safe there. If you buy another house as someone else said buy it under an LLC. Lock down all your SM. Freeze your credit if you live somewhere where that's an option.",你得搬家，否则他们永远不会放过你。你认识的某个认识他们的人告诉了他们。你需要找出蛇是谁并永久切断。你在那不安全。如果你买另一栋房子，像别人说的，用 LLC 买。锁死你所有社交媒体。如果可能冻结你的信用。,2026-08-05 23:11:38,https://www.reddit.com/r/relationship_advice/comments/1vgijgc/comment/p1yzlzt/,06_克服方式-心理调适-接纳自我,,,,,sentiment
情感类社区,r/relationship_advice,p1yzkjp,1vg9307,Hawk833,"30 years old and you just learned people do things differently from your family.... Personally, account for me, account for my SO and a joint account for bills/expenses split proportionally. That way we each take care of our own money and we both are able to save money.",30 岁了，你刚学到人们做事方式和你家不同……个人来说：我的账户、我伴侣的账户，加一个按比例分摊账单/开销的联合账户。这样我们各自照顾自己的钱，也都能存钱。,2026-08-05 23:11:25,https://www.reddit.com/r/relationship_advice/comments/1vg9307/comment/p1yzkjp/,06_克服方式-心理调适-学习知识,,,,,sentiment
情感类社区,r/relationship_advice,p1yzjqe,1vgp684,Rookie-Quill,"well, if he's adamant to not improving, then there's no other way. Either get comfortable with it or say directly that if it continues you can't stay.",嗯，如果他坚决不改进，那就没有别的办法。要么习惯它，要么直接说如果继续你就不能留下。,2026-08-05 23:11:17,https://www.reddit.com/r/relationship_advice/comments/1vgp684/comment/p1yzjqe/,06_克服方式-心理调适-降低预期,,,,,sentiment
情感类社区,r/relationship_advice,p1yzj2e,1vgpl79,TheSpeckledSir,I don't know about this. It sounds like she expressed a clear preference for an exclusive and committed relationship and he tried to slip in one last hurrah for the road.,我不确定。听起来她明确表达了想要排他和承诺的关系，而他试图偷偷来最后一炮。,2026-08-05 23:11:11,https://www.reddit.com/r/relationship_advice/comments/1vgpl79/comment/p1yzj2e/,05_使用阻碍-伴侣关系-感情隐患,,,,,sentiment
情感类社区,r/relationship_advice,p1yzhyn,1vgpl79,bluefontaine,Tell him the truth. He's also a sloppy player. Why would you settle?,告诉他真相。他也是个糟糕的玩家。你为什么要将就？,2026-08-05 23:11:02,https://www.reddit.com/r/relationship_advice/comments/1vgpl79/comment/p1yzhyn/,未提及,,,,,sentiment
情感类社区,r/relationship_advice,p1yzf60,1vgpjpj,ThickyIckyGyal,How people handle themselves in hard or uncomfortable circumstances says a lot about them. Not worth continuing to deal with.,人们在艰难或不舒服的情况下如何表现很能说明他们。不值得继续处理。,2026-08-05 23:10:35,https://www.reddit.com/r/relationship_advice/comments/1vgpjpj/comment/p1yzf60/,05_使用阻碍-伴侣关系-感情隐患,,,,,sentiment
情感类社区,r/relationship_advice,p1yzew7,1vg8vda,ChicksDigGiantRob0ts,"I really hate men (and it's often men) like this, who use autism or ADHD diagnoses as an excuse to harm people. And anytime someone pushes back, it becomes you just don't understand/you're ableist/you're being a bad person/etc. It makes people with autism look awful. Like, anyone allistic who meets this guy and has to put up with his No it's just my autism that means I get to control anything I do AND anything you do schtick is going to come away with the impression that autism makes you a jackass.",我真的很讨厌这种人（而且往往是男人），用自闭症或多动症诊断作为伤害人的借口。每当有人反驳，就变成'你只是不理解/你是能力主义者/你是坏人'等等。这让自闭症患者看起来很糟。比如，任何遇到这男人、不得不忍受他'不，只是我的自闭症意味着我能控制我做的任何事和你做的任何事'把戏的非自闭症人都会留下'自闭症让你成为混蛋'的印象。,2026-08-05 23:10:33,https://www.reddit.com/r/relationship_advice/comments/1vg8vda/comment/p1yzew7/,05_使用阻碍-伴侣关系-感情隐患,,,,,sentiment
情感类社区,r/relationship_advice,p1yzd4y,1vgp684,Defiant_Shine_1450,He doesn't like you. Most men don't actually like women.,他不喜欢你。大多数男人其实不喜欢女人。,2026-08-05 23:10:17,https://www.reddit.com/r/relationship_advice/comments/1vgp684/comment/p1yzd4y/,05_使用阻碍-伴侣关系-感情隐患,,,,,sentiment
情感类社区,r/relationship_advice,p1yz9nt,1vgp684,PeachAndBlueberry,"What I make of those behaviors is that he's unpleasant: calling you dumb and dummy? And multiple times a day? Those aren't OK, period. They're belittling. Those are the kinds of things people say when they want someone to feel small, maybe to help themselves feel big. It sucks and it's immature and moronic. Pinching you and bugging you about your very healthy weight? Being nitpicky about your house and criticizing your mild swearing sound like control things. You've been trying to work on things with him, and he hasn't changed. Only you can decide when to give up, but I'd say give up now. Good luck.",我对那些行为的理解是他令人不快：叫你'笨'和'蠢'？一天多次？那些绝对不行。那是贬低。那是人们想让某人感到渺小时说的话，也许帮自己感到高大。很糟、不成熟、愚蠢。捏你、唠叨你非常健康的体重？对你房子吹毛求疵、批评你温和的脏话听起来像控制的事。你一直在努力和他改善，他没变。只有你能决定何时放弃，但我会说现在就放弃。祝好运。,2026-08-05 23:09:45,https://www.reddit.com/r/relationship_advice/comments/1vgp684/comment/p1yz9nt/,05_使用阻碍-伴侣关系-感情隐患,,,,,sentiment
情感类社区,r/relationship_advice,p1yz9kh,1vfozy6,ChillWisdom,All of his logical explanations all add up to the same thing. He didn't care about you enough to be proactive about finding you something to eat. The 30 minutes that he was using to play basketball he could have gone to a fast food place and picked you up some food if everything else was packed up and he felt bad getting into the stuff that his mother had already put in containers or whatever. He is unintelligent and useless and doesn't value you as a partner or as a friend. He probably really likes that you put up with all his crap and keep coming back for more. Stop it.,他所有'合逻辑'的解释都归结为同一件事。他没够关心你，没有主动为你找吃的。他用来打篮球的 30 分钟本可以去快餐店给你带点吃的，如果其他都收拾了、他觉得动他妈已装盒的东西不好。他不聪明没用，不把你当伴侣或朋友珍视。他可能真的很喜欢你容忍他所有垃圾还回来要更多。停止。,2026-08-05 23:09:44,https://www.reddit.com/r/relationship_advice/comments/1vfozy6/comment/p1yz9kh/,05_使用阻碍-伴侣关系-感情隐患,,,,,sentiment
情感类社区,r/relationship_advice,p1yz7ik,1vg276b,paradigm_shifted2,"When I suggested something similar to my wife not only was she excited, she asked if she could help me shop for one, or more than one. This girl isn't the one for you.",当我向妻子建议类似的事时，她不仅兴奋，还问能不能帮我选一个或多个。这个女孩不适合你。,2026-08-05 23:09:25,https://www.reddit.com/r/relationship_advice/comments/1vg276b/comment/p1yz7ik/,未提及,,,,,sentiment
情感类社区,r/relationship_advice,p1yz633,1vgb5ga,Live_Ferret_4721,QUESTION!!! Was this man briefly engaged in 12/2025 and newly accepted to med school? He also cheated on her and she dumped him? He asked her if she would get back together with him because he got into med school and she said No!,问题！！！这个男人是否在 2025 年 12 月短暂订婚并刚被医学院录取？他也背叛了她而她甩了他？他问她会不会因为进医学院而复合，她说不！,2026-08-05 23:09:12,https://www.reddit.com/r/relationship_advice/comments/1vgb5ga/comment/p1yz633/,未提及,,,,,sentiment
情感类社区,r/relationship_advice,p1yyovd,1vglmlw,magus448,She would rather rush things and be a bride rather than listen to reason about having a stable life first. The marriage won't last if she rushes it and they have financial troubles. But no she wants it just for the dress up and party rather than have a good relationship.,她宁愿匆忙行事当新娘，也不愿听先有稳定生活的道理。如果她匆忙结婚而他们有财务问题，婚姻不会持久。但不要，她只是想要打扮和派对，而不是好的关系。,2026-08-05 23:06:37,https://www.reddit.com/r/relationship_advice/comments/1vglmlw/comment/p1yyovd/,未提及,,,,,sentiment
情感类社区,r/relationship_advice,p1yyn88,1vgou4w,ChemistryPerfect4534,"Maybe. Maybe not. Being able to stay friends with an ex is a giant green flag, so I don't really see an issue. Even if you see it otherwise, it certainly isn't a case of the previous guys not putting the work in. Your continued take on this is gross and utterly unsupported by what she has said.",也许。也许不。能和前任保持朋友是巨大的绿灯，所以我不太看到问题。即使你另作看待，那当然也不是'之前的人没投入'的情况。你对此持续的看法很令人反感，完全不受她所说的支持。,2026-08-05 23:06:22,https://www.reddit.com/r/relationship_advice/comments/1vgou4w/comment/p1yyn88/,未提及,,,,,sentiment
情感类社区,r/relationship_advice,p1yym69,1vgp684,Tator_Basket8505,"Gotta be honest, I only got past number 1 but he sounds not great. Girl you deserve better.",说实话，我只过了第 1 条但他听起来不太好。女孩你值得更好的。,2026-08-05 23:06:12,https://www.reddit.com/r/relationship_advice/comments/1vgp684/comment/p1yym69/,05_使用阻碍-伴侣关系-感情隐患,,,,,sentiment
情感类社区,r/relationship_advice,p1yyk9y,1vgpjpj,RealisticPaper5534,"I stopped reading after you wrote that while he visited a foreign (your) country that he demanded you all cater to him? Disrespectful to you, your family, your country; throw him out. I HATE people who refuse to learn things and always struggle out loud and make it everyone else's problem.",你写到他访问外国（你的）国家时要求你们都迎合他，我就在那停读了？对你、你的家人、你的国家不尊重；把他扔出去。我讨厌拒绝学东西、总是大声挣扎并让它成为别人问题的人。,2026-08-05 23:05:55,https://www.reddit.com/r/relationship_advice/comments/1vgpjpj/comment/p1yyk9y/,05_使用阻碍-伴侣关系-感情隐患,,,,,sentiment
情感类社区,r/relationship_advice,p1yykaa,1vgfors,CrazyLeadership5397,They started out as cheaters. You should distance yourself from them. They are going to implode. Updateme!,他们以出轨者开始。你应该远离他们。他们会内爆的。更新我！,2026-08-05 23:05:55,https://www.reddit.com/r/relationship_advice/comments/1vgfors/comment/p1yykaa/,未提及,,,,,sentiment
情感类社区,r/relationship_advice,p1yykaf,1vgou4w,Simple_Narwhal,"That's honestly so disgusting. I don't even know what to say. He literally just told you that it's a chore and a burden to him to value you as a human being. He implied he's doing you a favor by not just using you, which he apparently would rather do. He also just told you that he can't even conceptualize of a scenario where any other man saw any value in you as a human being, and therefore must have been using you as a sex object, because in his mind that's obviously all you're good for. He doesn't value you at all. He doesn't even see you as a human being. You're gum on the bottom of his shoe. This has nothing to do with body count or personal values around sex at all. His language is so abusive and disturbing. This man is very, very sick.",那真令人恶心。我甚至不知道说什么。他字面告诉你珍视你作为人的价值是件苦差和负担。他暗示他不只是利用你是在帮你，而他显然宁愿那样。他还告诉你他无法想象任何其他男人看到你作为人的价值，因此一定是把你当性对象用，因为他心里那显然是你唯一有用的地方。他完全不珍视你。他甚至不把你当人看。你只是他鞋底的口香糖。这和性史或个人对性的价值观完全无关。他的语言如此虐待和令人不安。这个男人病得很重。,2026-08-05 23:05:55,https://www.reddit.com/r/relationship_advice/comments/1vgou4w/comment/p1yykaf/,05_使用阻碍-伴侣关系-感情隐患,,,,,sentiment
情感类社区,r/relationship_advice,p1yyi0j,1vgp684,MyRedditUserName428,You are being abused. This isn't love. Leave him OP. Love yourself enough to leave him. Don't get pregnant.,你在被虐待。这不是爱。离开他 OP。足够爱自己才能离开他。别怀孕。,2026-08-05 23:05:34,https://www.reddit.com/r/relationship_advice/comments/1vgp684/comment/p1yyi0j/,05_使用阻碍-伴侣关系-感情隐患,,,,,sentiment
情感类社区,r/relationship_advice,p1yygjr,1vgp684,lageueledebois,He actually hates you. Please get some self respect and leave him. It's like he's taking lessons from Red Pill 101.,他其实恨你。请获得一些自尊离开他。就像他在上红丸 101 的课。,2026-08-05 23:05:21,https://www.reddit.com/r/relationship_advice/comments/1vgp684/comment/p1yygjr/,05_使用阻碍-伴侣关系-感情隐患,,,,,sentiment
情感类社区,r/relationship_advice,p1yyea7,1vgp684,relentless1111,"This dude is an abusive trash human and doesn't like you. This is not going to change. Please leave him, you deserve better.",这家伙是虐待性垃圾人，不喜欢你。这不会改变。请离开他，你值得更好的。,2026-08-05 23:05:00,https://www.reddit.com/r/relationship_advice/comments/1vgp684/comment/p1yyea7/,05_使用阻碍-伴侣关系-感情隐患,,,,,sentiment
情感类社区,r/relationship_advice,p1yydua,1vgp684,Bippityboppitynope2,Exactly. He's this shitty in the honeymoon phase.,正是。他在蜜月期就这么糟糕。,2026-08-05 23:04:56,https://www.reddit.com/r/relationship_advice/comments/1vgp684/comment/p1yydua/,05_使用阻碍-伴侣关系-感情隐患,,,,,sentiment
情感类社区,r/relationship_advice,p1yybhp,1vgpijv,DplusLplusKplusM,"That may not have been the best wording for him to use. But validating someone's feelings is basically just saying you believe that they feel that way, even if you feel the polar opposite. That the words are coming out of your mouth is proof enough that you feel that way, but no one is obligated to hold the same feelings you do. So you're still left with two people, each of whom might feel very different about the same topic. Relationships require compromise and in an ideal negotiation both parties give a little to meet in the middle. Maybe instead of getting caught up in him not parroting the exact words you should think more about whether he actually engages in negotiation. Someone who tells you you're wrong and shuts down conversation isn't the same as someone who just tells you they disagree with you but they're willing to negotiate to a compromise.",那可能不是他用的最好措辞。但'验证'某人的感受基本只是说你相信他们那样觉得，即使你感觉完全相反。话从你嘴里说出来足以证明你那样觉得，但没人有义务和你持相同感受。所以你还是剩下两个人，每个人对同一话题可能感觉非常不同。关系需要妥协，在理想谈判中双方都让一点在中点会合。也许与其纠结他没有鹦鹉学舌精确的词，你更应该想他是否真的参与谈判。一个告诉你你错并关闭对话的人，和只告诉你他们不同意但愿意谈判到妥协的人不同。,2026-08-05 23:04:35,https://www.reddit.com/r/relationship_advice/comments/1vgpijv/comment/p1yybhp/,06_克服方式-心理调适-学习知识,,,,,sentiment
情感类社区,r/relationship_advice,p1yyb0h,1vg8vda,Public-Air-8995,Read up on the various types of abuse - financial and coercive.,读读各种虐待类型——财务和胁迫性的。,2026-08-05 23:04:30,https://www.reddit.com/r/relationship_advice/comments/1vg8vda/comment/p1yyb0h/,06_克服方式-心理调适-学习知识,,,,,sentiment
情感类社区,r/relationship_advice,p1yxqnk,1vgpo30,anglflw,Why are you dating someone you think you are so much better than?,你为什么和自认为好得多的人约会？,2026-08-05 23:01:23,https://www.reddit.com/r/relationship_advice/comments/1vgpo30/comment/p1yxqnk/,未提及,,,,,sentiment
情感类社区,r/relationship_advice,p1yxqmg,1vgpl79,iwastoldsomething,"You weren't official. You wanted casual, and you got it.",你们没正式。你想要随意的，你得到了。,2026-08-05 23:01:22,https://www.reddit.com/r/relationship_advice/comments/1vgpl79/comment/p1yxqmg/,未提及,,,,,sentiment
情感类社区,r/relationship_advice,p1yxn4f,1vglmlw,magus448,"As the saying goes, she wants to be a bride rather than a wife.",如俗话说的，她想当新娘而不是妻子。,2026-08-05 23:00:51,https://www.reddit.com/r/relationship_advice/comments/1vglmlw/comment/p1yxn4f/,未提及,,,,,sentiment
情感类社区,r/relationship_advice,p1yxn07,1vgp3gz,InSight89,I haven't spoken to my parents in over ten years. My mother died this year. Didn't even attend her funeral. Got no time for toxic people in my life. We only live it once. Pick the family that picks you and enjoy your life.,我十多年没和父母说话了。我母亲今年去世了。我甚至没参加她的葬礼。我生命中没时间给有毒的人。我们只活一次。选择选择你的家人，享受你的生活。,2026-08-05 23:00:50,https://www.reddit.com/r/relationship_advice/comments/1vgp3gz/comment/p1yxn07/,06_克服方式-心理调适-接纳自我,,,,,sentiment
情感类社区,r/relationship_advice,p1yxkxl,1vgeguw,Enough-Pack7468,"Go with him. I wouldn't warn her, I would just walk in with him. It would be interesting to see her reaction and he can just say he assumed it was fine to include you. There is nothing he can say to her that he shouldn't be able to say in front of you. Or ask him to change dinner to a 30 min coffee. That's enough time to catch up and walk in and pick him up at the end. I suspect she is one of those women who like men's attention and when she saw that he has moved on and is happy, she wants to reel him back in. She is manipulating him.",和他一起去。我不会警告她，我会直接和他走进去。看她反应会很有趣，他可以说他以为带你是没问题的。他对她说的任何话都应该能在你面前说。或者让他把晚餐改成 30 分钟咖啡。那时间足够叙旧，最后进去接他。我怀疑她是那种喜欢男人注意力的女人，当她看到他已经继续前进且快乐，她想把他钓回来。她在操纵他。,2026-08-05 23:00:31,https://www.reddit.com/r/relationship_advice/comments/1vgeguw/comment/p1yxkxl/,05_使用阻碍-伴侣关系-感情隐患,,,,,sentiment
情感类社区,r/relationship_advice,p1yxkrm,1vgmcx1,MyRedditUserName428,You are being abused OP. This is not what love looks like. The silent treatment is abuse. Sexual coercion is abuse. Coerced sex is not consensual sex. Don't get pregnant.,你在被虐待 OP。这不是爱的样子。冷暴力是虐待。性胁迫是虐待。被胁迫的性不是自愿的性。别怀孕。,2026-08-05 23:00:29,https://www.reddit.com/r/relationship_advice/comments/1vgmcx1/comment/p1yxkrm/,05_使用阻碍-伴侣关系-感情隐患,,,,,sentiment
情感类社区,r/relationship_advice,p1yxjtg,1vgp684,amritallison,This man hates you!!! He is obviously showing that he doesn't like you. He tolerates you only because of what you provide.,这个男人恨你！！！他显然在展示他不喜欢你。他容忍你只是因为你能提供的。,2026-08-05 23:00:21,https://www.reddit.com/r/relationship_advice/comments/1vgp684/comment/p1yxjtg/,05_使用阻碍-伴侣关系-感情隐患,,,,,sentiment
情感类社区,r/relationship_advice,p1yxiow,1vgou4w,ChemistryPerfect4534,Friends with benefits were still friends.,有福利的朋友仍然是*朋友*。,2026-08-05 23:00:11,https://www.reddit.com/r/relationship_advice/comments/1vgou4w/comment/p1yxiow/,未提及,,,,,sentiment
情感类社区,r/relationship_advice,p1yxhlm,1vgpjhu,FatSadHappy,Why would she delete her photos? It's her life and her past. Person doesn't come brand new to each relationship. And stop snooping. I would be pissed if someone actually started digging on my phone.,她为什么删照片？那是她的生活和过去。人不会全新地进入每段关系。而且别窥探。如果有人真开始翻我的手机我会气疯。,2026-08-05 23:00:02,https://www.reddit.com/r/relationship_advice/comments/1vgpjhu/comment/p1yxhlm/,05_使用阻碍-伴侣关系-感情隐患,,,,,sentiment
情感类社区,r/relationship_advice,p1yxgzc,1vgp3gz,bluefontaine,The problem is YOU still think she's ugly. I'm sure your parents look like shit.,问题是你仍然觉得她丑。我确定你父母看起来像屎。,2026-08-05 22:59:57,https://www.reddit.com/r/relationship_advice/comments/1vgp3gz/comment/p1yxgzc/,未提及,,,,,sentiment
情感类社区,r/relationship_advice,p1yxgx2,1vgp3gz,Grown-Ass-Weeb,"My MIL took one look at me and the first words out of her mouth were you look Mormon, are you Mormon? ANYWAYS, my husband didn't care and continued to ignore my physical appearance around his family. So the fact your parents are at least being nice is a humongous positive. Get over it. She makes you happy, who cares what they think? You're the one spending your time with her happily, not your parents.",我婆婆看了我一眼，第一句话就是'你看起来像摩门教徒，你是摩门教徒吗？'不管怎样，我丈夫不在乎，继续在他家人面前无视我的'外貌'。所以你的父母至少很友好是个巨大的积极。别在意。她让你快乐，谁在乎他们怎么想？你是那个快乐地和她共度时间的人，不是你父母。,2026-08-05 22:59:56,https://www.reddit.com/r/relationship_advice/comments/1vgp3gz/comment/p1yxgx2/,06_克服方式-心理调适-接纳自我,,,,,sentiment
情感类社区,r/relationship_advice,p1yxgxk,1vgpjpj,redsfromrhone,"Communicate your frustrations. If he doesn't make an effort to change, then consider ending it. This is doubly true if he behaves this way when you're in an English speaking country.",沟通你的挫败。如果他不努力改变，那就考虑结束。如果你在英语国家他仍这样表现，这加倍成立。,2026-08-05 22:59:56,https://www.reddit.com/r/relationship_advice/comments/1vgpjpj/comment/p1yxgxk/,06_克服方式-心理调适-学习知识,,,,,sentiment
情感类社区,r/relationship_advice,p1ywspq,1vb0t34,JetLamda,"Yikes! This is not stepping in to be a father, it is stepping in to be married. You are not married and 10 months is not enough time to decide whether you should be married. And it is especially not enough time to decide to marry a person who a) can not keep the father of her children in the picture.. strike that, TWO fathers. You have zero obligation to take any of them with you and you should not. Strong relationships survive stress. Being separated will be a stress that will test her commitment to you. She needs to keep her job, care for the kids, and prove she will be the partner you deserve.",哎呀！这不是走进来当父亲，是走进来当已婚者。你们没结婚，10 个月不足以决定是否该结婚。尤其不足以决定嫁给一个 a) 无法让她孩子的父亲留在画面中的人……等等，是两位父亲。你没有任何义务带他们任何一个，也不该。强关系能承受压力。分居会是一个考验她对你的承诺的压力。她需要保住工作、照顾孩子，证明她会成为你应得的伴侣。,2026-08-05 22:56:15,https://www.reddit.com/r/relationship_advice/comments/1vb0t34/comment/p1ywspq/,05_使用阻碍-伴侣关系-感情隐患,,,,,sentiment
情感类社区,r/relationship_advice,p1yws8a,1vgokjl,DigZealousideal7777,"You were talking to someone else. If you really loved him, you wouldn't have. It takes two to make it work. If he says no, leave him alone. It's as simple as that, use this mistake as a learning stone onto your next relationship.",你在和别人说话。如果你真的爱他，你不会。两人才能成事。如果他说不，就别打扰他。就这么简单，把这次错误当作下段关系的垫脚石。,2026-08-05 22:56:10,https://www.reddit.com/r/relationship_advice/comments/1vgokjl/comment/p1yws8a/,05_使用阻碍-伴侣关系-感情隐患,,,,,sentiment
情感类社区,r/relationship_advice,p1yws30,1vgp684,GrouchyYoung,He doesn't like you.,他不喜欢你。,2026-08-05 22:56:09,https://www.reddit.com/r/relationship_advice/comments/1vgp684/comment/p1yws30/,未提及,,,,,sentiment
情感类社区,r/relationship_advice,p1yws08,1vg276b,look_at_the_horn,"As a straight woman who dates straight men, I would do anything you want as long as it's just between us. Anything once at least, to see if we like it.",作为和直男约会的直女，只要只是我们之间的，我愿意做任何你想的。至少任何事都试一次，看看我们是否喜欢。,2026-08-05 22:56:08,https://www.reddit.com/r/relationship_advice/comments/1vg276b/comment/p1yws08/,未提及,,,,,sentiment
情感类社区,r/relationship_advice,p1ywr0s,1vg4orp,WeeklyConversation8,"It's not selfish to go through life living it how you want and what makes you happy. We're supposed to do what makes us happy, not what makes others happy.",按你想要的方式和让你快乐的方式过一生不自私。我们应该做让我们快乐的，不是让其他人快乐的。,2026-08-05 22:55:59,https://www.reddit.com/r/relationship_advice/comments/1vg4orp/comment/p1ywr0s/,06_克服方式-心理调适-接纳自我,,,,,sentiment
情感类社区,r/relationship_advice,p1ywpyv,1vgooh4,Vast-Brother-2856,Thank you to everyone leaving a comment! I appreciate the feedback and I'm genuinely coming to the realization that this probably wasn't worth it. And will be looking for options going forward. Maybe going back to where I'm from.,感谢每个留言的人！我感激反馈，我真诚地在意识到这可能不值得。未来会找选项。也许回到我来的地方。,2026-08-05 22:55:50,https://www.reddit.com/r/relationship_advice/comments/1vgooh4/comment/p1ywpyv/,06_克服方式-心理调适-接纳自我,,,,,sentiment
情感类社区,r/relationship_advice,p1ywjb6,1vgpijv,mckinnos,Wow. I'm so sorry you're dealing with this. Does your husband like you?,哇。很抱歉你在处理这个。你丈夫喜欢你吗？,2026-08-05 22:54:50,https://www.reddit.com/r/relationship_advice/comments/1vgpijv/comment/p1ywjb6/,未提及,,,,,sentiment
情感类社区,r/relationship_advice,p1ywron,1vgpjhu,Majestic_Bed9233,Oh yeah I would bring this up for sure.,哦是的，我肯定会提出这个。,2026-08-05 22:56:06,https://www.reddit.com/r/relationship_advice/comments/1vgpjhu/comment/p1ywron/,未提及,,,,,sentiment
情感类社区,r/relationship_advice,p1yxq50,1vglj34,Responsible_Peace239,"Thank you so much, I really appreciate what you said.",非常感谢，我真的很感激你说的。,2026-08-05 23:01:18,https://www.reddit.com/r/relationship_advice/comments/1vglj34/comment/p1yxq50/,未提及,,,,,sentiment
情感类社区,r/relationship_advice,p1yxws1s,1vgpfil,T423,I understand that I started it all. But what else could I have done given the situation we were in?,我理解是我开始的这一切。但鉴于我们当时的情况，我还能做什么？,2026-08-05 23:01:49,https://www.reddit.com/r/relationship_advice/comments/1vgpfil/comment/p1yxws1s/,未提及,,,,,sentiment
情感类社区,r/relationship_advice,p1yvwlh,1vgp684,steffie-flies,How low is your self-esteem?!,你的自尊有多低？！,2026-08-05 22:51:21,https://www.reddit.com/r/relationship_advice/comments/1vgp684/comment/p1yvwlh/,05_使用阻碍-心理状态-羞耻愧疚,,,,,sentiment
情感类社区,r/relationship_advice,p1yvw37,1vgp3gz,Agreeable_Elk4529,Don't let your parents' taste become your attraction meter. You're dating the person who makes you happy and not the person who wins their approval.,别让你父母的品味成为你的吸引标尺。你在和让你快乐的人约会，不是赢得他们认可的人。,2026-08-05 22:51:17,https://www.reddit.com/r/relationship_advice/comments/1vgp3gz/comment/p1yvw37/,06_克服方式-心理调适-接纳自我,,,,,sentiment
情感类社区,r/relationship_advice,p1yvvt0,1vgp684,Hotyoga71,"You definitely should be rushing to leave him. It is saddening that you think you deserve this behavior. I can tell you right now that not in a million years would I ever put up with any of these things you described. A partner should be loving, caring and adoring of you. He is belittling and mean.",你绝对应该赶紧离开他。你认为自己应得这种对待令人难过。我现在就能告诉你，我一百万年内都不会容忍你描述的任何一件。伴侣应该爱你、关心你、崇拜你。他在贬低和刻薄。,2026-08-05 22:51:15,https://www.reddit.com/r/relationship_advice/comments/1vgp684/comment/p1yvvt0/,05_使用阻碍-伴侣关系-感情隐患,,,,,sentiment
情感类社区,r/relationship_advice,p1yvv3z,1vgou4w,Miserablemermaid,"Do you really want to be in a relationship with someone who sees valuing you as a human being as something he puts up with just to get sex? Because it really sounds like he wouldn't if he didn't have to, and is jealous that other men didn't...",你真的想和这样一个把珍视你作为人的价值当作为了得到性而忍受的东西的人在一起吗？因为听起来如果不用他不会那样，而且他嫉妒其他男人'没有'……,2026-08-05 22:51:08,https://www.reddit.com/r/relationship_advice/comments/1vgou4w/comment/p1yvv3z/,05_使用阻碍-伴侣关系-感情隐患,,,,,sentiment
情感类社区,r/relationship_advice,p1yvv03,1vgp91j,AmberWaves80,Getting married without having had sex first is a recipe for disaster. Having a kink that your partner isn't into is also a potential recipe for disaster. I have to believe this is a troll post.,没先做爱就结婚是灾难配方。有伴侣不喜欢的性癖也是潜在灾难配方。我不得不相信这是钓鱼帖。,2026-08-05 22:51:07,https://www.reddit.com/r/relationship_advice/comments/1vgp91j/comment/p1yvv03/,未提及,,,,,sentiment
情感类社区,r/relationship_advice,p1yvuwt,1vgnj3n,magus448,Name checks out. Now see your way out.,名字说明一切。现在请你出去。,2026-08-05 22:51:06,https://www.reddit.com/r/relationship_advice/comments/1vgnj3n/comment/p1yvuwt/,未提及,,,,,sentiment
情感类社区,r/relationship_advice,p1yvtly,1vg4orp,Interesting_Many_162,"OK, I'm gonna say this one more time because you clearly are not interested in having an honest conversation seeing as you want to ignore what I actually said. I have never said a woman has to give birth, even if she does not want to. I have not said a woman should be forced to have a baby. I have said again that it is selfish to go through life thinking that you should only have to do what makes you happy and nothing else. You cannot point to anything where I actually say it is selfish to not have a baby. I said it is selfish to go through life and only do what makes you happy which can apply to so many other things, but you are so desperate to make it mean something else that you're trying to tell me what I was thinking. However, I literally say, and you already highlighted it in another message that it is not selfish to choose to not have a baby. That is what I have said and again you wanna keep lying because you got nothing else that means you're not an honest person, you're not a mature person and you don't care about being an adult and having an adult conversation because if you did, you wouldn't feel the need to lie about what a person says or try to take what somebody says and twist it around to say something that was never said. So since you don't wanna be honest, then this conversation is over so you can take your disingenuous shit somewhere else. You have a good night.",好，我再说一次，因为你显然不想进行诚实的对话，因为你想忽略我实际说的。我从没说女人必须生孩子，即使她不想。我没说过女人应该被迫生宝宝。我没说过任何类似的。我再次说过，过一生认为你只该做让你快乐的事而不管其他是自私的。你无法指出我实际上说'不生宝宝自私'的任何地方。我说的是过一生只做让你快乐的事是自私的，这可以适用于很多其他事，但你如此拼命想让它变成别的意思，你试图告诉我我在想什么。然而，我字面说了——而且你已经在另一条消息中强调了——选择不生宝宝不自私。那就是我说的，而你又要继续撒谎，因为你没有别的了，这意味着你不是诚实的人、不是成熟的人、你不在乎像成人一样进行成人对话，因为如果你在乎，你不会觉得需要歪曲别人说的话或试图把别人说的话扭曲成从未说过的东西。所以既然你不想诚实，那这场对话结束了，你可以把你虚伪的垃圾拿去别处。晚安。,2026-08-05 22:50:55,https://www.reddit.com/r/relationship_advice/comments/1vg4orp/comment/p1yvtly/,未提及,,,,,sentiment
情感类社区,r/relationship_advice,p1yv1gn,1vgp684,Madeyealice,"He does it, because you let him. It will stop when you leave him, I promise.",他这样做是因为你允许他。你离开他时它会停止，我保证。,2026-08-05 22:46:39,https://www.reddit.com/r/relationship_advice/comments/1vgp684/comment/p1yv1gn/,05_使用阻碍-伴侣关系-感情隐患,,,,,sentiment
情感类社区,r/relationship_advice,p1yv0pe,1vg6ba2,JustStopItSeriously,"Not to mention he knew she was childfree when they started dating but she went along with adoption once they started dating, which sounds a little coercive on his part, especially when he considers her immature.",更不用说他知道她开始约会时是不想要孩子的，但她一旦开始约会就'同意收养'，这听起来他那边有点胁迫，尤其当他觉得她不成熟时。,2026-08-05 22:46:32,https://www.reddit.com/r/relationship_advice/comments/1vg6ba2/comment/p1yv0pe/,05_使用阻碍-伴侣关系-感情隐患,,,,,sentiment
情感类社区,r/relationship_advice,p1yuz6d,1vg4orp,WeeklyConversation8,"Might want to read it again. I did include it, I just bolded the part where you said it is after you said it wasn't. Everyone can read everything you said. Having children isn't the most important thing in the world. Living your life how you want is. You have no idea what pregnancy does to a woman physically, mentally, and emotionally. Our bodies go through a lot during pregnancy, giving birth, and after. We literally put our lives on the line. No woman should do that unless she wants to. No one is hurt or affected by someone else not having a baby. It's not their life.",可能想再读一遍。我确实包含了，我只是加粗了你先说不是后说是的部分。每个人都能读你说的一切。生孩子不是世界上最重要的事。按你想要的方式过你的生活才是。你不知道怀孕对女人身体、心理和情感做什么。我们的身体在怀孕、分娩和之后经历很多。我们字面把生命置于危险中。除非她愿意，没有女人应该那样做。没有人因别人不生孩子而受伤或受影响。那不是他们的生活。,2026-08-05 22:46:18,https://www.reddit.com/r/relationship_advice/comments/1vg4orp/comment/p1yuz6d/,06_克服方式-心理调适-接纳自我,,,,,sentiment
情感类社区,r/relationship_advice,p1yux2l,1vgp3gz,ThrowRA_Bandicoot,"Yeah I know, I wish I cared less. Do you think I should fix this with a therapist before becoming an official couple?",是的我知道，我希望我在乎少点。你觉得我应该在成为正式情侣前用治疗师修复这个吗？,2026-08-05 22:45:59,https://www.reddit.com/r/relationship_advice/comments/1vgp3gz/comment/p1yux2l/,06_克服方式-心理调适-学习知识,,,,,sentiment
情感类社区,r/relationship_advice,p1yutxv,1vg4am8,DigZealousideal7777,"OP. No offense but. You're a sucker, a fool. Let her go because it seems what I just said, that's what she sees you. You should've never gotten back to her. If you truly love someone, there's no need to split up then reconnect.",OP。无意冒犯但。你是傻瓜。让她走吧，因为我说的就是她看到的你。你根本不该回到她身边。如果你真的爱某人，不需要分手再'重新连接'。,2026-08-05 22:45:30,https://www.reddit.com/r/relationship_advice/comments/1vg4am8/comment/p1yutxv/,05_使用阻碍-伴侣关系-感情隐患,,,,,sentiment
情感类社区,r/relationship_advice,p1yutjv,1vgp684,magandaperotamad,"He hates you, why are you still with him?",他恨你，你为什么还和他在一起？,2026-08-05 22:45:26,https://www.reddit.com/r/relationship_advice/comments/1vgp684/comment/p1yutjv/,未提及,,,,,sentiment
情感类社区,r/relationship_advice,p1yuskj,1vgcrc6,Nobodys-Nothing,Why the fuck are you married to an old man. That comes from a 50 year old woman. He sees you as a student or child.,你他妈为什么嫁给一个老头。这来自一个 50 岁女人。他把你当学生或孩子。,2026-08-05 22:45:17,https://www.reddit.com/r/relationship_advice/comments/1vgcrc6/comment/p1yuskj/,05_使用阻碍-伴侣关系-感情隐患,,,,,sentiment
情感类社区,r/relationship_advice,p1yuz8x,1vgp3gz,ThrowRA_Bandicoot,"The last part gave me a bit of relief, thank you.",最后部分给了我一小点安慰，谢谢。,2026-08-05 22:46:19,https://www.reddit.com/r/relationship_advice/comments/1vgp3gz/comment/p1yuz8x/,未提及,,,,,sentiment
情感类社区,r/relationship_advice,p1yuv6w,1vgorki,Warm-Benefit-2374,"You better start gobbling down on his johnson like it's your last supper. You crossed a line of no return. The second a girl starts threatening me like that, I'm out. I've been down this path one too many times.",你最好开始像最后一餐一样吞他的鸡巴。你越过了不可回头的线。女孩一开始那样威胁我，我就走了。我走过这条路太多次了。,2026-08-05 22:45:42,https://www.reddit.com/r/relationship_advice/comments/1vgorki/comment/p1yuv6w/,未提及,,,,,sentiment
情感类社区,r/relationship_advice,p1yuy0t,1vgp77j,Majestic_Bed9233,"Yes, Elvis has left the building mate you had your chance.",是的，猫王已经离开大楼了伙计，你有过机会了。,2026-08-05 22:46:08,https://www.reddit.com/r/relationship_advice/comments/1vgp77j/comment/p1yuy0t/,未提及,,,,,sentiment
情感类社区,r/relationship_advice,p1yu2pw,1vgokjl,jdz50,"The whole talking stage, exclusive or not exclusive part of modern dating is crazy to me. But that is dating these days. Unfortunately it causes the person you are dating to question if you really chose them or are they plan b. Which maybe how your ex feels and it can be hard to change his mindset. Ultimately, he has to want to be in a relationship with you, before you can even try to convince him you love him and chose to be with him. And depending on why you broke up, he may not be willing to try.",整个'谈话阶段'、排他或不排他的现代约会部分对我来说很疯狂。但那是如今的约会。不幸的是它让你约会的人质疑你是否真的选择了他们，还是他们是备胎。那也许就是你前任的感受，改变他的心态可能很难。最终，他必须先想要和你处于关系中，你才能试图说服他你爱他、选择和他在一起。而且取决于你们分手的原因，他可能不愿尝试。,2026-08-05 22:41:22,https://www.reddit.com/r/relationship_advice/comments/1vgokjl/comment/p1yu2pw/,06_克服方式-心理调适-学习知识,,,,,sentiment
情感类社区,r/relationship_advice,p1yu22b,1vgou4w,Happy-Pilot1436,"That man hates women and he's finally letting the facade down so you can see it. You're not overreacting. In fact, you're under reacting if you don't dump him immediately. Does he believe a man's worth is also linked to his virginity? (Spoiler, no.) He's a misogynistic pig and you should thank your lucky stars you're learning this now before you marry that asshole.",那个男人恨女人，他终于在卸下伪装让你看到。你没有过度反应。事实上，如果你不立即甩了他，你是在反应不足。他相信男人的价值也和他的童贞挂钩吗？（剧透：不。）他是厌女猪，你应该庆幸在嫁给他之前现在就知道。,2026-08-05 22:41:16,https://www.reddit.com/r/relationship_advice/comments/1vgou4w/comment/p1yu22b/,05_使用阻碍-伴侣关系-感情隐患,,,,,sentiment
情感类社区,r/relationship_advice,p1ytza5,1vgp684,julesk,He does it because he's trying to make you feel small so you'll do as he says. Why are you with him?,他这样做是因为他在试图让你感到渺小，这样你会照他说的做。你为什么和他在一起？,2026-08-05 22:40:50,https://www.reddit.com/r/relationship_advice/comments/1vgp684/comment/p1ytza5/,05_使用阻碍-伴侣关系-感情隐患,,,,,sentiment
情感类社区,r/relationship_advice,p1ytyuk,1vgou4w,tunefuldust,His point is that he thinks sex is transactional. This is misogynistic behavior. He will not improve with time. At mid 30s his behavior and worldview is set. You cannot convince him to value you as an equal. His foundational logic is corrupted. Please break up with him and find a man who is actually doing the inner work to live and love as a feminist or egalitarian.,他的观点是他认为性是交易性的。这是厌女行为。他不会随时间改善。30 多岁中段他的行为和世界观已定型。你无法说服他把你看作平等。他的基础逻辑已腐化。请和他分手，找一个真正做内在工作以女权或平等主义方式生活和爱的男人。,2026-08-05 22:40:46,https://www.reddit.com/r/relationship_advice/comments/1vgou4w/comment/p1ytyuk/,05_使用阻碍-伴侣关系-感情隐患,,,,,sentiment
情感类社区,r/relationship_advice,p1ytvss,1vgp684,AKlife420,"How many neon red flags do you need before you leave this asshole? Because he is waving them loud and clear. Don't put up with this BS, because it's not ok and there will be someone else who will treat you better.",你需要多少霓虹红旗才离开这个混蛋？因为他大声清晰地挥舞着。别容忍这 BS，因为那不对，会有别人对你更好。,2026-08-05 22:40:19,https://www.reddit.com/r/relationship_advice/comments/1vgp684/comment/p1ytvss/,05_使用阻碍-伴侣关系-感情隐患,,,,,sentiment
情感类社区,r/relationship_advice,p1ytuqo,1vgorki,_rrobynn_,Does that matter now? No. Just leave the guy alone. You won't get advice because there's no advice to give. It is over.,那现在还重要吗？不。就别打扰他了。你不会得到建议因为没有建议可给。结束了。,2026-08-05 22:40:09,https://www.reddit.com/r/relationship_advice/comments/1vgorki/comment/p1ytuqo/,未提及,,,,,sentiment
情感类社区,r/relationship_advice,p1ytunw,1vg276b,preferablyno,"Yea definitely, some people are into that and some people aren't and it doesn't tell us much else about them.",是的当然，有些人喜欢那个有些人不喜欢，它不会告诉我们更多关于他们的事。,2026-08-05 22:40:08,https://www.reddit.com/r/relationship_advice/comments/1vg276b/comment/p1ytunw/,未提及,,,,,sentiment
情感类社区,r/relationship_advice,p1yu40k,1vg4orp,Interesting_Many_162,"I clearly am not saying that it is up to her to continue the human race and nobody else, so please stop being disingenuous. I've repeated myself enough and it is pretty boring at this point.",我显然不是说由她来延续人类种族而没别人，所以请别再虚伪。我已经重复够多了，这很无聊。,2026-08-05 22:41:33,https://www.reddit.com/r/relationship_advice/comments/1vg4orp/comment/p1yu40k/,未提及,,,,,sentiment
情感类社区,r/relationship_advice,p1yu08g,1vgorki,PlayConfident7759,Igs.,我猜。,2026-08-05 22:40:59,https://www.reddit.com/r/relationship_advice/comments/1vgorki/comment/p1yu08g/,未提及,,,,,sentiment
情感类社区,r/relationship_advice,p1yt6rm,1vgooh4,magus448,Of course everyone gives her a pass for going crazy. Last I checked throwing thugs is also abuse.,当然每个人都因她发疯给她豁免。据我所知扔东西也是虐待。,2026-08-05 22:36:28,https://www.reddit.com/r/relationship_advice/comments/1vgooh4/comment/p1yt6rm/,未提及,,,,,sentiment
情感类社区,r/relationship_advice,p1yt5mj,1vg4orp,WeeklyConversation8,Everyone can read what you wrote. You're the one who lies.,每个人都能读你写的。说谎的是你。,2026-08-05 22:36:18,https://www.reddit.com/r/relationship_advice/comments/1vg4orp/comment/p1yt5mj/,未提及,,,,,sentiment
情感类社区,r/relationship_advice,p1yt51i,1vgmcx1,bbyChicken_,Covert narc wanting control? He only wants your attention when he knows you need to be doing something?,隐蔽自恋者想控制？他只在你需要做事时想要你的注意？,2026-08-05 22:36:13,https://www.reddit.com/r/relationship_advice/comments/1vgmcx1/comment/p1yt51i/,05_使用阻碍-伴侣关系-感情隐患,,,,,sentiment
情感类社区,r/relationship_advice,p1yt1ld,1vg4orp,Hello_Hangnail,It's not her responsibility to continue the human race if she chooses not to.,如果她选择不，延续人类种族不是她的责任。,2026-08-05 22:35:42,https://www.reddit.com/r/relationship_advice/comments/1vg4orp/comment/p1yt1ld/,未提及,,,,,sentiment
情感类社区,r/relationship_advice,p1yt0u1,1vgndyl,OwnFuture6956,"Haha thank you! We are, I am just surprised by his very high confidence with never having a girlfriend before, just apparently a lot of sexual experiences.",哈哈谢谢！我们是，我只是惊讶他以前从没女友却非常有自信，显然有很多性经验。,2026-08-05 22:35:35,https://www.reddit.com/r/relationship_advice/comments/1vgndyl/comment/p1yt0u1/,未提及,,,,,sentiment
情感类社区,r/relationship_advice,p1ysz47,1vgofgg,hayitsmejam,Focus on taking care of your cats.,专注照顾你的猫。,2026-08-05 22:35:20,https://www.reddit.com/r/relationship_advice/comments/1vgofgg/comment/p1ysz47/,未提及,,,,,sentiment
情感类社区,r/relationship_advice,p1ysyim,1vgg035,Entire_Trust9147,Break up.,分手。,2026-08-05 22:35:14,https://www.reddit.com/r/relationship_advice/comments/1vgg035/comment/p1ysyim/,未提及,,,,,sentiment
情感类社区,r/relationship_advice,p1ysyir,1vgmcx1,Chance-Bread-315,How much was he masturbating when he was WFH alone? This is just absolutely crazy behaviour. For the avoidance of any doubt OP: you do not owe him sex whenever he wants it and him getting mad about it and icing you out is coercion/manipulation and a form of emotional abuse.,他独自在家办公时撸了多少？这绝对是疯狂行为。为避免任何疑问 OP：他不想要时你没有义务随时给他性，他为此生气并冷落你是胁迫/操纵和情感虐待的一种形式。,2026-08-05 22:35:14,https://www.reddit.com/r/relationship_advice/comments/1vgmcx1/comment/p1ysyir/,05_使用阻碍-伴侣关系-感情隐患,,,,,sentiment
情感类社区,r/relationship_advice,p1ysxac,1vgooh4,Aggravating-Pear9760,He is abusive. He's aggressive and disrespectful and honestly a horrible person. You replaced your dad with your husband. They are the same. Leave now. Work on yourself and your trauma.,他是虐待者。他攻击性、不尊重，老实说是个可怕的人。你用丈夫替换了你的父亲。他们一样。现在离开。为你自己和你的创伤工作。,2026-08-05 22:35:03,https://www.reddit.com/r/relationship_advice/comments/1vgooh4/comment/p1ysxac/,05_使用阻碍-伴侣关系-感情隐患,,,,,sentiment
情感类社区,r/relationship_advice,p1ys7th,1vgoptl,thedarkestbeer,"This is a major incompatibility. I don't personally understand people who think that men and women can't be friends, but I also don't date them. If you're crying about his friendships, it's not worth it. You can find a guy who thinks the way you do.",这是重大不兼容。我个人不理解认为男女不能做朋友的人，但我也不和他们约会。如果你为他的友谊哭泣，那不值得。你能找到和你想法一致的人。,2026-08-05 22:31:09,https://www.reddit.com/r/relationship_advice/comments/1vgoptl/comment/p1ys7th/,05_使用阻碍-伴侣关系-感情隐患,,,,,sentiment
情感类社区,r/relationship_advice,p1ys6wl,1vgorki,_rrobynn_,Yeah it's done. Better yourself and don't do this to the next one.,是的结束了。提升自己，别对下一个做这个。,2026-08-05 22:31:01,https://www.reddit.com/r/relationship_advice/comments/1vgorki/comment/p1ys6wl/,06_克服方式-心理调适-接纳自我,,,,,sentiment
情感类社区,r/relationship_advice,p1ys6jz,1vgoptl,KuzyBeCackling,"Baby you are describing jealousy. What principle decrees that he can't maintain important friendships to be a good partner? Should he abandon the women he was friends with before he transitioned? Or those who stood by his side while he was on his journey? Absolutely not. To ask that of him would be controlling, manipulative, and toxic of you. People can (and should) have a diverse group of close friends across all genders. IMO it's sad that your dad had no female friends, not just for him but for you, so you could see a model of what healthy relationships look like. The truth is you two are not compatible. What you want from a partner is different from how he wants to live his life, and that's ok.",宝贝你描述的是嫉妒。什么原则规定他不能维持重要友谊来成为好伴侣？他应该抛弃他转变前就认识的女朋友吗？或者那些在他旅程中支持他的人？绝对不。那样要求他，会是控制、操纵和有毒的你。人可以（也应该）有跨所有性别的多样化密友群。IMO 你父亲没有女性朋友很可悲，不仅为他，也为你，这样你能看到健康关系的样子。事实是你们俩不兼容。你想从伴侣得到的和他想如何生活不同，那没关系。,2026-08-05 22:30:57,https://www.reddit.com/r/relationship_advice/comments/1vgoptl/comment/p1ys6jz/,05_使用阻碍-伴侣关系-感情隐患,,,,,sentiment
情感类社区,r/relationship_advice,p1ys64j,1vgo59h,SingularRoozilla,"I've been in your shoes before. You might not want to hear it yet but if you've talked to him about this before (which it sounds like you have, several times) and he still doesn't make an effort, it's because he doesn't care to. He is taking you for granted and you're feeling like an afterthought to him because you are. You should leave him and find someone who genuinely cares for you.",我以前在你鞋里。你可能还不想听，但如果你以前和他谈过这个（听起来你谈过几次），而他仍不努力，那是因为他不在乎。他把你当理所当然，你觉得对他是事后想法因为你就是。你应该离开他，找一个真正关心你的人。,2026-08-05 22:30:54,https://www.reddit.com/r/relationship_advice/comments/1vgo59h/comment/p1ys64j/,05_使用阻碍-伴侣关系-感情隐患,,,,,sentiment
情感类社区,r/relationship_advice,p1ys4ip,1vgokjl,glorious-morning,"We weren't, I entertained the idea of a date with another guy while we were in our talking stage. It's really messing him up because he really liked me and he feels that he was scared to reply to me and I was speaking with another man.",我们不是，我在我们的谈话阶段考虑过和另一个男人约会。这真的困扰他，因为他真的很喜欢我，他觉得他害怕回复我而我却在和另一个男人说话。,2026-08-05 22:30:39,https://www.reddit.com/r/relationship_advice/comments/1vgokjl/comment/p1ys4ip/,未提及,,,,,sentiment
情感类社区,r/relationship_advice,p1ys27s,1vgmcx1,Medical_Onion_3500,"I would be beyond turned off by this, ick.",我会被这个完全扫兴，恶心。,2026-08-05 22:30:17,https://www.reddit.com/r/relationship_advice/comments/1vgmcx1/comment/p1ys27s/,未提及,,,,,sentiment
情感类社区,r/relationship_advice,p1yrzzh,1vgou4w,singalingadingdang,Gross. Next. What's gone on between your legs at any point does not determine your value as a human being. Your partner doesn't deserve any further access to what's going on between your legs or your life in general. What you need to do is love yourself enough to never tolerate this kind of behaviour from anyone. 27 is not too late to develop the self respect to do this. IN THE BIN WITH HIM.,恶心。下一个。你腿间发生过的任何事都不决定你作为人的价值。你的伴侣不值得进一步接触你腿间发生的事或你的一般生活。你需要做的是足够爱自己，永远不容忍任何人的这种行为。27 岁发展自尊来做这个不晚。把他扔垃圾桶。,2026-08-05 22:29:56,https://www.reddit.com/r/relationship_advice/comments/1vgou4w/comment/p1yrzzh/,05_使用阻碍-伴侣关系-感情隐患,,,,,sentiment
情感类社区,r/relationship_advice,p1yrzvy,1vgnyib,Old_Confidence3290,"He chose you. I find that women that I like seem more physically attractive, and women I don't like seem physically unattractive. He chose you for a reason.",他选择了你。我发现我喜欢的女人看起来更身体吸引，我不喜欢的女人看起来身体不吸引。他选择你是有原因的。,2026-08-05 22:29:55,https://www.reddit.com/r/relationship_advice/comments/1vgnyib/comment/p1yrzvy/,未提及,,,,,sentiment
情感类社区,r/relationship_advice,p1ys6dz,1vgou4w,Maxentius777,This this this.,这个这个这个。,2026-08-05 22:30:56,https://www.reddit.com/r/relationship_advice/comments/1vgou4w/comment/p1ys6dz/,未提及,,,,,sentiment
情感类社区,r/relationship_advice,p1yrdia,1vg9307,goodareas579,Yea so if you're both paying equal why don't you just combine your accounts? What benefit do you gain by doing things separately? You're going to say we have our separate accounts so we don't have to worry about what the other person thinks when we spend money. Well unless someone can't pay their allocated bill (which you've said isn't a problem) then you really wouldn't need to worry about what the other person is spending on. Just seems like you're creating unnecessary work to end up in the same place.,是的，如果你们都付同等，为什么不合并账户？分开做事有什么好处？你会说'我们有独立账户所以不用担心对方怎么想我们花钱'。嗯，除非有人付不起分配的账单（你说那不是问题），否则你真的不需要担心对方花什么。看起来你在创造不必要的工作最终到达同一个地方。,2026-08-05 22:26:27,https://www.reddit.com/r/relationship_advice/comments/1vg9307/comment/p1yrdia/,未提及,,,,,sentiment
情感类社区,r/relationship_advice,p1yrd89,1vgooh4,MasterHedgehog6794,You are not the problem. He is.,你不是问题。他是。,2026-08-05 22:26:25,https://www.reddit.com/r/relationship_advice/comments/1vgooh4/comment/p1yrd89/,05_使用阻碍-伴侣关系-感情隐患,,,,,sentiment
情感类社区,r/relationship_advice,p1yrbz2,1vgoptl,TurbulentAd5998,"As a trans guy, I'll play devils advocate a little bit... Do these friends know he's trans? Did they know him before he transitioned? If so, I would not be surprised if he was one of the girls and they don't see him as a normal guy. As trans men, part of what we give up (when stealth) is the community and intimacy of same-gender friendships with women, and a lot of trans men miss that aspect of community and life with friends. He might not realize that people aren't seeing him as he thinks, or he might be striving to be friends in a way he doesn't get anymore even though he grew up with. Either way, if it makes you uncomfortable say something. I will add that just because your parents don't have friends of the opposite sex doesn't mean he can't. On top of everything I said, if you are not worried and trust him in situations he gets in, don't disrupt his social life.",作为跨男，我稍微扮演'魔鬼代言人'……这些朋友知道他跨性别吗？他们在他转变前认识他吗？如果是，我不惊讶他是'女孩之一'，他们不把他当'普通'男人。作为跨男，我们（隐蔽时）放弃的一部分是女性同性别友谊的社区和亲密，很多跨男想念那种社区和朋友生活的方面。他可能没意识到人们没按他想的看他，或者他可能在努力维持他成长中有但不再有的友谊方式。无论如何，如果让你不舒服就说出来。我要补充：你父母没有异性朋友不意味着他不能。在我所说的一切之上，如果你不担心、信任他进入的情况，别扰乱他的社交生活。,2026-08-05 22:26:13,https://www.reddit.com/r/relationship_advice/comments/1vgoptl/comment/p1yrbz2/,06_克服方式-心理调适-学习知识,,,,,sentiment
情感类社区,r/relationship_advice,p1yraii,1vgoqek,Appropriate-Name1041,Would you stop liking someone just because they lost weight? And what is up with this phenomenon lol.,你会因为某人减肥就停止喜欢他们吗？这现象是怎么回事哈哈。,2026-08-05 22:26:00,https://www.reddit.com/r/relationship_advice/comments/1vgoqek/comment/p1yraii/,未提及,,,,,sentiment
情感类社区,r/relationship_advice,p1yr9ki,1vgofgg,Witty_Jackfruit6777,You got fight from him trying to strangle her and her defending herself? Someone needs to check your basement.,你从他想勒死她和她自卫中得到了'打架'？有人需要检查你的地下室。,2026-08-05 22:25:51,https://www.reddit.com/r/relationship_advice/comments/1vgofgg/comment/p1yr9ki/,未提及,,,,,sentiment
情感类社区,r/relationship_advice,p1yr7gh,1vgmcx1,Madeyealice,It's okay to be single.,单身没关系。,2026-08-05 22:25:32,https://www.reddit.com/r/relationship_advice/comments/1vgmcx1/comment/p1yr7gh/,未提及,,,,,sentiment
情感类社区,r/relationship_advice,p1yr797,1vgmcx1,scheherezadeMJ,I noticed he's your ex. Good!,我注意到他是你前任了。好！,2026-08-05 22:25:30,https://www.reddit.com/r/relationship_advice/comments/1vgmcx1/comment/p1yr797/,未提及,,,,,sentiment
情感类社区,r/relationship_advice,p1yr6vf,1veu6sg,Senam1ne,This is financial abuse. He's going to ruin you if you stay.,这是财务虐待。如果你留下他会毁了你。,2026-08-05 22:25:26,https://www.reddit.com/r/relationship_advice/comments/1veu6sg/comment/p1yr6vf/,05_使用阻碍-伴侣关系-感情隐患,,,,,sentiment
情感类社区,r/relationship_advice,p1yr6gu,1vgou4w,AKlife420,"I'm so glad this was a topic my husband and I never had to talk about. Because neither of us give two fucks about each other's sexual pasts. Is that a normal way for a partner to express their feelings about someone's past, or would you also find it upsetting? I wouldn't think that's a normal way for a partner to express that, but I don't know.",我很高兴这是我和丈夫从不需要谈的话题。因为我们俩都不在乎彼此的性史。那是伴侣表达对某人过去感受的正常方式吗，还是你也会觉得不安？我不认为那是正常的表达方式，但我不知道。,2026-08-05 22:25:23,https://www.reddit.com/r/relationship_advice/comments/1vgou4w/comment/p1yr6gu/,05_使用阻碍-伴侣关系-感情隐患,,,,,sentiment
情感类社区,r/relationship_advice,p1yr5pn,1vgokjl,Majestic_Bed9233,Were you speaking to another guy at the same time as him? Did you settle for him?,你和他同时也在和另一个男人说话吗？你将就他了吗？,2026-08-05 22:25:16,https://www.reddit.com/r/relationship_advice/comments/1vgokjl/comment/p1yr5pn/,未提及,,,,,sentiment
情感类社区,r/relationship_advice,p1yr4hb,1vgokjl,YO_I_SHOT_TUPAC,"It takes two to tango, if he's actively saying no, it will never work then it's not going to work.",跳探戈要两个人，如果他积极说'不，永远不会成'，那它就不会成。,2026-08-05 22:25:04,https://www.reddit.com/r/relationship_advice/comments/1vgokjl/comment/p1yr4hb/,未提及,,,,,sentiment
情感类社区,r/relationship_advice,p1yr3gm,1vgkvze,white-as-styrofoam,"Yeah, the suicide attempt was 10 years ago now, and I have since avoided hierarchical situations like the plague. Polyam works so much better when you allow relationships to ebb and flow authentically, without making promises that you have absolutely no control over (i won't develop feelings).",是的，自杀未遂是 10 年前了，从那以后我像躲瘟疫一样避开层级情况。当你允许关系真诚地潮起潮落，不做你完全无法控制的承诺（'我不会产生感情'），多元关系好得多。,2026-08-05 22:24:55,https://www.reddit.com/r/relationship_advice/comments/1vgkvze/comment/p1yr3gm/,06_克服方式-心理调适-学习知识,,,,,sentiment
情感类社区,r/relationship_advice,p1yqhyb,1vgmcx1,z-eldapin,No. No one else is experiencing this because they are married to adults. What the actual hell is going through his head??,不。没有其他人经历这个，因为他们嫁给了成人。他脑子里到底在想什么？？,2026-08-05 22:21:37,https://www.reddit.com/r/relationship_advice/comments/1vgmcx1/comment/p1yqhyb/,未提及,,,,,sentiment
情感类社区,r/relationship_advice,p1yqfus,1vfybx5,musicisforeverlife,"OP, are there any times that you leave with the baby to visit a friend/family? Or that he goes out with the guys? Or, does he keep a tight rein on you? I understand you may not be able to answer immediately. I'll keep checking. Hang in there.",OP，有没有你带宝宝离开去拜访朋友/家人的时候？或者他'和朋友出去'？或者他对你控制很紧？我理解你可能无法立即回答。我会继续查看。坚持住。,2026-08-05 22:21:17,https://www.reddit.com/r/relationship_advice/comments/1vfybx5/comment/p1yqfus/,05_使用阻碍-伴侣关系-感情隐患,,,,,sentiment
情感类社区,r/relationship_advice,p1yqf9i,1vgofgg,Embarrassed_Wrap8421,"Don't take him back, give yourself time to grow up a little more and develop a better sense of what you want and need in a partner. Just move on and learn from this experience.",别让他回来，给自己时间多成长一点，发展更好的对你想从伴侣得到和需要的认识。就继续前进，从这个经历学习。,2026-08-05 22:21:12,https://www.reddit.com/r/relationship_advice/comments/1vgofgg/comment/p1yqf9i/,06_克服方式-心理调适-接纳自我,,,,,sentiment
情感类社区,r/relationship_advice,p1yqd1c,1vfurqr,ceebee7137,"Lmfao you really took time to repeat what the post said? Anyways, this is textbook groupthink. Part of being an adult, is being intelligent enough to realize sometimes feelings and emotions simply do not matter. At all. Like when it comes to the decision to have sex with someone who's HIV+. Fucking someone with HIV is objectively stupid as hell. And you ALL know that.",哈哈你真花时间重复帖子说的？总之，这是教科书式的群体思维。作为成人的一部分，是有足够智慧意识到有时感觉和情绪根本不重要。完全。比如在决定是否和 HIV 阳性者做爱时。操 HIV 阳性者客观愚蠢透顶。而且你们都知道。,2026-08-05 22:20:52,https://www.reddit.com/r/relationship_advice/comments/1vfurqr/comment/p1yqd1c/,未提及,,,,,sentiment
情感类社区,r/relationship_advice,p1yqb6s,1vgmcx1,nerd_is_a_verb,She should have her divorce attorney tell him lol.,她应该让她的离婚律师告诉他哈哈。,2026-08-05 22:20:35,https://www.reddit.com/r/relationship_advice/comments/1vgmcx1/comment/p1yqb6s/,未提及,,,,,sentiment
情感类社区,r/relationship_advice,p1yq8tg,1vgomom,Nearby-Ad5666,"She's weird. She's not being authentic, she just doesn't want to do her part.",她很奇怪。她不够真诚，她只是不想做她那份。,2026-08-05 22:20:13,https://www.reddit.com/r/relationship_advice/comments/1vgomom/comment/p1yq8tg/,未提及,,,,,sentiment
情感类社区,r/relationship_advice,p1yq8pr,1vgofgg,wishingforarainyday,Report the violation of the restraining order. Get tested. Mute him so you can gather more evidence of harassment without getting notifications.,报告限制令的违反。去做检测。静音他，这样你能收集更多骚扰证据而不收通知。,2026-08-05 22:20:12,https://www.reddit.com/r/relationship_advice/comments/1vgofgg/comment/p1yq8pr/,未提及,,,,,sentiment
情感类社区,r/relationship_advice,p1yqgdy,1vgahat,BlueNylon,Agreed!,同意！,2026-08-05 22:21:22,https://www.reddit.com/r/relationship_advice/comments/1vgahat/comment/p1yqgdy/,未提及,,,,,sentiment
情感类社区,r/relationship_advice,p1ypkp3,1vgnj3n,jdz50,"You still maybe able to get proof. Best way is to hire a PI. You probably should go see a divorce lawyer, especially since you confronted her. You need to find out what a divorce will look like for you and what you should do to prepare. You do not want to be caught off guard if she starts the process.",你也许还能拿到证据。最好的方式雇私家侦探。你大概该去见离婚律师，尤其你已经对质她。你需要知道离婚对你什么样、该做什么准备。如果她开始程序，你不想措手不及。,2026-08-05 22:16:32,https://www.reddit.com/r/relationship_advice/comments/1vgnj3n/comment/p1ypkp3/,06_克服方式-心理调适-学习知识,,,,,sentiment
情感类社区,r/relationship_advice,p1ypie7,1vgmcx1,Creepy-Owl3797,Get him a masturbator and tell him you'll schedule an appointment.,给他买自慰器，告诉他你会预约。,2026-08-05 22:16:11,https://www.reddit.com/r/relationship_advice/comments/1vgmcx1/comment/p1ypie7/,未提及,,,,,sentiment
情感类社区,r/relationship_advice,p1yphkh,1vgi6e4,p_27,"I would never date a man that had in any point of his life, been romantically involved with a porn star, a prostitute or any type of sex worker. I find that people involved with this type of work have very unusual views on sex, monogamy, and relationships that are very incompatible with my views.",我永远不会约会任何人生中任何时刻和色情明星、妓女或任何性工作者有浪漫关系的人。我觉得参与这类工作的人对性、一夫一妻和关系有非常不寻常、与我的观点非常不兼容的看法。,2026-08-05 22:16:04,https://www.reddit.com/r/relationship_advice/comments/1vgi6e4/comment/p1yphkh/,未提及,,,,,sentiment
情感类社区,r/relationship_advice,p1ypgqx,1vgmcx1,LORDRAJA1000,This is a 38 year old man???? lmaoooooo.,这是个 38 岁的男人？？？？哈哈哈哈哈。,2026-08-05 22:15:57,https://www.reddit.com/r/relationship_advice/comments/1vgmcx1/comment/p1ypgqx/,未提及,,,,,sentiment
情感类社区,r/relationship_advice,p1ypgan,1vgndyl,Humble_Surround3619,"Do him a favor and tell him that people who talk about how great they are (in any context), usually aren't.",帮他个忙，告诉他那些谈论自己多棒的人（任何语境）通常都不棒。,2026-08-05 22:15:52,https://www.reddit.com/r/relationship_advice/comments/1vgndyl/comment/p1ypgan/,未提及,,,,,sentiment
情感类社区,r/relationship_advice,p1ype9s,1vgocex,Western-Breadfruit71,"Why do you feel that you need to talk to her about it? You're 27. You're an adult. Your health is your responsibility. Your mother doesn't need to be on board or understand. Your health issues are yours to manage—they may be reasons for your challenges but they aren't excuses. Now you have a diagnosis. But many of us women don't get diagnosed until much later in life when the strategies we had to figure out—no accommodations for us—go to hell with perimenopause. It would have been cool if your mom saw what you were dealing with and told you. But to her point, you're making this about a diagnosis and that isn't going to solve any problems. She doesn't need to validate your medical situation or anything else. You need to put all that energy you seem to want to put into getting her attention about your health into managing your health.",你为什么觉得*需要*和她谈这个？你 27 岁。你是成人。你的健康是你的责任。你妈妈不需要同意或理解。你的健康问题是你自己管理的——它们可能是你挑战的原因，但不是借口。现在你有诊断了。但我们很多女人直到生活后期才被诊断，那时我们不得不自己想出的策略——没有给我们任何便利——随着围绝经期崩塌。如果你妈妈看到你在处理什么并告诉你会很酷。但按她的观点，你把这个变成关于诊断的事，那不会解决任何问题。她不需要验证你的医疗状况或任何其他。你需要把所有你想投入让她注意你健康的能量用于管理你的健康。,2026-08-05 22:15:34,https://www.reddit.com/r/relationship_advice/comments/1vgocex/comment/p1ype9s/,06_克服方式-心理调适-接纳自我,,,,,sentiment
情感类社区,r/relationship_advice,p1ypcun,1vg9307,zombiexmuffins,"How your parents did things isn't normal. It was that way because up until a certain point, women didn't have rights or a say. Things are different now. Keep your finances separate.",你父母的方式不正常。那之所以那样是因为直到某一点，女人没有权利或发言权。现在不同了。保持财务分开。,2026-08-05 22:15:21,https://www.reddit.com/r/relationship_advice/comments/1vg9307/comment/p1ypcun/,未提及,,,,,sentiment
情感类社区,r/relationship_advice,p1ypce2,1vg9307,mellomee,Maybe there's something to that. Was it fairly equal when it came to earnings? We never fight about money either but we also both earn well. I imagine there can be some resentment if it's one sided but then it should be balanced out in some way.,也许那里有点什么。收入方面相当平等吗？我们从不为钱吵架，但我们都赚得好。我想如果一边倒可能会有怨恨，但那样应该以某种方式平衡。,2026-08-05 22:15:17,https://www.reddit.com/r/relationship_advice/comments/1vg9307/comment/p1ypce2/,未提及,,,,,sentiment
情感类社区,r/relationship_advice,p1ypgoa,1vgeguw,Championship682,Have him cancel the dinner. He could offer to reschedule with you.,让他取消晚餐。他可以提议和你重新安排。,2026-08-05 22:15:56,https://www.reddit.com/r/relationship_advice/comments/1vgeguw/comment/p1ypgoa/,未提及,,,,,sentiment
情感类社区,r/relationship_advice,p1yonnb,1vgnj3n,Mediocre-Yesterday74,"So I confronted her about it last weekend and we got in a huge fight. I want to be able to find proof that she is doing it, but I could see her laying low now.",所以我上周末对质了她，我们大吵一架。我想找到她在做的证据，但我看得出她现在在低调。,2026-08-05 22:11:33,https://www.reddit.com/r/relationship_advice/comments/1vgnj3n/comment/p1yonnb/,未提及,,,,,sentiment
情感类社区,r/relationship_advice,p1yomcw,1vg877c,Reditman3000,"She was cheating on you, the other guys finished with her and you are the current backup option. Any questions? My advice is to keep doing what you're doing.",她在背叛你，其他男人和她结束了，你是当前备胎选项。还有问题吗？我的建议是继续做你正在做的。,2026-08-05 22:11:21,https://www.reddit.com/r/relationship_advice/comments/1vg877c/comment/p1yomcw/,05_使用阻碍-伴侣关系-感情隐患,,,,,sentiment
情感类社区,r/relationship_advice,p1yoj1q,1vg4orp,Interesting_Many_162,"OK, so because I'm a man, I don't get to have an opinion on children? Boy I would say that's a pretty sexist thing to say. So I guess you are only allowed to have opinions on something that directly affects you personally. That's a pretty ridiculous line of thinking. Once again, I am not saying anybody should be forced to do anything. I am not diminishing the pain from childbirth or the complications that can come from childbirth or anything like that. You can continue to lie all you want about that but that's your problem. Once again all I'm saying is that being afraid of something should not be what holds you back from doing it. Also, I don't see how it is a controversial thing to say that creating life and having a child is the most incredible thing that humans are able to do. It is incredible women perform these amazing miracles all the time and it is one of the many reasons why women are the most beautiful creation that God has ever had. Yet people wanna lie and say that I'm saying not having children is selfish and all that, even though you can't find a single time where I've said that. It's as if you make shit up to try to prove a point that you don't actually make.",好，因为我是一个男人，我就不能对生孩子有意见？哇，我会说那是相当性别歧视的话。所以我猜你只允许对直接影响你个人的事有意见。那是相当荒谬的思路。再说一次，我不是说任何人应该被强迫做任何事。我不是在贬低分娩的痛苦或分娩可能带来的并发症或任何类似。你可以继续随心所欲地撒谎，但那是你的问题。我再说一次，我所说的只是害怕某事不应该成为阻止你去做它的东西。而且，我不明白说创造生命和生孩子是人类能做的最不可思议的事有什么争议。女人不断表演这些惊人奇迹，这是为什么女人是上帝创造过最美丽造物的众多原因之一。然而人们想撒谎说我在说不生孩子自私什么的，即使你找不到任何一次我说过那个。就像你编造东西试图证明一个你实际没做出的观点。,2026-08-05 22:10:51,https://www.reddit.com/r/relationship_advice/comments/1vg4orp/comment/p1yoj1q/,未提及,,,,,sentiment
情感类社区,r/relationship_advice,p1yoip3,1vgnyib,hexmisdirect,Therapy for sure to work on yourself for yourself. But also isn't this the goal lmao? I'd love to bag a partner hotter than me. You get to look at him more than you look at yourself. Rejoice! Maybe you can flip your perspective to being pleased you got a hottie and focus less on yourself. Obviously anyone giving you looks is jealous so let them eat their hearts out.,治疗肯定是为了你自己为你自己。但这也是目标哈哈？我很想搞定一个比我火的伴侣。你看他的时间比看自己多。欢欣吧！也许你能翻转视角为得到一个辣妹而高兴，少关注自己。显然任何看你的人都是嫉妒，让他们心碎吧。,2026-08-05 22:10:48,https://www.reddit.com/r/relationship_advice/comments/1vgnyib/comment/p1yoip3/,06_克服方式-心理调适-接纳自我,,,,,sentiment
情感类社区,r/relationship_advice,p1yoilx,1vgmcx1,Bippityboppitynope2,Divorces are expensive because they are worth it.,离婚贵是因为它们值得。,2026-08-05 22:10:47,https://www.reddit.com/r/relationship_advice/comments/1vgmcx1/comment/p1yoilx/,未提及,,,,,sentiment
情感类社区,r/relationship_advice,p1yoijm,1vgo5vz,Idekmee,"Yes girl you are overthinking some things, but make very valid points on others. In regard to his sister & if there's still a relationship there, don't ask her any questions like if you did something to upset her or etc. that'll make it wayyy more awkward and probably offend her. Leave that alone. It is not your job to force there to be a relationship there. It goes both ways. If she wants nothing to do with you, then that's fine too. You guys aren't married and you don't owe his family any obligations. Just be yourself and if they don't like you as you are, just be polite and try not to step on their toes and be respectful of course. Honestly it's also part of your boyfriend's job in my opinion to introduce you two and help you both ease the awkwardness, I hate it when people don't do that. Like it's HIS sister, not yours. If she is offended or etc not having fun feeling alone etc she also is her own person. As far as your insecurities go - you need to learn to let some of that shit go. Don't worry what other people think about you - his sister, his family, his coworkers or even him. He is with you for a reason and as long as he doesn't give you a real solid reason to doubt that, everything else is honestly just your insecurity. It really is. Overall, If you love him and he treats you right, make this second chance count, be sure that you don't regret anything you say or do. If it works out, great, and if it doesn't move on, even better, you'll be fine.",是的女孩你在一些事上想太多，但在其他事上提出非常有效的观点。关于他妹妹和是否还有关系，别问她像'我做了什么让你不高兴'之类的问题，那会非常尴尬可能冒犯她。别管那个。强行建立关系不是你的工作。它是双向的。如果她不想和你有任何关系，那也行。你们没结婚，你不对他的家人负任何义务。就做自己，如果他们不喜欢你的样子，就礼貌点、别踩他们脚趾、当然尊重。老实说，我认为也是你男友工作的一部分介绍你们俩、帮你们缓解尴尬，我讨厌人们不那样做。像那是他的妹妹，不是你的。如果她被冒犯或等等没有乐趣感到孤独等等，她也是她自己的人。至于你的不安全感——你需要学会放掉一些那种垃圾。别担心别人怎么看你——他的妹妹、他的家人、他的同事甚至他。他和你在一起是有原因的，只要他没给你真实可靠的理由怀疑那点，其他一切老实说只是你的不安全感。真的是。总的来说，如果你爱他他善待你，让这第二次机会算数，确保你不后悔你说的或做的任何事。如果成了，好，如果没成继续前进，更好，你会没事的。,2026-08-05 22:10:46,https://www.reddit.com/r/relationship_advice/comments/1vgo5vz/comment/p1yoijm/,06_克服方式-心理调适-接纳自我,,,,,sentiment
情感类社区,r/relationship_advice,p1yo4g1,1vg4orp,WeeklyConversation8,I am NOT reading all that. I read enough. You said both. You can't deny it. The lies continue.,我不会读那全部。我读够了。你两个都说了。你无法否认。谎言继续。,2026-08-05 22:08:26,https://www.reddit.com/r/relationship_advice/comments/1vg4orp/comment/p1yo4g1/,未提及,,,,,sentiment
情感类社区,r/relationship_advice,p1ypgoa,1vgeguw,Championship682,Have him cancel the dinner. He could offer to reschedule with you.,让他取消晚餐。他可以提议和你重新安排。,2026-08-05 22:15:56,https://www.reddit.com/r/relationship_advice/comments/1vgeguw/comment/p1ypgoa/,未提及,,,,,sentiment
情感类社区,r/relationship_advice,p1ynqcn,1vghq80,ThrowRA_Princesss,In the same boat here with my bf of 2 years. Makes me feel like a beg lol.,和我 2 年男友同一条船。让我觉得自己像乞丐哈哈。,2026-08-05 22:06:28,https://www.reddit.com/r/relationship_advice/comments/1vghq80/comment/p1ynqcn/,05_使用阻碍-心理状态-羞耻愧疚,,,,,sentiment
情感类社区,r/relationship_advice,p1yno60,1vgcrc6,Brilliant-Object-467,"If you don't care about yourself care about your daughter, it's your job to bring your daughter up. Well, not your husband's, yours. It's your job to teach her independence, to explain what grooming is to her and sexual assault all that stuff if you want a good daughter that is smart educated and can be independent without a man. Please do her a favor and do not act like a scared child. If you don't care about yourself that's one thing but just submit your daughter to this kind of a home is wrong completely wrong.",如果你不在乎自己，在乎你女儿吧，抚养女儿是你的工作。嗯，不是丈夫的，是你的。教她独立、向她解释什么是诱骗和性侵犯那些是你的工作，如果你想要一个聪明、受过教育、能独立不靠男人的好女儿。请帮她个忙，别表现得像个害怕的孩子。如果你不在乎自己那是一回事，但让你的女儿屈服于这种家是错的，完全错。,2026-08-05 22:06:07,https://www.reddit.com/r/relationship_advice/comments/1vgcrc6/comment/p1yno60/,05_使用阻碍-伴侣关系-感情隐患,,,,,sentiment
情感类社区,r/relationship_advice,p1ynnuw,1vgeguw,buch0n,"I'm gonna be devil's advocate and suppose that she has no romantic feelings for him, never had, and was never aware of his feelings for her. Maybe she just wants to catch up with an old friend. Do you trust that your bf has no lingering feelings for her?",我要当魔鬼代言人，假设她对他没有浪漫感情，从没有过，也从不知道他对她的感情。也许她只是想和老朋友叙旧。你信任你男友对她没有残留感情吗？,2026-08-05 22:06:04,https://www.reddit.com/r/relationship_advice/comments/1vgeguw/comment/p1ynnuw/,未提及,,,,,sentiment
情感类社区,r/relationship_advice,p1ynm43,1vgnkq7,My_2Cents_666,"Tell him you're not interested in dating right now. End of story. Being anything but direct, will get you nowhere fast.",告诉他你目前对约会不感兴趣。就这样。除了直接，你哪儿也到不了。,2026-08-05 22:05:48,https://www.reddit.com/r/relationship_advice/comments/1vgnkq7/comment/p1ynm43/,未提及,,,,,sentiment
情感类社区,r/relationship_advice,p1ynl99,1vgnyib,SaltySweetMomof2,Did you read the post? OP is a woman and her partner is a man.,你读帖子了吗？OP 是女人，她的伴侣是男人。,2026-08-05 22:05:40,https://www.reddit.com/r/relationship_advice/comments/1vgnyib/comment/p1ynl99/,未提及,,,,,sentiment
情感类社区,r/relationship_advice,p1ynj3z,1vg276b,HerSpirit94,Yeah... she's gone. I think her reaction was a bit much but I can see how that would be a huge turn off. I doubt that the relationship can be saved at this point.,是的……她走了。我觉得她的反应有点过，但我能理解那会是个巨大的扫兴。我怀疑关系到这点能否挽救。,2026-08-05 22:05:20,https://www.reddit.com/r/relationship_advice/comments/1vg276b/comment/p1ynj3z/,未提及,,,,,sentiment
情感类社区,r/relationship_advice,p1ynivh,1vgahat,AllMyNicksAreUsed,Can't get fooled again.,不能再被骗了。,2026-08-05 22:05:18,https://www.reddit.com/r/relationship_advice/comments/1vgahat/comment/p1ynivh/,未提及,,,,,sentiment
情感类社区,r/relationship_advice,p1yndjk,1vgnujt,Zestyclose_Task,"When I was 22 I had just ended my relationship of 5 years and expected my world to be over. Surprise! It wasn't and life just goes on. I'm 25 now and much happier, I'm also taking it a bit slower moving into my new relationship but that is going extremely well. I hope you make whatever decision that will make you happy in the long run, after all this is your life why not enjoy it?",我 22 岁时刚结束 5 年的关系，以为我的世界要结束了。惊喜！没有，生活继续。我现在 25 岁快乐多了，我也在更慢地进入新关系，但那进行得非常好。我希望你做任何长远让你快乐的决定，毕竟这是你的生活，为什么不享受它？,2026-08-05 22:04:30,https://www.reddit.com/r/relationship_advice/comments/1vgnujt/comment/p1yndjk/,06_克服方式-心理调适-接纳自我,,,,,sentiment
情感类社区,r/relationship_advice,p1yncjz,1vgo5vz,drunk_trophywife_,"What are you doing to work on your insecurities? I don't see that anywhere in the post. I'm not saying his behaviour was fine, but you're not going to have a healthy relationship with anyone if you don't work on yourself.",你在做什么来改善你的不安全感？我在帖子哪里都没看到。我不是说他行为没问题，但如果你不为你自己努力，你不会和任何人拥有健康关系。,2026-08-05 22:04:21,https://www.reddit.com/r/relationship_advice/comments/1vgo5vz/comment/p1yncjz/,06_克服方式-心理调适-学习知识,,,,,sentiment
情感类社区,r/relationship_advice,p1ynd3w,1vgmcx1,KraljZ,My god. Sometimes I wonder about people and then I read posts on this sub.,我的天。有时我怀疑人们，然后我读这个 sub 的帖子。,2026-08-05 22:04:26,https://www.reddit.com/r/relationship_advice/comments/1vgmcx1/comment/p1ynd3w/,未提及,,,,,sentiment
情感类社区,r/relationship_advice,p1ymnty,1vgndyl,OwnFuture6956,"First thing I also noticed but he says he's saving up for a home. Rent has gotten expensive so I didn't knock his desire to save money. In fact, he thinks I should be rooming with someone to save money also. It's a peace over matter thing for me. I'd rather not tolerate others.",我也注意到的第一件事，但他说他在为房子存钱。房租变贵了，所以我不打击他存钱的愿望。事实上，他认为我也应该和别人合租省钱。对我来说是和平高于物质。我宁愿不容忍别人。,2026-08-05 22:00:35,https://www.reddit.com/r/relationship_advice/comments/1vgndyl/comment/p1ymnty/,未提及,,,,,sentiment
情感类社区,r/relationship_advice,p1ymnet,1vgijgc,InsertCleverName652,Excellent advice. Also get cameras for your residence and cars.,绝佳建议。也给你的住所和车装摄像头。,2026-08-05 22:00:32,https://www.reddit.com/r/relationship_advice/comments/1vgijgc/comment/p1ymnet/,未提及,,,,,sentiment
情感类社区,r/relationship_advice,p1yml0v,1vg2zee,Loose-Chemical-4982,You're not going to get anywhere if you keep making excuses for him and don't hold him accountable for his behavior. You have a family to think of.,如果你继续为他找借口、不为他的行为让他负责，你哪儿也到不了。你有家庭要考虑。,2026-08-05 22:00:10,https://www.reddit.com/r/relationship_advice/comments/1vg2zee/comment/p1yml0v/,05_使用阻碍-伴侣关系-感情隐患,,,,,sentiment
情感类社区,r/relationship_advice,p1ymk2g,1vgo48w,LnTc_Jenubis,"Let him go, tell him to message you after and give you any cool gossip. I don't think you have anything to fear here.",让他去，告诉他之后给你发消息给你任何酷八卦。我不觉得这里有什么好怕的。,2026-08-05 22:00:01,https://www.reddit.com/r/relationship_advice/comments/1vgo48w/comment/p1ymk2g/,未提及,,,,,sentiment
情感类社区,r/relationship_advice,p1ymix6,1vglgef,wateraerobics_,I'd feel guilty if he killed himself.,如果他自杀了我会内疚。,2026-08-05 21:59:51,https://www.reddit.com/r/relationship_advice/comments/1vglgef/comment/p1ymix6/,未提及,,,,,sentiment
情感类社区,r/relationship_advice,p1ynms1,1vgnujt,Icy_Use_299,Thank you friend!,谢谢朋友！,2026-08-05 22:05:54,https://www.reddit.com/r/relationship_advice/comments/1vgnujt/comment/p1ynms1/,未提及,,,,,sentiment
情感类社区,r/relationship_advice,p1ylwxf,1vgnujt,NoeTellusom,"Yes, it was rude, but that's a hell of a long time to be on the phone daily. I both live and work with my husband and we don't spend 3-6 hours a day talking.",是的，那很粗鲁，但每天打电话 3-6 小时也太长了。我和丈夫一起生活和一起工作，我们也不会每天谈 3-6 小时。,2026-08-05 21:56:31,https://www.reddit.com/r/relationship_advice/comments/1vgnujt/comment/p1ylwxf/,未提及,,,,,sentiment
情感类社区,r/relationship_advice,p1ylvwr,1vgkx8n,New_Seesaw4717,I work in corporate and just got promoted without going to a strip club lol.,我在企业工作，刚升职了，没去脱衣舞俱乐部哈哈。,2026-08-05 21:56:22,https://www.reddit.com/r/relationship_advice/comments/1vgkx8n/comment/p1ylvwr/,未提及,,,,,sentiment
情感类社区,r/relationship_advice,p1yltj3,1vgmcx1,aeriedweller,I refuse to believe this is the only coercion you have to deal with.,我拒绝相信这是你唯一要处理的胁迫。,2026-08-05 21:56:00,https://www.reddit.com/r/relationship_advice/comments/1vgmcx1/comment/p1yltj3/,未提及,,,,,sentiment
情感类社区,r/relationship_advice,p1ylsil,1vgnujt,Icy_Use_299,I like that idea!! Thank you. And I definitely will have a chat about him regarding his conflict solutions. He tends to shut down when he's upset but I will speak to him when it's cleared up.,我喜欢那个主意！！谢谢。我肯定会和他谈关于他的冲突解决方式。他难过时倾向于关闭，但我会在事情解决后和他谈。,2026-08-05 21:55:51,https://www.reddit.com/r/relationship_advice/comments/1vgnujt/comment/p1ylsil/,未提及,,,,,sentiment
情感类社区,r/relationship_advice,p1ylrwa,1vgmcx1,Break2304,The dude sounds like a living breathing infant?,这家伙听起来像个活生生的婴儿？,2026-08-05 21:55:45,https://www.reddit.com/r/relationship_advice/comments/1vgmcx1/comment/p1ylrwa/,未提及,,,,,sentiment
情感类社区,r/relationship_advice,p1ylpvf,1vgmcx1,Sutaru,"This is actually insane. My husband and I are in the same situation work-wise. He's 100% remote and my job is 2 days from home, but we don't have sex during the workday and him throwing a big ol baby tantrum over it is really sexy.",这真的疯了。我丈夫和我在工作方面情况相同。他 100% 远程，我工作 2 天在家，但我们不在工作日做爱，他为这个发大宝宝脾气真的超性感。,2026-08-05 21:55:27,https://www.reddit.com/r/relationship_advice/comments/1vgmcx1/comment/p1ylpvf/,未提及,,,,,sentiment
情感类社区,r/relationship_advice,p1ylpp5,1vg620z,ALeaves1013,Sometimes the trash takes itself out.,有时垃圾会自己走。,2026-08-05 21:55:26,https://www.reddit.com/r/relationship_advice/comments/1vg620z/comment/p1ylpp5/,未提及,,,,,sentiment
情感类社区,r/relationship_advice,p1ylp8i,1vgnujt,pdf17,"As he hasn't responded or reached out, maybe he's already done you the favor of making that decision.",因为他没回应或联系，也许他已经帮你做了那个决定。,2026-08-05 21:55:21,https://www.reddit.com/r/relationship_advice/comments/1vgnujt/comment/p1ylp8i/,未提及,,,,,sentiment
情感类社区,r/relationship_advice,p1ylogk,1vgcrc6,Bootswithdafur,I do a similar thing with my wife but I just straight up told her from the beginning to please stop loading the dishwasher if you aren't going to check that the arm can spin lol. She did it so many times and just refused to listen so I just said babe can you please just let me do it and she was fine with it. She has ADHD and I don't care about being the one to do it so it works for us. Maybe if he was just honest with you from the beginning it wouldn't matter? Also wait... do you guys think my wife purposely kept loading the dishwasher wrong so she wouldn't have to do it? lol the plot thickens!,我对妻子做类似的事，但我从一开始就直说，如果你不打算检查臂能不能转，请别再装洗碗机哈哈。她做了很多次就是不听，所以我只说'宝贝请让我来装'，她没问题。她有多动症，我不在乎是我做，所以对我们有效。也许如果他从一开始就对你诚实就不会有事？等等……你们觉得我妻子是不是故意装错洗碗机这样她就不用做？哈哈剧情变复杂了！,2026-08-05 21:55:14,https://www.reddit.com/r/relationship_advice/comments/1vgcrc6/comment/p1ylogk/,未提及,,,,,sentiment
情感类社区,r/relationship_advice,p1ylnxn,1vgo5vz,AcadiaTemporary5737,Get a new boyfriend.,换个新男友。,2026-08-05 21:55:09,https://www.reddit.com/r/relationship_advice/comments/1vgo5vz/comment/p1ylnxn/,未提及,,,,,sentiment
情感类社区,r/relationship_advice,p1yl16c,1vgnujt,MichaelAndolini_,Spidey senses say one of them is controlling and monopolizing the free time to keep them faithful.,蜘蛛感应说他们其中一个在控制和垄断空闲时间以保持他们'忠诚'。,2026-08-05 21:51:39,https://www.reddit.com/r/relationship_advice/comments/1vgnujt/comment/p1yl16c/,未提及,,,,,sentiment
情感类社区,r/relationship_advice,p1yl0v6,1vgnujt,Icy_Use_299,Yeah recently I started implementing more space and he does respect it but I do agree with the other comments I can work on my communication.,是的，最近我开始实施更多空间，他确实尊重，但我同意其他评论，我可以改善我的沟通。,2026-08-05 21:51:36,https://www.reddit.com/r/relationship_advice/comments/1vgnujt/comment/p1yl0v6/,未提及,,,,,sentiment
情感类社区,r/relationship_advice,p1ykzsm,1vgijgc,Obligatory_Burner,"Do not under any circumstances engage with the crazies. Get the ball rolling on a criminal stalking case. Get the ball rolling on conservatorship as well. Cameras. Your house needs to be absolutely covered in Nest hi res cameras. Call your local police/sheriff station, talk to the commander and get them aware of her. They will not want her in their community either. Every time she steps on your property you call the police. You tell them you fear for your immediate safety. You press charges and have her evaluated for a psychiatric hold. Literally every time. It will take maximum effort, but you will eventually get a restraining/protective order. Once that's on brand, the police will make her disappear. Also, contact the PD where your brother's protective order is placed. That will show continuity of mental health issues.",在任何情况下都别和疯子互动。启动刑事跟踪案件。也启动监护程序。摄像头。你的房子需要完全覆盖 Nest 高清摄像头。给你当地警察/警长站打电话，和指挥官谈让他们知道她。他们也不希望她在他们社区。每次她踏上你的财产你就报警。你告诉他们你担心立即安全。你起诉并让她接受精神评估。字面每次都。这需要最大努力，但你最终会得到限制/保护令。一旦那生效，警察会让她消失。另外，联系你兄弟保护令所在的警局。那会显示精神健康问题的连续性。,2026-08-05 21:51:26,https://www.reddit.com/r/relationship_advice/comments/1vgijgc/comment/p1ykzsm/,06_克服方式-心理调适-学习知识,,,,,sentiment
情感类社区,r/relationship_advice,p1ykyyl,1vg6hf5,Ok_Can_2942,You barely know him.,你几乎不认识他。,2026-08-05 21:51:19,https://www.reddit.com/r/relationship_advice/comments/1vg6hf5/comment/p1ykyyl/,未提及,,,,,sentiment
情感类社区,r/relationship_advice,p1ykyg0,1vgahat,_A-Q,"Oh, she is definitely internet stalking OP and her boyfriend as we speak. She's gonna accidentally run into them wearing her skimpiest outfit. Pathetic. Hopefully OP has a good boyfriend who can see through the bullshit.",哦，她此刻肯定在互联网跟踪 OP 和她男友。她会'碰巧'穿着最暴露的服装撞见他们。可悲。希望 OP 有个能看穿废话的好男友。,2026-08-05 21:51:14,https://www.reddit.com/r/relationship_advice/comments/1vgahat/comment/p1ykyg0/,未提及,,,,,sentiment
情感类社区,r/relationship_advice,p1ykxrt,1vgnujt,Zestyclose_Task,Because throwing temper tantrums and ghosting your partner is so mature. Op read what you typed out loud to yourself and ask does this make me happy?,因为发脾气和冷落伴侣是如此成熟。Op 大声读你打的字，问'这让我快乐吗？',2026-08-05 21:51:08,https://www.reddit.com/r/relationship_advice/comments/1vgnujt/comment/p1ykxrt/,未提及,,,,,sentiment
情感类社区,r/relationship_advice,p1ykuhe,1vgnyib,Your_Daddy_1972,You're in desperate need of therapy. Your insecurities are working overtime and to put it bluntly if you don't get them in check then you could very well be looking at a self fulfilling prophecy.,你迫切需要治疗。你的不安全感在超时工作，坦率说如果你不控制它们，你很可能看到一个自我实现的预言。,2026-08-05 21:50:38,https://www.reddit.com/r/relationship_advice/comments/1vgnyib/comment/p1ykuhe/,06_克服方式-心理调适-学习知识,,,,,sentiment
情感类社区,r/relationship_advice,p1yktg3,1vfjwp6,Significant-Dig-8099,Info - why isn't your husband paying the bills if you are a stay at home mom?,信息——如果你是家庭主妇，为什么你丈夫不付账单？,2026-08-05 21:50:28,https://www.reddit.com/r/relationship_advice/comments/1vfjwp6/comment/p1yktg3/,未提及,,,,,sentiment
情感类社区,r/relationship_advice,p1yktgz,1vgmcx1,Rwillsays,Other people enjoy living. A 5 min quickie while WFH is not beyond the scope. Y'all are insane.,其他人享受生活。在家办公时 5 分钟快炮不在范围之外。你们都疯了。,2026-08-05 21:50:28,https://www.reddit.com/r/relationship_advice/comments/1vgmcx1/comment/p1yktgz/,未提及,,,,,sentiment
情感类社区,r/relationship_advice,p1ykwfy,1vgnujt,Icy_Use_299,You're right thank you.,你说得对，谢谢。,2026-08-05 21:50:56,https://www.reddit.com/r/relationship_advice/comments/1vgnujt/comment/p1ykwfy/,未提及,,,,,sentiment
情感类社区,r/relationship_advice,p1xw7j6,1vgkvze,NYChockey14,Are you sure he's actually in an open relationship and the partner knows about you? How has he proven anything he said is true and you're not just an after partner?,你确定他真的是开放关系、伴侣知道你的存在吗？他说的哪些话有证据证明是真的，还是你只是事后才发现的那个？,2026-08-05 21:43:27,https://www.reddit.com/r/relationship_advice/comments/1vgkvze/comment/p1xw7j6/,01_关系状态-信任破裂/出轨,,,,,sentiment
情感类社区,r/relationship_advice,p1xw7ii,1vgkvm0,TroublesomeTurnip,This seems more like a vent or diary post.,这看起来更像是发泄或日记帖。,2026-08-05 21:43:26,https://www.reddit.com/r/relationship_advice/comments/1vgkvm0/comment/p1xw7ii/,未提及,,,,,sentiment
情感类社区,r/relationship_advice,p1xw6r0,1vgkxla,ThrowRa_Radish2494,Why,为什么。,2026-08-05 21:43:20,https://www.reddit.com/r/relationship_advice/comments/1vgkxla/comment/p1xw6r0/,未提及,,,,,sentiment
情感类社区,r/relationship_advice,p1xw5ef,1vg9307,StormFather15,"There is no normal. There is what works for the two of you that you both agree to. Joint and separate both work and I think people get way too attached to knew idea or the other. As long as everyone is taken care of and happy, it doesn't matter. Saying separate accounts feels like roommates seems kinda shallow and odd to me, and my wife and I do shared accounts. I don't think it's malicious, just that you're overly attached to the idea without just cause, probably due to that association you learned growing up. How you feel about each other and the love you share should is the most important thing.","没有所谓的""正常""。只有你们俩都同意、对两人都管用的方式。共同账户和分开账户都行，我觉得人们对这个想法太执着了。只要大家都被照顾好、都开心，就无所谓。说分开账户像室友在我看来有点肤浅和奇怪，我和我妻子就是共同账户。我不觉得这是恶意，只是你毫无理由地过度执着于这个想法，可能是因为你从小建立的那种关联。你们彼此的感觉和分享的爱才是最重要的。",2026-08-05 21:43:09,https://www.reddit.com/r/relationship_advice/comments/1vg9307/comment/p1xw5ef/,03_用户需求-认同/正常化,,,,,sentiment
情感类社区,r/relationship_advice,p1xw551,1vg276b,ParkingLettuce2,"As a woman, she doesn't get to tell you what being a man looks like to you. And just to say, good job in communicating. It probably feels like doing so was a mistake, but it's really healthy to want to explore things with your partner and to feel safe and secure enough to bring it to their consideration. Don't let her reaction bring you shame or make you hide any part of yourself. Let her go. This prob won't be the last time she treats you like this.",作为一个女人，她无权定义做男人对你来说是什么样。而且，说真的，你沟通做得很好。可能感觉说出来像是个错误，但想和伴侣一起探索、并且有足够的安全感把它提出来，真的很健康。别让她的反应让你羞耻，也别让你隐藏自己任何一部分。让她走吧。这大概不会是她最后一次这样对你。,2026-08-05 21:43:07,https://www.reddit.com/r/relationship_advice/comments/1vg276b/comment/p1xw551/,"02_心理状态-羞耻/愧疚丨04_应对方式-主动沟通,04_应对方式-考虑离开/结束关系",,,,,sentiment
情感类社区,r/relationship_advice,p1xw2dk,1vggfl0,Kokbiel,"Your GF made a very smart choice, and you need to quit thinking with your dick. I used birth control - it failed and my 3.5 year old is sitting next to me right now. I was of the mindset before that I WOULD abort if it failed, and when it happened I ended up paralyzed and couldn't do it. To be honest, it sounds like your end goal is simply sex and nothing else. This shouldn't have shaken you like this. I dunno, something about the way this is written is just a bit.. gross.","你女朋友做了个非常明智的选择，你需要别再用下半身思考了。我用过避孕措施——它失败了，我 3 岁半的孩子现在就坐我旁边。我以前也抱着""失败了就堕胎""的想法，但真发生时我整个人僵住下不了手。说实话，听起来你的最终目标只是性，没有别的。这事不应该让你这么动摇。我也不知道，这帖子读起来就是有点……恶心。",2026-08-05 21:42:46,https://www.reddit.com/r/relationship_advice/comments/1vggfl0/comment/p1xw2dk/,未提及,,,,,sentiment
情感类社区,r/relationship_advice,p1xvzaf,1vg276b,ruerret,But its fine if she uses a toy on herself?,但她自己用玩具就没问题吗？,2026-08-05 21:42:20,https://www.reddit.com/r/relationship_advice/comments/1vg276b/comment/p1xvzaf/,01_关系状态-性需求不匹配,,,,,sentiment
情感类社区,r/relationship_advice,p1xvyg8,1vgkhbl,r0m4115,"When id bring it up, he would always listen and apologize, make a sort of plan to be better, and then it'd die within a few days.",每当我提出来，他总会听、道歉、制定个改进计划，然后几天之内就又没了。,2026-08-05 21:42:14,https://www.reddit.com/r/relationship_advice/comments/1vgkhbl/comment/p1xvyg8/,01_关系状态-沟通障碍/回避丨02_心理状态-失望/沮丧,,,,,sentiment
情感类社区,r/relationship_advice,p1xvx1a,1vg9307,Elegant-Analyst-7381,"There is no ""normal,"" there's what's works for you two as a couple. I would recommend premarital counseling, which often goes into how you both envision finances working. There's a lot more to it than just separate vs joint financial accounts, and it's important to make sure you're on the same page. Finances is a big reason for divorce; make sure you're financially compatible before taking that step.","没有""正常""，只有对你们俩作为情侣来说管用的方式。我建议做婚前咨询，那通常会探讨你们俩如何看待财务。这远不止分开账户还是共同账户的问题，确保你们在同一页上很重要。财务是离婚的一大原因；在迈出那一步之前，确保你们财务上合拍。",2026-08-05 21:42:02,https://www.reddit.com/r/relationship_advice/comments/1vg9307/comment/p1xvx1a/,04_应对方式-寻求专业帮助,,,,,sentiment
情感类社区,r/relationship_advice,p1xvwgj,1vgkxla,NYChockey14,No I wouldn't say normal. Sounds like a fetish type of thing,不，我不会说这是正常的。听起来像某种恋物癖的事。,2026-08-05 21:41:58,https://www.reddit.com/r/relationship_advice/comments/1vgkxla/comment/p1xvwgj/,未提及,,,,,sentiment
情感类社区,r/relationship_advice,p1xvv12,1vgk94j,No_Initial_5939,"You have a great way with words, and honestly seem so wise. Thank you SpeckledSir!",你用词很棒，看起来真的很睿智。谢谢你，SpeckledSir！,2026-08-05 21:41:46,https://www.reddit.com/r/relationship_advice/comments/1vgk94j/comment/p1xvv12/,未提及,,,,,sentiment
情感类社区,r/relationship_advice,p1xvuq0,1vg276b,ruerret,Tell her no when she wants to use a toy on herself,"她想在自己身上用玩具的时候，对她说""不""。",2026-08-05 21:41:43,https://www.reddit.com/r/relationship_advice/comments/1vg276b/comment/p1xvuq0/,01_关系状态-性需求不匹配,,,,,sentiment
情感类社区,r/relationship_advice,p1xvui6,1vg276b,pressureworld,You can only speak for yourself.,你只能代表你自己说话。,2026-08-05 21:41:42,https://www.reddit.com/r/relationship_advice/comments/1vg276b/comment/p1xvui6/,未提及,,,,,sentiment
情感类社区,r/relationship_advice,p1xvu0b,1vgji8m,Active-Arachnid-2124,"This is my personal opinion, I think you should tell your sister or at least be prepared to step in if the situation gets worse. I'm not saying your parents are abusive, but what I am saying is that it's hard to know the outcomes if your mom doesn't know how to emotionally regulate that well so it's a gamble. Same if your dad spills the beans by accident or there's a big fight.",这是我个人看法，我觉得你应该告诉你姐姐，或者至少准备好情况恶化时介入。我不是说你父母虐待，但我要说的是，如果你妈妈不那么会情绪调节，结果很难预料，那是一场赌博。同样，如果你爸爸不小心说漏嘴，或者发生大争吵，也一样。,2026-08-05 21:41:38,https://www.reddit.com/r/relationship_advice/comments/1vgji8m/comment/p1xvu0b/,04_应对方式-主动沟通,,,,,sentiment
情感类社区,r/relationship_advice,p1xvtnh,1vgkxla,WorldlinessFunny4416,That's the nastiest thing I have read on here today,这是我今天在这看到的最恶心的东西。,2026-08-05 21:41:35,https://www.reddit.com/r/relationship_advice/comments/1vgkxla/comment/p1xvtnh/,未提及,,,,,sentiment
情感类社区,r/relationship_advice,p1xvx1a,1vg9307,Elegant-Analyst-7381,"There is no ""normal,"" there's what's works for you two as a couple. I would recommend premarital counseling, which often goes into how you both envision finances working. There's a lot more to it than just separate vs joint financial accounts, and it's important to make sure you're on the same page. Finances is a big reason for divorce; make sure you're financially compatible before taking that step.","没有""正常""，只有对你们俩作为情侣来说管用的方式。我建议做婚前咨询，那通常会探讨你们俩如何看待财务。这远不止分开账户还是共同账户的问题，确保你们在同一页上很重要。财务是离婚的一大原因；在迈出那一步之前，确保你们财务上合拍。",2026-08-05 21:42:02,https://www.reddit.com/r/relationship_advice/comments/1vg9307/comment/p1xvx1a/,04_应对方式-寻求专业帮助,,,,,sentiment
情感类社区,r/relationship_advice,p1xvwgj,1vgkxla,NYChockey14,No I wouldn't say normal. Sounds like a fetish type of thing,不，我不会说这是正常的。听起来像某种恋物癖的事。,2026-08-05 21:41:58,https://www.reddit.com/r/relationship_advice/comments/1vgkxla/comment/p1xvwgj/,未提及,,,,,sentiment
情感类社区,r/relationship_advice,p1xvv12,1vgk94j,No_Initial_5939,"You have a great way with words, and honestly seem so wise. Thank you SpeckledSir!",你用词很棒，看起来真的很睿智。谢谢你，SpeckledSir！,2026-08-05 21:41:46,https://www.reddit.com/r/relationship_advice/comments/1vgk94j/comment/p1xvv12/,未提及,,,,,sentiment
情感类社区,r/relationship_advice,p1xvuq0,1vg276b,ruerret,Tell her no when she wants to use a toy on herself,"她想在自己身上用玩具的时候，对她说""不""。",2026-08-05 21:41:43,https://www.reddit.com/r/relationship_advice/comments/1vg276b/comment/p1xvuq0/,01_关系状态-性需求不匹配,,,,,sentiment
情感类社区,r/relationship_advice,p1xvui6,1vg276b,pressureworld,You can only speak for yourself.,你只能代表你自己说话。,2026-08-05 21:41:42,https://www.reddit.com/r/relationship_advice/comments/1vg276b/comment/p1xvui6/,未提及,,,,,sentiment
情感类社区,r/relationship_advice,p1xvu0b,1vgji8m,Active-Arachnid-2124,"This is my personal opinion, I think you should tell your sister or at least be prepared to step in if the situation gets worse. I'm not saying your parents are abusive, but what I am saying is that it's hard to know the outcomes if your mom doesn't know how to emotionally regulate that well so it's a gamble. Same if your dad spills the beans by accident or there's a big fight.",这是我个人看法，我觉得你应该告诉你姐姐，或者至少准备好情况恶化时介入。我不是说你父母虐待，但我要说的是，如果你妈妈不那么会情绪调节，结果很难预料，那是一场赌博。同样，如果你爸爸不小心说漏嘴，或者发生大争吵，也一样。,2026-08-05 21:41:38,https://www.reddit.com/r/relationship_advice/comments/1vgji8m/comment/p1xvu0b/,04_应对方式-主动沟通,,,,,sentiment
情感类社区,r/relationship_advice,p1xvtnh,1vgkxla,WorldlinessFunny4416,That's the nastiest thing I have read on here today,这是我今天在这看到的最恶心的东西。,2026-08-05 21:41:35,https://www.reddit.com/r/relationship_advice/comments/1vgkxla/comment/p1xvtnh/,未提及,,,,,sentiment
情感类社区,r/relationship_advice,p1xvtgl,1vgijgc,darklingdawns,"You do not have to move if you don't want to. Pursue the order of protection, make sure that everyone you live with knows that your parents are not welcome in your home, and if they show up, call the police to remove them. Block your parents from your phone and social media and if any comments are made by neighbors, give them your best embarrassed smile and say weakly, 'As they say, you can't choose your family, just how much you talk to them. That's why we're not in contact' then change the subject.","你不想搬就不必搬。申请保护令，确保所有同住的人都知道你父母不受欢迎，如果他们出现就报警请走。把父母从你的手机和社交媒体拉黑，如果邻居说闲话，给他们一个尴尬的微笑，虚弱地说：""俗话说得好，家人没法选，只能选跟他们说多少话。所以我们不联系了""，然后转移话题。",2026-08-05 21:41:34,https://www.reddit.com/r/relationship_advice/comments/1vgijgc/comment/p1xvtgl/,04_应对方式-考虑离开/结束关系,,,,,sentiment
情感类社区,r/relationship_advice,p1xvs4p,1vg9307,AmphibianDonation,Why does it NEED to be? Can't couples decide the best split for their situation and circumstances?,为什么必须要一样？情侣不能根据他们的情况和处境决定最好的分配方式吗？,2026-08-05 21:41:23,https://www.reddit.com/r/relationship_advice/comments/1vg9307/comment/p1xvs4p/,03_用户需求-认同/正常化,,,,,sentiment
情感类社区,r/relationship_advice,p1xvrbn,1vb0t34,Inside_Morning2884,This is sound advice.,这是中肯的建议。,2026-08-05 21:41:16,https://www.reddit.com/r/relationship_advice/comments/1vb0t34/comment/p1xvrbn/,未提及,,,,,sentiment
情感类社区,r/relationship_advice,p1xvrdt,1vgjjgy,Altruistic-Two1309,"When that switch happens you just need to talk away. And he could maybe learn to ask, do you/we need to step away for a break",当那种开关发生的时候，你只需要走开说说话。他也许可以学着问，你/我们需要停下来休息一下吗？,2026-08-05 21:41:16,https://www.reddit.com/r/relationship_advice/comments/1vgjjgy/comment/p1xvrdt/,04_应对方式-主动沟通,,,,,sentiment
情感类社区,r/relationship_advice,p1xvq3r,1vgb5ga,ActualAd8165,"I do think it is worth a conversation since he hasn't cheated on you yet, that you know of. I do think cheaters gonna cheat. You are young. Even if everything were great it takes a super strong relationship to survive medical school.",我觉得这值得谈一次，毕竟据你所知他还没出轨。我确实觉得爱出轨的人总会出轨。你还年轻。即使一切都很顺利，要熬过医学院也需要一段非常坚固的关系。,2026-08-05 21:41:06,https://www.reddit.com/r/relationship_advice/comments/1vgb5ga/comment/p1xvq3r/,01_关系状态-信任破裂/出轨丨04_应对方式-主动沟通,,,,,sentiment
情感类社区,r/relationship_advice,p1xvob1,1vgf4q9,gdognoseit,"He sounds manipulative. He should have shut his friends down hard. That is if they really were speaking bad about you. Read the book, Why does he do that By Lundy Bancroft. It's free online and it will help you see lies, manipulation, and motives.",他听起来有操纵性。他应该狠狠地怼他的朋友。如果他们真的在说你坏话的话。读读《他为什么这么做》这本书，作者 Lundy Bancroft。网上免费，会帮你看清谎言、操纵和动机。,2026-08-05 21:40:52,https://www.reddit.com/r/relationship_advice/comments/1vgf4q9/comment/p1xvob1/,04_应对方式-学习知识/自我成长,,,,,sentiment
情感类社区,r/relationship_advice,p1xvnzl,1vgg035,cica4,😂😂,😂😂,2026-08-05 21:40:50,https://www.reddit.com/r/relationship_advice/comments/1vgg035/comment/p1xvnzl/,未提及,,,,,sentiment
情感类社区,r/relationship_advice,p1xvlv4,1vg4am8,PatSharpe01,"Don't believe her stalking stories... I had an ex that told me stalking stories, purely to get sympathy and turn me into her protector. It sounds like your woman is doing the same thing. She sounds completely self destructive, pushing you away by cheating and being totally avoidant. No guilt, no remorse, I'd put her in the bin! I'm really sorry, as you sound like a nice patient guy",别信她的跟踪故事……我有个前女友也讲跟踪故事，纯粹是为了博同情、把我变成她的保护者。听起来你的女人也在做同样的事。她听起来完全自我毁灭，靠出轨把你推开，而且完全回避。没有内疚，没有悔意，我会把她扔进垃圾桶！真的很抱歉，因为你听起来是个善良有耐心的好人。,2026-08-05 21:40:33,https://www.reddit.com/r/relationship_advice/comments/1vg4am8/comment/p1xvlv4/,01_关系状态-信任破裂/出轨丨04_应对方式-考虑离开/结束关系,,,,,sentiment
情感类社区,r/relationship_advice,p1xvtgl,1vgijgc,darklingdawns,"You do not have to move if you don't want to. Pursue the order of protection, make sure that everyone you live with knows that your parents are not welcome in your home, and if they show up, call the police to remove them. Block your parents from your phone and social media and if any comments are made by neighbors, give them your best embarrassed smile and say weakly, 'As they say, you can't choose your family, just how much you talk to them. That's why we're not in contact' then change the subject.","你不想搬就不必搬。申请保护令，确保所有同住的人都知道你父母不受欢迎，如果他们出现就报警请走。把父母从你的手机和社交媒体拉黑，如果邻居说闲话，给他们一个尴尬的微笑，虚弱地说：""俗话说得好，家人没法选，只能选跟他们说多少话。所以我们不联系了""，然后转移话题。",2026-08-05 21:41:34,https://www.reddit.com/r/relationship_advice/comments/1vgijgc/comment/p1xvtgl/,04_应对方式-考虑离开/结束关系,,,,,sentiment
情感类社区,r/relationship_advice,p1xvs4p,1vg9307,AmphibianDonation,Why does it NEED to be? Can't couples decide the best split for their situation and circumstances?,为什么必须要一样？情侣不能根据他们的情况和处境决定最好的分配方式吗？,2026-08-05 21:41:23,https://www.reddit.com/r/relationship_advice/comments/1vg9307/comment/p1xvs4p/,03_用户需求-认同/正常化,,,,,sentiment
情感类社区,r/relationship_advice,p1xvrbn,1vb0t34,Inside_Morning2884,This is sound advice.,这是中肯的建议。,2026-08-05 21:41:16,https://www.reddit.com/r/relationship_advice/comments/1vb0t34/comment/p1xvrbn/,未提及,,,,,sentiment
情感类社区,r/relationship_advice,p1xvrdt,1vgjjgy,Altruistic-Two1309,"When that switch happens you just need to talk away. And he could maybe learn to ask, do you/we need to step away for a break",当那种开关发生的时候，你只需要走开说说话。他也许可以学着问，你/我们需要停下来休息一下吗？,2026-08-05 21:41:16,https://www.reddit.com/r/relationship_advice/comments/1vgjjgy/comment/p1xvrdt/,04_应对方式-主动沟通,,,,,sentiment
情感类社区,r/relationship_advice,p1xvq3r,1vgb5ga,ActualAd8165,"I do think it is worth a conversation since he hasn't cheated on you yet, that you know of. I do think cheaters gonna cheat. You are young. Even if everything were great it takes a super strong relationship to survive medical school.",我觉得这值得谈一次，毕竟据你所知他还没出轨。我确实觉得爱出轨的人总会出轨。你还年轻。即使一切都很顺利，要熬过医学院也需要一段非常坚固的关系。,2026-08-05 21:41:06,https://www.reddit.com/r/relationship_advice/comments/1vgb5ga/comment/p1xvq3r/,01_关系状态-信任破裂/出轨丨04_应对方式-主动沟通,,,,,sentiment
情感类社区,r/relationship_advice,p1xvob1,1vgf4q9,gdognoseit,"He sounds manipulative. He should have shut his friends down hard. That is if they really were speaking bad about you. Read the book, Why does he do that By Lundy Bancroft. It's free online and it will help you see lies, manipulation, and motives.",他听起来有操纵性。他应该狠狠地怼他的朋友。如果他们真的在说你坏话的话。读读《他为什么这么做》这本书，作者 Lundy Bancroft。网上免费，会帮你看清谎言、操纵和动机。,2026-08-05 21:40:52,https://www.reddit.com/r/relationship_advice/comments/1vgf4q9/comment/p1xvob1/,04_应对方式-学习知识/自我成长,,,,,sentiment
情感类社区,r/relationship_advice,p1xvlv4,1vg4am8,PatSharpe01,"Don't believe her stalking stories... I had an ex that told me stalking stories, purely to get sympathy and turn me into her protector. It sounds like your woman is doing the same thing. She sounds completely self destructive, pushing you away by cheating and being totally avoidant. No guilt, no remorse, I'd put her in the bin! I'm really sorry, as you sound like a nice patient guy",别信她的跟踪故事……我有个前女友也讲跟踪故事，纯粹是为了博同情、把我变成她的保护者。听起来你的女人也在做同样的事。她听起来完全自我毁灭，靠出轨把你推开，而且完全回避。没有内疚，没有悔意，我会把她扔进垃圾桶！真的很抱歉，因为你听起来是个善良有耐心的好人。,2026-08-05 21:40:33,https://www.reddit.com/r/relationship_advice/comments/1vg4am8/comment/p1xvlv4/,01_关系状态-信任破裂/出轨丨04_应对方式-考虑离开/结束关系,,,,,sentiment
情感类社区,r/relationship_advice,p1xvl8a,1vgjjgy,gonnagetcancelled,"First and foremost don't conflate the two different elements. By combining your outbursts with female emotions you're softening your own behavior. I know a bajillion women, they have female emotions. Almost none of them have outbursts and definitely none at your age. These are separate issues, treat them as such. 2, you got the talking part done...the doing part is something that it sounds like you're asking for help with. That is not going to be found on Reddit. You may need a professional's help to figure out what tools to bring in to help regulate your emotional outbursts. This is not calling you crazy, this is the same as going to a mechanic if there's something you want done with your car, or going to a doctor for something with your health. Find an expert in the field you need help with and work with the expert to achieve the result you want. 3, Do what you say you will do. How to make him understand? Actually follow through. (see point 2) otherwise it will become empty words. It might already be empty words to him. 4, you're on a good track by seeking help and identifying some of what triggers your loss of control. I applaud you for that. Figuring out WHY those cause the result is a good next step. One that stuck out to me was a ""loss of power"" comment. Can you explain more what you mean there? I think I know, but assuming things is a great way to be wrong :) 5, I wish you luck. I was once in a relationship with someone similar to how you describe yourself and it was much worse for the partner in my shoes than you might realize...and I did not put up with it once it became clear it was a recurring issue. Now, 20 ish years later I would not put up with it from day 1, so the fact that he's still around means it is possible to bring this to a healthy state, but as you've already determined, it's going to take some work from both of you.","首先，别把两件事混为一谈。把你的情绪爆发和女性情绪混在一起，是在淡化你自己的行为。我认识无数女性，她们有女性情绪，但几乎没有人在你这个年纪有情绪爆发。这是两回事，分开对待。第二，你""说""的部分已经做到了……""做""的部分听起来才是你想求助的。那在 Reddit 上找不到答案。你可能需要专业人士帮你搞清楚该用什么工具来调节情绪爆发。这不是说你疯了，这就像车有问题去找机修工、身体有问题去看医生一样。在需要的领域找专家，和专家一起达成你想要的结果。第三，说到做到。怎么让他明白？真的去执行。不然就变成空话了，对他可能已经是空话了。第四，你主动求助、识别出一些失控诱因，这条路走对了，我为你鼓掌。搞清楚为什么这些会引发结果是很好的下一步。你提到的一个词引起我注意：""失去控制权""。你能多解释一下你指什么吗？我大概知道，但猜测是出错的好办法 :) 第五，祝你好运。我曾经和类似你描述的自己的人在一起过，对我这个角色的伴侣来说，那比你意识到的要糟糕得多……一旦清楚这是个反复出现的问题，我就没有再忍。现在大约 20 年后，我从第一天起就不会再忍，所以他还留在这段关系里，说明还是有可能把它带回健康状态的，但就像你已经判断的，这需要你们俩都付出努力。",2026-08-05 21:40:28,https://www.reddit.com/r/relationship_advice/comments/1vgjjgy/comment/p1xvl8a/,"04_应对方式-寻求专业帮助,04_应对方式-自我调整/降低期待",,,,,sentiment
情感类社区,r/relationship_advice,p1xvl16,1vgg035,cica4,"Bro I'm 31 and I experienced hair loss from the stress of being in a toxic abusive relationship. And ots been getting better now that I'm in a happy healthy relationship! What's with you bitter redditors trying to use my hair loss as a ""gotcha"" moment lmao this is the second one in like a week. I don't care because it's fixed now but good job. Go through my post history all you want, I don't care. I don't even remember what I've posted but people change and grow. Worry about yourself and your negative karma lol that's much more telling, if we're going to talk about our Reddit history.","兄弟我 31 岁，我在一段有毒虐待的关系里压力大到脱发。现在我处在开心健康的关系里，正在好转！你们这些酸溜溜的 Reddit 用户想拿我脱发当""抓到你了""的时刻，lmao 这周第二个了。我不在乎，因为已经治好了，但干得好。想翻我发帖记录随便翻，我不在乎。我都不记得自己发过什么，但人会变、会成长。管好你自己和你那负 karma 吧 lol，如果要聊 Reddit 历史，那更能说明问题。",2026-08-05 21:40:26,https://www.reddit.com/r/relationship_advice/comments/1vgg035/comment/p1xvl16/,未提及,,,,,sentiment
情感类社区,r/relationship_advice,p1xviyx,1vgk94j,TheSpeckledSir,"I agree. His actions do not scream ""I am a serious, committed partner"". So the amount of additional mind you pay to him should reflect that.","我同意。他的行为可不像""我是认真承诺的伴侣""。所以你额外在他身上花的心思，也应该反映这一点。",2026-08-05 21:40:10,https://www.reddit.com/r/relationship_advice/comments/1vgk94j/comment/p1xviyx/,01_关系状态-冷淡疏离,,,,,sentiment
情感类社区,r/relationship_advice,p1xvhu2,1vgkcwy,azzole77,"I would add write down the things that aren't or no longer working in the relationship (like you did here) so when you either have the conversation in person or via text you make your points before it gets really emotional and then block him and don't look back. You will have said what you needed to say and you cannot be responsible for how he deals with it. It sounds like he is not an emotionally mature enough man to be in a relationship with a woman. You do know that guys are 2-3 years younger emotionally than a woman of the same age, so you could be dealing with a 17 year old. I wish you luck with your decision and I hope you will be safe and happy again soon.",,2026-08-05 21:40:01,https://www.reddit.com/r/relationship_advice/comments/1vgkcwy/comment/p1xvhu2/,,,,,,sentiment
情感类社区,r/relationship_advice,p1xvg1y,1vg9307,freebird___,"This is it for us. Also historically many women have been trapped in situations where all of the money is tied up in an account with his name on it. Even the happiest marriages that they couldn't imagine falling apart. Always, always, have your own little stash.",,2026-08-05 21:39:47,https://www.reddit.com/r/relationship_advice/comments/1vg9307/comment/p1xvg1y/,,,,,,sentiment
情感类社区,r/relationship_advice,p1xvemw,1vgi7lr,Own-Writing-3687,"""I think so"" means no, she's not getting paid. It's a social trip.",,2026-08-05 21:39:35,https://www.reddit.com/r/relationship_advice/comments/1vgi7lr/comment/p1xvemw/,,,,,,sentiment
情感类社区,r/relationship_advice,p1xvdq6,1vga24a,cinnabon_farmer,Yes I think they just wanna know that he's not wasting my time and that he's serious. I've been through a lot lately and I think their hearts are in the right place.,,2026-08-05 21:39:28,https://www.reddit.com/r/relationship_advice/comments/1vga24a/comment/p1xvdq6/,,,,,,sentiment
情感类社区,r/relationship_advice,p1xvc8v,1vgkvm0,XxLogitech98xX,"Yes, it's normal to spend more money when you have a partner. But if you're good at managing your money and saving then it could either way",,2026-08-05 21:39:17,https://www.reddit.com/r/relationship_advice/comments/1vgkvm0/comment/p1xvc8v/,,,,,,sentiment
情感类社区,r/relationship_advice,p1xvl8a,1vgjjgy,gonnagetcancelled,"First and foremost don't conflate the two different elements. By combining your outbursts with female emotions you're softening your own behavior. I know a bajillion women, they have female emotions. Almost none of them have outbursts and definitely none at your age. These are separate issues, treat them as such. 2, you got the talking part done...the doing part is something that it sounds like you're asking for help with. That is not going to be found on Reddit. You may need a professional's help to figure out what tools to bring in to help regulate your emotional outbursts. This is not calling you crazy, this is the same as going to a mechanic if there's something you want done with your car, or going to a doctor for something with your health. Find an expert in the field you need help with and work with the expert to achieve the result you want. 3, Do what you say you will do. How to make him understand? Actually follow through. (see point 2) otherwise it will become empty words. It might already be empty words to him. 4, you're on a good track by seeking help and identifying some of what triggers your loss of control. I applaud you for that. Figuring out WHY those cause the result is a good next step. One that stuck out to me was a ""loss of power"" comment. Can you explain more what you mean there? I think I know, but assuming things is a great way to be wrong :) 5, I wish you luck. I was once in a relationship with someone similar to how you describe yourself and it was much worse for the partner in my shoes than you might realize...and I did not put up with it once it became clear it was a recurring issue. Now, 20 ish years later I would not put up with it from day 1, so the fact that he's still around means it is possible to bring this to a healthy state, but as you've already determined, it's going to take some work from both of you.","首先，别把两件事混为一谈。把你的情绪爆发和女性情绪混在一起，是在淡化你自己的行为。我认识无数女性，她们有女性情绪，但几乎没有人在你这个年纪有情绪爆发。这是两回事，分开对待。第二，你""说""的部分已经做到了……""做""的部分听起来才是你想求助的。那在 Reddit 上找不到答案。你可能需要专业人士帮你搞清楚该用什么工具来调节情绪爆发。这不是说你疯了，这就像车有问题去找机修工、身体有问题去看医生一样。在需要的领域找专家，和专家一起达成你想要的结果。第三，说到做到。怎么让他明白？真的去执行。不然就变成空话了，对他可能已经是空话了。第四，你主动求助、识别出一些失控诱因，这条路走对了，我为你鼓掌。搞清楚为什么这些会引发结果是很好的下一步。你提到的一个词引起我注意：""失去控制权""。你能多解释一下你指什么吗？我大概知道，但猜测是出错的好办法 :) 第五，祝你好运。我曾经和类似你描述的自己的人在一起过，对我这个角色的伴侣来说，那比你意识到的要糟糕得多……一旦清楚这是个反复出现的问题，我就没有再忍。现在大约 20 年后，我从第一天起就不会再忍，所以他还留在这段关系里，说明还是有可能把它带回健康状态的，但就像你已经判断的，这需要你们俩都付出努力。",2026-08-05 21:40:28,https://www.reddit.com/r/relationship_advice/comments/1vgjjgy/comment/p1xvl8a/,"04_应对方式-寻求专业帮助,04_应对方式-自我调整/降低期待",,,,,sentiment
情感类社区,r/relationship_advice,p1xvl16,1vgg035,cica4,"Bro I'm 31 and I experienced hair loss from the stress of being in a toxic abusive relationship. And ots been getting better now that I'm in a happy healthy relationship! What's with you bitter redditors trying to use my hair loss as a ""gotcha"" moment lmao this is the second one in like a week. I don't care because it's fixed now but good job. Go through my post history all you want, I don't care. I don't even remember what I've posted but people change and grow. Worry about yourself and your negative karma lol that's much more telling, if we're going to talk about our Reddit history.","兄弟我 31 岁，我在一段有毒虐待的关系里压力大到脱发。现在我处在开心健康的关系里，正在好转！你们这些酸溜溜的 Reddit 用户想拿我脱发当""抓到你了""的时刻，lmao 这周第二个了。我不在乎，因为已经治好了，但干得好。想翻我发帖记录随便翻，我不在乎。我都不记得自己发过什么，但人会变、会成长。管好你自己和你那负 karma 吧 lol，如果要聊 Reddit 历史，那更能说明问题。",2026-08-05 21:40:26,https://www.reddit.com/r/relationship_advice/comments/1vgg035/comment/p1xvl16/,未提及,,,,,sentiment
情感类社区,r/relationship_advice,p1xviyx,1vgk94j,TheSpeckledSir,"I agree. His actions do not scream ""I am a serious, committed partner"". So the amount of additional mind you pay to him should reflect that.","我同意。他的行为可不像""我是认真承诺的伴侣""。所以你额外在他身上花的心思，也应该反映这一点。",2026-08-05 21:40:10,https://www.reddit.com/r/relationship_advice/comments/1vgk94j/comment/p1xviyx/,01_关系状态-冷淡疏离,,,,,sentiment
情感类社区,r/relationship_advice,p1xvhu2,1vgkcwy,azzole77,"I would add write down the things that aren't or no longer working in the relationship (like you did here) so when you either have the conversation in person or via text you make your points before it gets really emotional and then block him and don't look back. You will have said what you needed to say and you cannot be responsible for how he deals with it. It sounds like he is not an emotionally mature enough man to be in a relationship with a woman. You do know that guys are 2-3 years younger emotionally than a woman of the same age, so you could be dealing with a 17 year old. I wish you luck with your decision and I hope you will be safe and happy again soon.",,2026-08-05 21:40:01,https://www.reddit.com/r/relationship_advice/comments/1vgkcwy/comment/p1xvhu2/,,,,,,sentiment
情感类社区,r/relationship_advice,p1xvg1y,1vg9307,freebird___,"This is it for us. Also historically many women have been trapped in situations where all of the money is tied up in an account with his name on it. Even the happiest marriages that they couldn't imagine falling apart. Always, always, have your own little stash.",,2026-08-05 21:39:47,https://www.reddit.com/r/relationship_advice/comments/1vg9307/comment/p1xvg1y/,,,,,,sentiment
情感类社区,r/relationship_advice,p1xvemw,1vgi7lr,Own-Writing-3687,"""I think so"" means no, she's not getting paid. It's a social trip.",,2026-08-05 21:39:35,https://www.reddit.com/r/relationship_advice/comments/1vgi7lr/comment/p1xvemw/,,,,,,sentiment
情感类社区,r/relationship_advice,p1xvdq6,1vga24a,cinnabon_farmer,Yes I think they just wanna know that he's not wasting my time and that he's serious. I've been through a lot lately and I think their hearts are in the right place.,,2026-08-05 21:39:28,https://www.reddit.com/r/relationship_advice/comments/1vga24a/comment/p1xvdq6/,,,,,,sentiment
情感类社区,r/relationship_advice,p1xvc8v,1vgkvm0,XxLogitech98xX,"Yes, it's normal to spend more money when you have a partner. But if you're good at managing your money and saving then it could either way",,2026-08-05 21:39:17,https://www.reddit.com/r/relationship_advice/comments/1vgkvm0/comment/p1xvc8v/,,,,,,sentiment
情感类社区,r/relationship_advice,p1xvbk3,1vg9zoy,Silicone_berk,"Either it goes in the bedroom and she doesn't spend 95% of her life asleep, or it goes in the front room. It is your space just as much as it is hers, she can't have it both ways.",,2026-08-05 21:39:11,https://www.reddit.com/r/relationship_advice/comments/1vg9zoy/comment/p1xvbk3/,,,,,,sentiment
情感类社区,r/relationship_advice,p1xvapd,1vgahat,a_hooloovoo,"You guys are both still young. I think you're making the right moves, but she might grow out of this ""need for validation at the expense of anyone else"" stage as she gets older. I had a couple friends who pulled similar moves in their teens/early 20s, but would never do such a thing by their late 20s/30s. All that to say, maybe she can earn your trust back eventually if she accepts your boundaries as the consequences of her own actions and behaves. Like, for at least a few years.",,2026-08-05 21:39:04,https://www.reddit.com/r/relationship_advice/comments/1vgahat/comment/p1xvapd/,,,,,,sentiment
情感类社区,r/relationship_advice,p1xv9t0,1vgk94j,No_Initial_5939,"HAHA I'm glad you wouldn't either, that behaviour doesn't scream ""I'm in a committed relationship"" or ""getting to know someone seriously"". Hence him blocking me seems like a wild thing to do because surely you'd address other things in your life if you were seriously seeing someone - not just block colleagues. I think I got attached to the idea of him. This is my first experience of a scenario like this, I'm baffled and wondering if I should've seen things sooner. Maybe a bit of self reflection and trying to get some understanding before I move on.",,2026-08-05 21:38:57,https://www.reddit.com/r/relationship_advice/comments/1vgk94j/comment/p1xv9t0/,,,,,,sentiment
情感类社区,r/relationship_advice,p1xv7xl,1vg9307,tastebud413,"Three accounts. Yours, His and The House Money. you each put X $ in to it each month, and that's where the living expenses come from. your extracurricular are yours, his are his. House should be in both names.",,2026-08-05 21:38:42,https://www.reddit.com/r/relationship_advice/comments/1vg9307/comment/p1xv7xl/,,,,,,sentiment
情感类社区,r/relationship_advice,p1xvbk3,1vg9zoy,Silicone_berk,"Either it goes in the bedroom and she doesn't spend 95% of her life asleep, or it goes in the front room. It is your space just as much as it is hers, she can't have it both ways.",,2026-08-05 21:39:11,https://www.reddit.com/r/relationship_advice/comments/1vg9zoy/comment/p1xvbk3/,,,,,,sentiment
情感类社区,r/relationship_advice,p1xvapd,1vgahat,a_hooloovoo,"You guys are both still young. I think you're making the right moves, but she might grow out of this ""need for validation at the expense of anyone else"" stage as she gets older. I had a couple friends who pulled similar moves in their teens/early 20s, but would never do such a thing by their late 20s/30s. All that to say, maybe she can earn your trust back eventually if she accepts your boundaries as the consequences of her own actions and behaves. Like, for at least a few years.",,2026-08-05 21:39:04,https://www.reddit.com/r/relationship_advice/comments/1vgahat/comment/p1xvapd/,,,,,,sentiment
情感类社区,r/relationship_advice,p1xv9t0,1vgk94j,No_Initial_5939,"HAHA I'm glad you wouldn't either, that behaviour doesn't scream ""I'm in a committed relationship"" or ""getting to know someone seriously"". Hence him blocking me seems like a wild thing to do because surely you'd address other things in your life if you were seriously seeing someone - not just block colleagues. I think I got attached to the idea of him. This is my first experience of a scenario like this, I'm baffled and wondering if I should've seen things sooner. Maybe a bit of self reflection and trying to get some understanding before I move on.",,2026-08-05 21:38:57,https://www.reddit.com/r/relationship_advice/comments/1vgk94j/comment/p1xv9t0/,,,,,,sentiment
情感类社区,r/relationship_advice,p1xv7xl,1vg9307,tastebud413,"Three accounts. Yours, His and The House Money. you each put X $ in to it each month, and that's where the living expenses come from. your extracurricular are yours, his are his. House should be in both names.",,2026-08-05 21:38:42,https://www.reddit.com/r/relationship_advice/comments/1vg9307/comment/p1xv7xl/,,,,,,sentiment
情感类社区,r/relationship_advice,p1xv3y8,1vgahat,Exciting-Guest81933,Okay so who cares? If you don't want to tell her things.. dont tell her things? Not gonna read this entire justification or whatever. It's unnecessary. You don't owe her anything.,,2026-08-05 21:38:10,https://www.reddit.com/r/relationship_advice/comments/1vgahat/comment/p1xv3y8/,,,,,,sentiment
情感类社区,r/relationship_advice,p1xv3ju,1vgahat,yonk182,She's someone who doesn't care about your feelings so it makes sense you would put no effort into a relationship with her. She should be a better person.,,2026-08-05 21:38:07,https://www.reddit.com/r/relationship_advice/comments/1vgahat/comment/p1xv3ju/,,,,,,sentiment
情感类社区,r/relationship_advice,p1xv3ca,1vgirku,Active-Arachnid-2124,"To be fair both of you are unreliable narrators in many ways. You two both suck at communicating so it's really difficult to tell what you specifically did and if his reaction was fair.  Regardless, I think, if anything, this experience just seems like something to think about when it comes to ""I definitely could have done better here so moving forward I think I'll try to be clear"" while accepting even if you were clear that doesn't guarantee people are going to a) receive it well or b) understand wtf you're saying.",,2026-08-05 21:38:06,https://www.reddit.com/r/relationship_advice/comments/1vgirku/comment/p1xv3ca/,,,,,,sentiment
情感类社区,r/relationship_advice,p1xv3dk,1vgeu8z,Dragonchick30,"That's sketchy af  Yes it's 100% normal to share flight times, destinations, etc all those details - coming from someone who's fiancee travels a lot",,2026-08-05 21:38:06,https://www.reddit.com/r/relationship_advice/comments/1vgeu8z/comment/p1xv3dk/,,,,,,sentiment
情感类社区,r/relationship_advice,p1xv1l8,1vgcrc6,Loonyclown,"According to another commenter they met at 16 and 31, and he married her instantly upon her turning 18 while he was 33",,2026-08-05 21:37:51,https://www.reddit.com/r/relationship_advice/comments/1vgcrc6/comment/p1xv1l8/,,,,,,sentiment
情感类社区,r/relationship_advice,p1xuylo,1vga24a,cinnabon_farmer,"There are a few misunderstandings here and I think it's my lack of information and some poor writing on my part. We are not ""planning"" anything. My mom asked questions, I answered, but she wants to hear what he has to say. She's allowed to be worried but is not allowed to bulldoze my boyfriend.  I warned my bf about my ridiculous family but I have always assured him that their opinions do not decide things for me nor do I tolerate bullying. He has seen who I am and how I've handled them in the duration of our time together and he's not worried about it. If anything, I cut out my dad while we were dating bc he's a big bully who thinks he can control things. I'll cut them out too if they become toxic to my life. And everyone's aware that I don't play these games.",,2026-08-05 21:37:28,https://www.reddit.com/r/relationship_advice/comments/1vga24a/comment/p1xuylo/,,,,,,sentiment
情感类社区,r/relationship_advice,p1xuy1z,1vgb5ga,Adventurous-Proof335,His history speaks volumes that loyalty will not be part of this relationship,,2026-08-05 21:37:24,https://www.reddit.com/r/relationship_advice/comments/1vgb5ga/comment/p1xuy1z/,,,,,,sentiment
情感类社区,r/relationship_advice,p1xuvg4,1vgcrc6,Loonyclown,"I skipped skimming the post, title pretty much lays it out.",,2026-08-05 21:37:03,https://www.reddit.com/r/relationship_advice/comments/1vgcrc6/comment/p1xuvg4/,,,,,,sentiment
情感类社区,r/relationship_advice,p1xuu67,1vfoi0u,Trojanw0w,"That's nice of you to say 🤣  But no, Not AI",,2026-08-05 21:36:53,https://www.reddit.com/r/relationship_advice/comments/1vfoi0u/comment/p1xuu67/,,,,,,sentiment
情感类社区,r/relationship_advice,p1xur29,1vg276b,AdOver9079,"Ok. They're not saying no one is straight. They're saying that heteronormativity forces people to perform specific roles in their relationships based on gender expectations. For example, in OP's situation, his girlfriend is furious because he isn't performing heterosexuality in the ""right"" way, which is offensive to how she sees her own role in the relationship (as the one getting pleased, the one who is supposed to enjoy penetration). So she attacks his gender and masculinity, saying he's not a ""real man"" since he's not performing heterosexuality in the way she sees as correct.",,2026-08-05 21:36:28,https://www.reddit.com/r/relationship_advice/comments/1vg276b/comment/p1xur29/,,,,,,sentiment
情感类社区,r/relationship_advice,p1xuqwy,1vgf4q9,gdognoseit,Any partner that doesn't immediately defend you and shut down his friends talking bad about you is not a good partner.  Don't contact him again.  Your hormones being all over the place is a nightmare that you have no control over. I'm sorry. Please take care of yourself.,,2026-08-05 21:36:26,https://www.reddit.com/r/relationship_advice/comments/1vgf4q9/comment/p1xuqwy/,,,,,,sentiment
情感类社区,r/relationship_advice,p1xupyz,1vg9307,Magic-Happens-Here,"My husband and I have individual credit cards because it makes budgeting easier if we can see what each person is spending. Then we have one checking and one savings account.  Everything gets deposited into checking, bills are all auto-drafted out, then we pay off the credit cards each month. Any decisions outside of normal/budgeted spending is discussed ahead of time and requires a ""two yes"" approval before anything is spent.",,2026-08-05 21:36:18,https://www.reddit.com/r/relationship_advice/comments/1vg9307/comment/p1xupyz/,,,,,,sentiment
情感类社区,r/relationship_advice,p1xuoy9,1vgk94j,TheSpeckledSir,">Would you go on holiday with girls and like touch their waist (same holiday girls) or follow a bunch of OnlyFans models on insta?  No, why would you think I would?  >but nothing happened for him to go from messaging me every day to now acting like I'm invisible. I just wish he hadn't been so dismissive and rude in public to me.  My advice is to reconsider why you are spending so much thought on someone who makes you feel like this.",,2026-08-05 21:36:11,https://www.reddit.com/r/relationship_advice/comments/1vgk94j/comment/p1xuoy9/,,,,,,sentiment
情感类社区,r/relationship_advice,p1xuodb,1vgcrc6,ChibiCheshire,🤣🤣🤣🤣🤣🤣 gonna be a troll. Take your dad and go karma farm somewhere else. Yuck.,,2026-08-05 21:36:06,https://www.reddit.com/r/relationship_advice/comments/1vgcrc6/comment/p1xuodb/,,,,,,sentiment
情感类社区,r/relationship_advice,p1xuntm,1vgcrc6,Katululu,"It's because they're at a point in the cycle of abuse where they recognize the signs but aren't ready to accept they are in an abusive relationship. OP makes post after post because she is looking for the magical answer that explains his actions as not-abuse. She wants to be able to smack herself on the forehead and go ""oh of course it's not as bad as it looked! I'm just being silly and reading into it too much!"" And go back to pretending everything is okay.",,2026-08-05 21:36:02,https://www.reddit.com/r/relationship_advice/comments/1vgcrc6/comment/p1xuntm/,,,,,,sentiment
情感类社区,r/relationship_advice,p1xuml6,1vgiwe7,Active-Arachnid-2124,"I think if you're trying to not feel bad, then my perspective is 1) you're not taking it out directly on her and 2) you're totally allowed to be upset, pissed, and feel a little taken for granted.  Like you know in the grand scheme of things the intentions behind everyone, but you don't have to be at that point right now to accept it wholly. You just know and that's good to aware. The fact you feel bad is a good sign too but that's not what you maybe need right now.  Just be mad. Be sad. Grieve.  Like, I just give myself a lot of time to be ""mad at a situation"" and do stuff like walking or hiking to make sure I'm not taking it out anyone. If I have to externally vent about it, I just pick a friend who is not in the situation while explaining ""I know what I need to do and I know it's not fair, I just need to vent""",,2026-08-05 21:35:52,https://www.reddit.com/r/relationship_advice/comments/1vgiwe7/comment/p1xuml6/,,,,,,sentiment
情感类社区,r/relationship_advice,p1xumm7,1vg9307,Classic-Delivery3875,"20 years and never shared any accounts. We split bills 50/50, kid expenses split, tuition he pays, it works for us. Never has felt like roommates. We like having the autonomy to managed our own stuff. We discuss large purchases but ultimately. He wanted a SXS, he could afford it, he pays for it.",,2026-08-05 21:35:52,https://www.reddit.com/r/relationship_advice/comments/1vg9307/comment/p1xumm7/,,,,,,sentiment
情感类社区,r/relationship_advice,p1xulaz,1vgji8m,Hello_Hello_Hello_Hi,"They're not abusive, and they're not bad people. I think it's just a lot of undealt with emotions and stuff. My sister doesn't need out, she will be able to go to college in under a year. I know it sounds bad based off my post, but my parents really aren't like terrible, this is just a really rough patch. I also think my mom is mildly sexist and while she wouldn't listen to my sister, might listen to me saying it as the oldest son. My dad also has done a lot recently and become a better person so I trust he would protect my sister and really try because I know he deeply loves and cares about his kids and is just kinda oblivious to all this.",,2026-08-05 21:35:41,https://www.reddit.com/r/relationship_advice/comments/1vgji8m/comment/p1xulaz/,,,,,,sentiment
情感类社区,r/relationship_advice,p1xujxs,1vg6gjo,MaryContrary26,"Of course everyone on Reddit is telling you divorce. But let's look at the reality of divorcing with young kids. You'll spend a considerable amount for the divorce itself even if it's mediation, you'll each need your own home which is expensive, there may be spousal support involved, definitely child support. You will lose half the time with your kids. You will lose control over how they are raised. When he finds someone else, which he will, you will lose control over who parents him and the step siblings they will be raised with. You won't be able to move out of state or even travel abroad with then unless he approves it. So I would think long and hard about any way you can save this marriage with the man you chose to have children with, even knowing what you knew.",,2026-08-05 21:35:30,https://www.reddit.com/r/relationship_advice/comments/1vg6gjo/comment/p1xujxs/,,,,,,sentiment
情感类社区,r/relationship_advice,p1xuitp,1vgcrc6,allycort,Damn she hid her post history,,2026-08-05 21:35:21,https://www.reddit.com/r/relationship_advice/comments/1vgcrc6/comment/p1xuitp/,,,,,,sentiment
情感类社区,r/relationship_advice,p1xuifs,1vg2zee,Trick-Avocado7914,Why the need to comment?,,2026-08-05 21:35:18,https://www.reddit.com/r/relationship_advice/comments/1vg2zee/comment/p1xuifs/,,,,,,sentiment
情感类社区,r/relationship_advice,p1xuewc,1vgicy8,BrilliantValuable937,"There were 3 searches. The restaurant he went to that night, our home address, and an address I didn't recognize. I asked about the address I didn't recognize out of curiosity. And yes they absolutely are listed chronologically, you can look it up yourself on your own Google Maps now. I didn't figure out whose house it was, he told me. Listen if you have nothing productive to add and you're just going to attack me you can always save yourself the unnecessary migraine and take a chill pill. You're projecting and being unreasonably hostile",,2026-08-05 21:34:50,https://www.reddit.com/r/relationship_advice/comments/1vgicy8/comment/p1xuewc/,,,,,,sentiment
情感类社区,r/relationship_advice,p1xubna,1vgiinh,Common_Try8257,"Sounds like she has serious issues with intimacy. You can try to support her to fix herself, but ultimately it has to come from her. No doubt she can't help the way she feels, but neither can you.  Whether you realise it or not, there's an ultimatum at work here. One of you will have to back down or end the relationship.",,2026-08-05 21:34:25,https://www.reddit.com/r/relationship_advice/comments/1vgiinh/comment/p1xubna/,,,,,,sentiment
情感类社区,r/relationship_advice,p1xuawy,1vgj8xw,darklingdawns,"Why do you want to keep this relationship?!? After typing all that out and seeing it in black and white, what has you wanting to stay with this particular person above all the others that are out there?",,2026-08-05 21:34:19,https://www.reddit.com/r/relationship_advice/comments/1vgj8xw/comment/p1xuawy/,,,,,,sentiment
情感类社区,r/relationship_advice,p1xuayd,1vg9307,mntlover,Our finances are separate but we were old and they started that way. First marriage tried the one account it didn't work she SAS horrible with money so ended up separating it but still ended up giving her money all the time because she was stupid or just didn't care. 2nd marriage could do combined but just haven't second wife is so much better in every aspect including money.,,2026-08-05 21:34:19,https://www.reddit.com/r/relationship_advice/comments/1vg9307/comment/p1xuayd/,,,,,,sentiment
情感类社区,r/relationship_advice,p1xu9vp,1vg276b,OnlineTravesty,High risk high reward. You gave it a shot at least.,,2026-08-05 21:34:10,https://www.reddit.com/r/relationship_advice/comments/1vg276b/comment/p1xu9vp/,,,,,,sentiment
情感类社区,r/relationship_advice,p1xu8p7,1vgcrc6,spoiled__princess,Sad that he has a daughter now. Sigh.,,2026-08-05 21:34:01,https://www.reddit.com/r/relationship_advice/comments/1vgcrc6/comment/p1xu8p7/,,,,,,sentiment
情感类社区,r/relationship_advice,p1xu4eh,1vg8f5y,EchidnaEquivalent858,"I think there's more going on here than what you want to believe.  Firstly, the massage therapist is supposed to be helping her, not the other way around. He has stepped over the line in a big way and is guilty of professional misconduct. There was also probably a little more touching than what she is telling you too.  The fact that she went off about your ""insecurities"" about him unprovoked makes me believe she is trying to swing it back around to you so you don't keep questioning her.  Good luck. I hope it works out well.",,2026-08-05 21:33:27,https://www.reddit.com/r/relationship_advice/comments/1vg8f5y/comment/p1xu4eh/,,,,,,sentiment
情感类社区,r/relationship_advice,p1xu3g5,1vg9307,MsVass,"We have everything shared, one bank account and a shared credit card and shared savings (like your parents) works great for us. The only difference is we each have 1 savings account with a different bank each to the rest of everything that just 24/7 has 10k sitting in our own savings account for emergencies or if things go terrible and need secret run away money",,2026-08-05 21:33:20,https://www.reddit.com/r/relationship_advice/comments/1vg9307/comment/p1xu3g5/,,,,,,sentiment
情感类社区,r/relationship_advice,p1xu0tq,1vgiwe7,IThinkImDumb,"Oh no I'm PISSED he said yes and then flaked. I'm just saying that other than that, he's not a bad guy and he has his life together. The camper he has is nice, we would take it to the lake a few times. But it's been so hot here and he was telling me he underestimated how unpleasant it would be before planning to spend the break in it lol",,2026-08-05 21:33:00,https://www.reddit.com/r/relationship_advice/comments/1vgiwe7/comment/p1xu0tq/,,,,,,sentiment
情感类社区,r/relationship_advice,p1xtzog,1vgk94j,No_Initial_5939,"Got it, you're right. I would love for a guy to be consistent and caring like I am. One day - fingers crossed!",,2026-08-05 21:32:50,https://www.reddit.com/r/relationship_advice/comments/1vgk94j/comment/p1xtzog/,,,,,,sentiment
情感类社区,r/relationship_advice,p1xtzjd,1vg9zoy,Becoolorgtfo512,You're not even married and she has your nuts so thoroughly removed from your body that you forgot you had them to begin with.,,2026-08-05 21:32:49,https://www.reddit.com/r/relationship_advice/comments/1vg9zoy/comment/p1xtzjd/,,,,,,sentiment
情感类社区,r/relationship_advice,p1xtzdf,1vfua91,MichaelAndolini_,You literally post on Reddit about Porn non stop and comment on Porn  I'll take my advice from someone else...,,2026-08-05 21:32:48,https://www.reddit.com/r/relationship_advice/comments/1vfua91/comment/p1xtzdf/,,,,,,sentiment
情感类社区,r/relationship_advice,p1xtz1o,1vgk8s1,MaoShinu,"She is definitely going full throttle. Either she is really into you, or she is trying to seduce you for one reason or another. Very balant from how you wrote your post.",,2026-08-05 21:32:45,https://www.reddit.com/r/relationship_advice/comments/1vgk8s1/comment/p1xtz1o/,,,,,,sentiment
情感类社区,r/relationship_advice,p1xtygj,1vgijgc,Illustrious-Gap-1405,I am trying to provide some context by recounting some examples of abuse. I am asking for advice on how to handle the situation going forward.,,2026-08-05 21:32:40,https://www.reddit.com/r/relationship_advice/comments/1vgijgc/comment/p1xtygj/,,,,,,sentiment
情感类社区,r/relationship_advice,p1xty4w,1vgg035,Beautyineverything97,yuck he sucks,,2026-08-05 21:32:38,https://www.reddit.com/r/relationship_advice/comments/1vgg035/comment/p1xty4w/,,,,,,sentiment
情感类社区,r/relationship_advice,p1xty20,1vg9307,Solid_Appearance9498,Good point to bring up! I would definitely want my name on the title,,2026-08-05 21:32:37,https://www.reddit.com/r/relationship_advice/comments/1vg9307/comment/p1xty20/,,,,,,sentiment
情感类社区,r/relationship_advice,p1xtxs6,1vgkhbl,Active-Arachnid-2124,"""Flowers, dates, physical touch, chivalry, all things that have kind of died down since we've become comfortable.""  What does a date look like to you? Is it it going on a walk? Like, what are actions that you know this person is putting effort to prioritize you?  How about also planning stuff together? e.g. you can bring up ""hey I noticed that you like xyz wanna do that together.""  You can also bring up ""I noticed that we've become kinda comfortable and I want to spice things up again. I have some ideas on what we could do, but I also wanna have your opinion so we can do something together.""  No one can read minds tbh. Maybe there are things you are doing that he misses but you two aren't talking about it.",,2026-08-05 21:32:35,https://www.reddit.com/r/relationship_advice/comments/1vgkhbl/comment/p1xtxs6/,,,,,,sentiment
情感类社区,r/relationship_advice,p1xtxtd,1vgkhbl,Sorry-Mood-5107,You say you always got those feelings before; how did ur husband respond previously when you brought up those issues in the past?,,2026-08-05 21:32:35,https://www.reddit.com/r/relationship_advice/comments/1vgkhbl/comment/p1xtxtd/,,,,,,sentiment
情感类社区,r/relationship_advice,p1xtwwa,1vgi7lr,TacoStrong,"Did I miss something? What ""other partners"" are going? I read about one rando that one woman is bringing along probably because they are in the honeymoon phase of the relationship. I still see it as a girls trip if only 1 woman is bringing her new BF along.",,2026-08-05 21:32:28,https://www.reddit.com/r/relationship_advice/comments/1vgi7lr/comment/p1xtwwa/,,,,,,sentiment
情感类社区,r/relationship_advice,p1xtwmr,1vgkcwy,BbBonko,"The fewer reasons you give the better because each one will be an invitation to debate, but it just is what it is. Remember that you're giving a speech, not having a conversation.",,2026-08-05 21:32:25,https://www.reddit.com/r/relationship_advice/comments/1vgkcwy/comment/p1xtwmr/,,,,,,sentiment
情感类社区,r/relationship_advice,p1xtvjl,1vgkhbl,azzole77,"I'm sorry you are in this situation. First, are you on medication for the BPD? Does he try to romance you without making sex obvious? Can you guys sit and snuggle on the couch and watch a movie or can you ask him to give you a back rub? Why would you want to marry him when you have these issues? Are you in love with the fantasy of what it was or could be? You said ""we aren't very serious people, so sex isn't really ... sexy or interesting"". Can you elaborate a little more?",,2026-08-05 21:32:17,https://www.reddit.com/r/relationship_advice/comments/1vgkhbl/comment/p1xtvjl/,,,,,,sentiment
情感类社区,r/relationship_advice,p1xtv9d,1vgkcwy,Accurate-Battle-1876,thank you !,,2026-08-05 21:32:15,https://www.reddit.com/r/relationship_advice/comments/1vgkcwy/comment/p1xtv9d/,,,,,,sentiment
情感类社区,r/relationship_advice,p1xtu5f,1vgk94j,No_Initial_5939,"Okay, understood. Thank you!",,2026-08-05 21:32:06,https://www.reddit.com/r/relationship_advice/comments/1vgk94j/comment/p1xtu5f/,,,,,,sentiment
情感类社区,r/relationship_advice,p1xtu35,1vgh1ib,Iamkaumbi,Thanks.,,2026-08-05 21:32:05,https://www.reddit.com/r/relationship_advice/comments/1vgh1ib/comment/p1xtu35/,,,,,,sentiment
情感类社区,r/relationship_advice,p1xtrjv,1vgkcwy,darklingdawns,"Let him know that the relationship is no longer working for you and you're ending it. Don't get drawn into a discussion about reasons or a litany of what's been going on. Be as kind and compassionate as possible when you talk to him, but be clear and firm that it's over. Make a clean break with him, block him from your phone and social media afterwards, and give yourself time to grieve the loss of the relationship, then work on moving forward in a healthy manner.",,2026-08-05 21:31:45,https://www.reddit.com/r/relationship_advice/comments/1vgkcwy/comment/p1xtrjv/,,,,,,sentiment
情感类社区,r/relationship_advice,p1xtrk1,1vg8vda,cassowary32,So it started with reproduction coercion then moved on to financial abuse? You need to call a DV hotline and make real plans to leave.,,2026-08-05 21:31:45,https://www.reddit.com/r/relationship_advice/comments/1vg8vda/comment/p1xtrk1/,,,,,,sentiment
情感类社区,r/relationship_advice,p1xtquz,1vgk94j,No_Initial_5939,"Would you go on holiday with girls and like touch their waist (same holiday girls) or follow a bunch of OnlyFans models on insta?  I get it tbh and I wish them well but nothing happened for him to go from messaging me every day to now acting like I'm invisible. I just wish he hadn't been so dismissive and rude in public to me. I feel like it could've been handled so much better given the entire time I was away he would stay in touch, when I got back he was staying in touch with ""happy day one"" ""how did it go"" ""how are you feeling"" etc.",,2026-08-05 21:31:40,https://www.reddit.com/r/relationship_advice/comments/1vgk94j/comment/p1xtquz/,,,,,,sentiment
情感类社区,r/relationship_advice,p1xtq7l,1vgk8s1,bUssy_aNd_VOOdka,Sounds like she's interested in you. If the feeling isn't the same then I recommend you nip this in the bud asap,,2026-08-05 21:31:35,https://www.reddit.com/r/relationship_advice/comments/1vgk8s1/comment/p1xtq7l/,,,,,,sentiment
情感类社区,r/relationship_advice,p1xtosv,1vgi7lr,BigMann6950,Talk to your wife and ask why other partners are invited but your not.See what she has to say.If she deliberately left you out then she has a problem.,,2026-08-05 21:31:24,https://www.reddit.com/r/relationship_advice/comments/1vgi7lr/comment/p1xtosv/,,,,,,sentiment
情感类社区,r/relationship_advice,p1xtodu,1vgcrc6,carlitospig,🤢,,2026-08-05 21:31:20,https://www.reddit.com/r/relationship_advice/comments/1vgcrc6/comment/p1xtodu/,,,,,,sentiment
情感类社区,r/relationship_advice,p1xtn6g,1vgi8a1,kyskat,"So you - came to an agreement with a current romantic partner about not pursuing the attention of someone you carried a flame for, ""forgot"" because you're more addicted to this friend than being respectful of your romantic partner, and want her to hear now that the consequences for your behavior aren't fun for you? Why in the world would some woman want to connect with you when she's clearly very low on the totem pole of concerns for you, below ""hey, we're in agreement you're dropping this? Oh wait, never mind, you FORGOT.""  Your feelings matter, but you get to address them after you've recovered from the garbage thing you did, not as a method of deflecting",,2026-08-05 21:31:11,https://www.reddit.com/r/relationship_advice/comments/1vgi8a1/comment/p1xtn6g/,,,,,,sentiment
情感类社区,r/relationship_advice,p1xtma3,1vgb5ga,W1ldy0uth,"It's great and all to want to believe people can change, but at the same time, we're wired to recognize patterns and make decisions based on said patterns.",,2026-08-05 21:31:04,https://www.reddit.com/r/relationship_advice/comments/1vgb5ga/comment/p1xtma3/,,,,,,sentiment
情感类社区,r/relationship_advice,p1xtlq5,1vga24a,cinnabon_farmer,"Yeah I've gained the reputation of being ""too defensive"" and ""sensitive."" But it's like you said, if they have opinions so do I.",,2026-08-05 21:30:59,https://www.reddit.com/r/relationship_advice/comments/1vga24a/comment/p1xtlq5/,,,,,,sentiment
情感类社区,r/relationship_advice,p1xtl3z,1u2nwdm,Prestigious-Tree-811,Look at it from his perspective how would you go about dating if you had that,,2026-08-05 21:30:55,https://www.reddit.com/r/relationship_advice/comments/1u2nwdm/comment/p1xtl3z/,,,,,,sentiment
情感类社区,r/relationship_advice,p1xtjns,1vgahat,Apprehensive-Pop-201,"Could be. It's all internet supposition without meeting her. Either way, she sounds like a nasty piece of work",,2026-08-05 21:30:44,https://www.reddit.com/r/relationship_advice/comments/1vgahat/comment/p1xtjns/,,,,,,sentiment
情感类社区,r/relationship_advice,p1xtjqb,1vgcrc6,carlitospig,"Have you never heard the saying that people divorce over how they load the dishwasher? This is a pretty benign ism in the grand scheme of things. I would just gently ask him how he prefers it done and why (the logic of the why may surprise you), and go from there.",,2026-08-05 21:30:44,https://www.reddit.com/r/relationship_advice/comments/1vgcrc6/comment/p1xtjqb/,,,,,,sentiment
情感类社区,r/relationship_advice,p1xtik1,1vgahat,oneway-street54,The op is clearly not trying to maintain a close relationship with her sister and yeas she can keep important information from her the sister is not entitled to know everything about op's life no one is,,2026-08-05 21:30:35,https://www.reddit.com/r/relationship_advice/comments/1vgahat/comment/p1xtik1/,,,,,,sentiment
情感类社区,r/relationship_advice,p1xthl4,1vg276b,TallDarkandWTF,"I'm having flashbacks to my last relationship- her mad that I *wasn't* pissed at guys buying her drinks or hitting on her, mad that I *was* pissed at guys hitting on her or her *asking* other men to buy her drinks...",,2026-08-05 21:30:27,https://www.reddit.com/r/relationship_advice/comments/1vg276b/comment/p1xthl4/,,,,,,sentiment
情感类社区,r/sex,p1xn6n1,1vg8pjm,Time_to_go_viking,He doesn't do oral? Then you also don't do oral.,,2026-08-05 21:01:03,https://www.reddit.com/r/sex/comments/1vg8pjm/comment/p1xn6n1/,,,,,,sentiment
情感类社区,r/sex,p1xmxo1,1vgj6ji,shortgreybeard,"Relax and enjoy. Verbal encouragement is certainly welcome. Subtle guidance is helpful.... ""harder, softer, faster, slower, this way, that way.... At least it works for me.",,2026-08-05 20:59:56,https://www.reddit.com/r/sex/comments/1vgj6ji/comment/p1xmxo1/,,,,,,sentiment
情感类社区,r/sex,p1xmbna,1vgj6ji,chiguy2,I love when a girl runs her hands through my hair while I'm eating her out,,2026-08-05 20:57:10,https://www.reddit.com/r/sex/comments/1vgj6ji/comment/p1xmbna/,,,,,,sentiment
情感类社区,r/sex,p1xm9sw,1vgj6ji,NomosAlpha,"If you're enjoying it just go with it and gently move your body into him when he does something you like.  If you're not enjoying it, there's nothing sexier for myself as a guy than being told ""hey slow down"" or ""hey it's so good when you do this or that etc"".  Try not to over think it and try and focus on each other's pleasure in a way that makes you both feel involved and lacking shame.  He probably wouldn't be there if he didn't like it so just gently guide him and teach him what you like.",,2026-08-05 20:56:56,https://www.reddit.com/r/sex/comments/1vgj6ji/comment/p1xm9sw/,,,,,,sentiment
情感类社区,r/sex,p1xm8rh,1vgj6ji,LanikaiKid,"1. Enjoy it.  2. Give positive feedback is it's good.  3. Use your words to give improvement feedback if needed (faster, slower, higher, more sucking, etc).",,2026-08-05 20:56:48,https://www.reddit.com/r/sex/comments/1vgj6ji/comment/p1xm8rh/,,,,,,sentiment
情感类社区,r/sex,p1xlyth,1vfw33v,no-one-special-here,"Adding to what other people have said, don't expect to cum during sex if you've only once been able to do it so far. It's possible, but highly unlikely to happen on these two occasions. You're already nervous enough, no need to add another thing to worry about. You can always masturbate afterwards to the hot memories. That said, you can try rubbing your clit, touching your boobs or other body parts during sex or a bj. People often assume that having sex means only touching each other. It does not!  Also, don't worry that much about being a ""perfect"" kisser, giving the ""perfect"" bj or whatnot. You're 18 and have only had one sexual relationship before, they're not expecting porn star moves. Enthusiasm and chemistry is really what makes great sex. I feel like you're thinking of sex as a performance for them, when really you should think of it as a human connection (albeit the first one will be brief).  And please don't worry about ""keeping up"" with dirty talk. Dirty talk can be quite asymmetrical, you don't have to ""match"" him at all. Over text you can just respond with ""damn, that's hot"" or ""can't wait to find out"" and in person you can speak with actions rather than words. Again, human connection over performance!  As much as I wanna tell you to just enjoy and not worry about it, I know you can't just make yourself not nervous. But you know what, that's just life! You're gonna be nervous when you're new to situations and you'll grow from them, whether they turn out good or bad. That's the beauty about real sex, that you're both real people with real emotions and not sex robots. Now be safe and enjoy!",,2026-08-05 20:55:34,https://www.reddit.com/r/sex/comments/1vfw33v/comment/p1xlyth/,,,,,,sentiment
情感类社区,r/sex,p1xlrxa,1vgj6ji,voodoomu,"Stroke his dick if you're in that position. Rub his head and tell him how much you love it. If you're just laying there not moaning, not saying anything, not touching him, then he probably going to quit soon",,2026-08-05 20:54:42,https://www.reddit.com/r/sex/comments/1vgj6ji/comment/p1xlrxa/,,,,,,sentiment
情感类社区,r/sex,p1xlhnw,1vgj6ji,FTWm_In_Need,Squeeze his head between your thighs...,,2026-08-05 20:53:26,https://www.reddit.com/r/sex/comments/1vgj6ji/comment/p1xlhnw/,,,,,,sentiment
情感类社区,r/sex,p1xleue,1vgh95x,BandPretty6349,"I'd start with your relationship to your own body and pleasure. When you self-pleasure, are you present with sensation, or still judging your body, wondering if you're normal, or trying to perform?  Whatever happens there often follows us into partnered sex. The more you practice giving yourself slow, non-goal-oriented pleasure without criticism, the easier it may become to receive his affection and stay present with him. And having your first orgasm with him, vibrator included, is already a beautiful sign that your body is beginning to feel safe.",,2026-08-05 20:53:05,https://www.reddit.com/r/sex/comments/1vgh95x/comment/p1xleue/,,,,,,sentiment
情感类社区,r/sex,p1xlep3,1vggkye,Spoonwastakenalready,If it's because his tongue hurts. Then tell him to move his head in rhythm. It helps a lot,,2026-08-05 20:53:04,https://www.reddit.com/r/sex/comments/1vggkye/comment/p1xlep3/,,,,,,sentiment
情感类社区,r/sex,p1xl9zx,1vgj6ji,TA4SexQuestions,Lay back and enjoy and if something feels good make sure he knows it!,,2026-08-05 20:52:29,https://www.reddit.com/r/sex/comments/1vgj6ji/comment/p1xl9zx/,,,,,,sentiment
情感类社区,r/sex,p1xl7u5,1vf1ahz,One_Personality8662,"honey, if he truly cared he wouldn't leave you. he was probably just acting weird because he was concerned for you. my now fiance and i were having sex in the shower and i was bent over for too long and hadn't eaten in a minute. i was on the brink of collapsing and passing out and he settled me onto the floor of the bathroom and hurriedly got out of the shower himself and got my something to eat. i felt incredibly embarrassed just like you and things were a little odd after, but because it was a freak thing that happened and he was concerned for my well being. if something like this makes him run, he isn't the man for you",,2026-08-05 20:52:12,https://www.reddit.com/r/sex/comments/1vf1ahz/comment/p1xl7u5/,,,,,,sentiment
情感类社区,r/sex,p1xl79g,1vc85m1,GuadalupeRiverBass,No remedy. Just find a man who considers that a sign of a job well done,,2026-08-05 20:52:08,https://www.reddit.com/r/sex/comments/1vc85m1/comment/p1xl79g/,,,,,,sentiment
情感类社区,r/sex,p1xl39e,1vgh95x,SquareCareless7676,"Please be honest and open him about your issue and history, i am sure he will understand and support you in this, and please keep in mind, this goes both ways, dont be afraid to tell him what you think of him as well, i guess you are in love in him as well 🥰❤️ Love from Norway 🥰",,2026-08-05 20:51:38,https://www.reddit.com/r/sex/comments/1vgh95x/comment/p1xl39e/,,,,,,sentiment
情感类社区,r/sex,p1xkvwk,1vgj6ji,Spoonwastakenalready,Enjoy it. Do give his head a nice hug with your thighs. Maybe writhe and moan a bit when it feels good,,2026-08-05 20:50:43,https://www.reddit.com/r/sex/comments/1vgj6ji/comment/p1xkvwk/,,,,,,sentiment
情感类社区,r/sex,p1xkr5d,1vgj6ji,MrsHyde2810,Touch his hair Or arms. Moan Play with your boobs,,2026-08-05 20:50:07,https://www.reddit.com/r/sex/comments/1vgj6ji/comment/p1xkr5d/,,,,,,sentiment
情感类社区,r/sex,p1xkqbh,1vggkye,Fearless-Adeptness61,Is he using his mouth *and* his hands? That will help with the fatigue.  Mouth + hands + toys is also nice.,,2026-08-05 20:50:01,https://www.reddit.com/r/sex/comments/1vggkye/comment/p1xkqbh/,,,,,,sentiment
情感类社区,r/sex,p1xknhr,1vgj6ji,slvstrChung,"Mostly, just lay back and enjoy. Outside of 69, oral sex is and is understood to be one-way.",,2026-08-05 20:49:40,https://www.reddit.com/r/sex/comments/1vgj6ji/comment/p1xknhr/,,,,,,sentiment
情感类社区,r/sex,p1xkhnp,1vf1ahz,fleetofthephantom16,"I'm also a 28f and while I didn't pass out during, I did have a medical emergency (had a mini stroke) a week before having sex with someone I had slept with a few times beforehand. When I got up to go the bathroom, my whole left side went numb (felt like a lightning bolt)before it went away. Understandably, I was throughly freaked out, and I told him what had happened and he really didn't know what to do either. He kind of just held me for a while as I tried to not panic, and he asked me if I wanted him to leave. The vibe has been off since then tbh, but this was also us ""reconnecting"" after I had told him I wasn't interested, so that's probably the main factor. I'm sure whoever he was for you was also just freaked out and unsure how to handle the situation—just think about how you'd handle it if it happened to you instead. If you really like him, just be upfront about how you feel about the whole thing and hopefully he's responsive!",,2026-08-05 20:48:57,https://www.reddit.com/r/sex/comments/1vf1ahz/comment/p1xkhnp/,,,,,,sentiment
情感类社区,r/sex,p1xkgig,1vgj6ji,Curiasjoe1,Lightly hold his head and caress his hair he will go wild.,,2026-08-05 20:48:48,https://www.reddit.com/r/sex/comments/1vgj6ji/comment/p1xkgig/,,,,,,sentiment
情感类社区,r/sex,p1xke8e,1vgj6ji,ShameMysterious6101,I just tell my wife to lay back and enjoy it. No need to do anything. Let me dine.,,2026-08-05 20:48:31,https://www.reddit.com/r/sex/comments/1vgj6ji/comment/p1xke8e/,,,,,,sentiment
情感类社区,r/sex,p1xk4l7,1vgj6ji,compellinglymediocre,"Make noise when it feels good. Maybe scratch his scalp, clamp his head with your thighs",,2026-08-05 20:47:21,https://www.reddit.com/r/sex/comments/1vgj6ji/comment/p1xk4l7/,,,,,,sentiment
情感类社区,r/sex,p1xjvta,1vgj6ji,MaximumSeats,"Enjoying it?  Lay back and be into it, probably all he wants.",,2026-08-05 20:46:16,https://www.reddit.com/r/sex/comments/1vgj6ji/comment/p1xjvta/,,,,,,sentiment
情感类社区,r/sex,p1xjrl3,1vfwzc6,voodoomu,Well some people are into that kinky shit. But to just bust it out like that is wild. Yall need to talk about it. If its obviously fucked up you enough to make a reddit post about it then you need to talk to the person who said it. Maybe she's into dirty raunchy talk and just didn't think about it before she said it.,,2026-08-05 20:45:44,https://www.reddit.com/r/sex/comments/1vfwzc6/comment/p1xjrl3/,,,,,,sentiment
情感类社区,r/sex,p1xiw7x,1vg8pjm,Dramatic-Work3717,"Lmao my girlfriend disagrees, she gets multiple without foreplay and usually prefers not to have the foreplay and a drop of line to get started. I'm pretty good with my hands and mouth ngl. There is no correct way dude everyone's different",,2026-08-05 20:41:52,https://www.reddit.com/r/sex/comments/1vg8pjm/comment/p1xiw7x/,,,,,,sentiment
情感类社区,r/sex,p1xiteh,1vgh95x,Spacejam_Forfait2873,"I know it will take time, however, I am very very committed to making this beautiful thing work and it starts with me. I hate that I have trauma that was caused by someone else and that my partner is noticing it and picking it up",,2026-08-05 20:41:30,https://www.reddit.com/r/sex/comments/1vgh95x/comment/p1xiteh/,,,,,,sentiment
情感类社区,r/sex,p1xihgc,1vgh95x,Spacejam_Forfait2873,"This is making me tear up! Iv'e never been seen this way by anyone before, this is the first time! 🥰🥰",,2026-08-05 20:40:00,https://www.reddit.com/r/sex/comments/1vgh95x/comment/p1xihgc/,,,,,,sentiment
情感类社区,r/sex,p1xid8v,1vgh95x,Spacejam_Forfait2873,"I have thought of this, and I am sooooo incredibly determined to work this out. He is extremely sweet and supportive and he reads me like a book. I don't have a fear of being honest with this man at all",,2026-08-05 20:39:29,https://www.reddit.com/r/sex/comments/1vgh95x/comment/p1xid8v/,,,,,,sentiment
情感类社区,r/sex,p1xhupl,1vggkye,TheDirtyDog41,"Sounds like he might lack the motivation to become a giving/good lover. His tongue might get tired, but most men would suck or blow on the clit while they ""recovered"" and then go back to licking. There is also a bullet, or small rabbit vibrator could be used in the interlude. Heck, just a wet finger massaging the clit while he talks dirty to you. My guess is most guys aren't going to give him a pass.  I am sure this has nothing to do with your hygiene and more to do with his willingness to please others.",,2026-08-05 20:37:09,https://www.reddit.com/r/sex/comments/1vggkye/comment/p1xhupl/,,,,,,sentiment
情感类社区,r/sex,p1xhkqy,1vfvi7v,tiffibean13,It's the only place I order from. I have been for like 10 years. It's the best!,,2026-08-05 20:35:54,https://www.reddit.com/r/sex/comments/1vfvi7v/comment/p1xhkqy/,,,,,,sentiment
情感类社区,r/sex,p1xh4k9,1vgh95x,EventHorizonHotel,"That's good, you just need to keep the lines of communication open then. If I were in your shoes I'd want to be sure I did everything I could to hold onto the relationship while you work on yourself. Like I don't even want to mention it and not saying it will happen but my biggest fear would be that he loses patience and gives up - so that is important to focus on as well.",,2026-08-05 20:33:54,https://www.reddit.com/r/sex/comments/1vgh95x/comment/p1xh4k9/,,,,,,sentiment
